/Users/linmuyi/code/TransformerDynamics/export/verification/trained_head_flow.py:157: RuntimeWarning: divide by zero encountered in matmul
  lam, w = np.linalg.eig(Vc @ Vb)
/Users/linmuyi/code/TransformerDynamics/export/verification/trained_head_flow.py:157: RuntimeWarning: overflow encountered in matmul
  lam, w = np.linalg.eig(Vc @ Vb)
/Users/linmuyi/code/TransformerDynamics/export/verification/trained_head_flow.py:157: RuntimeWarning: invalid value encountered in matmul
  lam, w = np.linalg.eig(Vc @ Vb)
/Users/linmuyi/code/TransformerDynamics/export/verification/trained_head_flow.py:157: RuntimeWarning: divide by zero encountered in matmul
  lam, w = np.linalg.eig(Vc @ Vb)
/Users/linmuyi/code/TransformerDynamics/export/verification/trained_head_flow.py:157: RuntimeWarning: overflow encountered in matmul
  lam, w = np.linalg.eig(Vc @ Vb)
/Users/linmuyi/code/TransformerDynamics/export/verification/trained_head_flow.py:157: RuntimeWarning: invalid value encountered in matmul
  lam, w = np.linalg.eig(Vc @ Vb)
/Users/linmuyi/code/TransformerDynamics/export/verification/trained_head_flow.py:159: RuntimeWarning: divide by zero encountered in matmul
  u = Vb @ w[:, i]
/Users/linmuyi/code/TransformerDynamics/export/verification/trained_head_flow.py:159: RuntimeWarning: overflow encountered in matmul
  u = Vb @ w[:, i]
/Users/linmuyi/code/TransformerDynamics/export/verification/trained_head_flow.py:159: RuntimeWarning: invalid value encountered in matmul
  u = Vb @ w[:, i]
/Users/linmuyi/code/TransformerDynamics/export/verification/trained_head_flow.py:159: RuntimeWarning: divide by zero encountered in matmul
  u = Vb @ w[:, i]
/Users/linmuyi/code/TransformerDynamics/export/verification/trained_head_flow.py:159: RuntimeWarning: overflow encountered in matmul
  u = Vb @ w[:, i]
/Users/linmuyi/code/TransformerDynamics/export/verification/trained_head_flow.py:159: RuntimeWarning: invalid value encountered in matmul
  u = Vb @ w[:, i]
/Users/linmuyi/code/TransformerDynamics/export/verification/trained_head_flow.py:157: RuntimeWarning: divide by zero encountered in matmul
  lam, w = np.linalg.eig(Vc @ Vb)
/Users/linmuyi/code/TransformerDynamics/export/verification/trained_head_flow.py:157: RuntimeWarning: overflow encountered in matmul
  lam, w = np.linalg.eig(Vc @ Vb)
/Users/linmuyi/code/TransformerDynamics/export/verification/trained_head_flow.py:157: RuntimeWarning: invalid value encountered in matmul
  lam, w = np.linalg.eig(Vc @ Vb)
/Users/linmuyi/code/TransformerDynamics/export/verification/trained_head_flow.py:157: RuntimeWarning: divide by zero encountered in matmul
  lam, w = np.linalg.eig(Vc @ Vb)
/Users/linmuyi/code/TransformerDynamics/export/verification/trained_head_flow.py:157: RuntimeWarning: overflow encountered in matmul
  lam, w = np.linalg.eig(Vc @ Vb)
/Users/linmuyi/code/TransformerDynamics/export/verification/trained_head_flow.py:157: RuntimeWarning: invalid value encountered in matmul
  lam, w = np.linalg.eig(Vc @ Vb)
/Users/linmuyi/code/TransformerDynamics/export/verification/trained_head_flow.py:159: RuntimeWarning: divide by zero encountered in matmul
  u = Vb @ w[:, i]
/Users/linmuyi/code/TransformerDynamics/export/verification/trained_head_flow.py:159: RuntimeWarning: overflow encountered in matmul
  u = Vb @ w[:, i]
/Users/linmuyi/code/TransformerDynamics/export/verification/trained_head_flow.py:159: RuntimeWarning: invalid value encountered in matmul
  u = Vb @ w[:, i]
/Users/linmuyi/code/TransformerDynamics/export/verification/trained_head_flow.py:159: RuntimeWarning: divide by zero encountered in matmul
  u = Vb @ w[:, i]
/Users/linmuyi/code/TransformerDynamics/export/verification/trained_head_flow.py:159: RuntimeWarning: overflow encountered in matmul
  u = Vb @ w[:, i]
/Users/linmuyi/code/TransformerDynamics/export/verification/trained_head_flow.py:159: RuntimeWarning: invalid value encountered in matmul
  u = Vb @ w[:, i]
/Users/linmuyi/code/TransformerDynamics/export/verification/trained_head_flow.py:192: RuntimeWarning: divide by zero encountered in matmul
  Vx = (X @ f[3].T) @ f[2].T
/Users/linmuyi/code/TransformerDynamics/export/verification/trained_head_flow.py:192: RuntimeWarning: overflow encountered in matmul
  Vx = (X @ f[3].T) @ f[2].T
/Users/linmuyi/code/TransformerDynamics/export/verification/trained_head_flow.py:192: RuntimeWarning: invalid value encountered in matmul
  Vx = (X @ f[3].T) @ f[2].T
/Users/linmuyi/code/TransformerDynamics/export/verification/trained_head_flow.py:196: RuntimeWarning: divide by zero encountered in matmul
  align_top=float(np.median(np.linalg.norm(X @ Q, axis=1))),
/Users/linmuyi/code/TransformerDynamics/export/verification/trained_head_flow.py:196: RuntimeWarning: overflow encountered in matmul
  align_top=float(np.median(np.linalg.norm(X @ Q, axis=1))),
/Users/linmuyi/code/TransformerDynamics/export/verification/trained_head_flow.py:196: RuntimeWarning: invalid value encountered in matmul
  align_top=float(np.median(np.linalg.norm(X @ Q, axis=1))),
[E7] 1/1728 (11s) gpt2 L0H0 sign=+0.77 symD=0 V=full p=1 steps=2677: speed0=2.21e-02 speedT=6.23e-08 cos=+1.00 k=1 lam_top=+0.25 align=1.00
/Users/linmuyi/code/TransformerDynamics/export/verification/trained_head_flow.py:120: RuntimeWarning: divide by zero encountered in matmul
  lam, w = np.linalg.eigh(r @ Vc @ q)
/Users/linmuyi/code/TransformerDynamics/export/verification/trained_head_flow.py:120: RuntimeWarning: overflow encountered in matmul
  lam, w = np.linalg.eigh(r @ Vc @ q)
/Users/linmuyi/code/TransformerDynamics/export/verification/trained_head_flow.py:120: RuntimeWarning: invalid value encountered in matmul
  lam, w = np.linalg.eigh(r @ Vc @ q)
/Users/linmuyi/code/TransformerDynamics/export/verification/trained_head_flow.py:121: RuntimeWarning: divide by zero encountered in matmul
  lam, w = np.real(lam), q @ w
/Users/linmuyi/code/TransformerDynamics/export/verification/trained_head_flow.py:121: RuntimeWarning: overflow encountered in matmul
  lam, w = np.real(lam), q @ w
/Users/linmuyi/code/TransformerDynamics/export/verification/trained_head_flow.py:121: RuntimeWarning: invalid value encountered in matmul
  lam, w = np.real(lam), q @ w
/Users/linmuyi/code/TransformerDynamics/export/verification/trained_head_flow.py:192: RuntimeWarning: divide by zero encountered in matmul
  Vx = (X @ f[3].T) @ f[2].T
/Users/linmuyi/code/TransformerDynamics/export/verification/trained_head_flow.py:192: RuntimeWarning: overflow encountered in matmul
  Vx = (X @ f[3].T) @ f[2].T
/Users/linmuyi/code/TransformerDynamics/export/verification/trained_head_flow.py:192: RuntimeWarning: invalid value encountered in matmul
  Vx = (X @ f[3].T) @ f[2].T
/Users/linmuyi/code/TransformerDynamics/export/verification/trained_head_flow.py:196: RuntimeWarning: divide by zero encountered in matmul
  align_top=float(np.median(np.linalg.norm(X @ Q, axis=1))),
/Users/linmuyi/code/TransformerDynamics/export/verification/trained_head_flow.py:196: RuntimeWarning: overflow encountered in matmul
  align_top=float(np.median(np.linalg.norm(X @ Q, axis=1))),
/Users/linmuyi/code/TransformerDynamics/export/verification/trained_head_flow.py:196: RuntimeWarning: invalid value encountered in matmul
  align_top=float(np.median(np.linalg.norm(X @ Q, axis=1))),
[E7] 2/1728 (12s) gpt2 L0H0 sign=+0.77 symD=0 V=full p=0 steps=2768: speed0=2.19e-02 speedT=5.70e-08 cos=+1.00 k=1 lam_top=+0.25 align=1.00
/Users/linmuyi/code/TransformerDynamics/export/verification/trained_head_flow.py:120: RuntimeWarning: divide by zero encountered in matmul
  lam, w = np.linalg.eigh(r @ Vc @ q)
/Users/linmuyi/code/TransformerDynamics/export/verification/trained_head_flow.py:120: RuntimeWarning: overflow encountered in matmul
  lam, w = np.linalg.eigh(r @ Vc @ q)
/Users/linmuyi/code/TransformerDynamics/export/verification/trained_head_flow.py:120: RuntimeWarning: invalid value encountered in matmul
  lam, w = np.linalg.eigh(r @ Vc @ q)
/Users/linmuyi/code/TransformerDynamics/export/verification/trained_head_flow.py:121: RuntimeWarning: divide by zero encountered in matmul
  lam, w = np.real(lam), q @ w
/Users/linmuyi/code/TransformerDynamics/export/verification/trained_head_flow.py:121: RuntimeWarning: overflow encountered in matmul
  lam, w = np.real(lam), q @ w
/Users/linmuyi/code/TransformerDynamics/export/verification/trained_head_flow.py:121: RuntimeWarning: invalid value encountered in matmul
  lam, w = np.real(lam), q @ w
/Users/linmuyi/code/TransformerDynamics/export/verification/trained_head_flow.py:192: RuntimeWarning: divide by zero encountered in matmul
  Vx = (X @ f[3].T) @ f[2].T
/Users/linmuyi/code/TransformerDynamics/export/verification/trained_head_flow.py:192: RuntimeWarning: overflow encountered in matmul
  Vx = (X @ f[3].T) @ f[2].T
/Users/linmuyi/code/TransformerDynamics/export/verification/trained_head_flow.py:192: RuntimeWarning: invalid value encountered in matmul
  Vx = (X @ f[3].T) @ f[2].T
/Users/linmuyi/code/TransformerDynamics/export/verification/trained_head_flow.py:196: RuntimeWarning: divide by zero encountered in matmul
  align_top=float(np.median(np.linalg.norm(X @ Q, axis=1))),
/Users/linmuyi/code/TransformerDynamics/export/verification/trained_head_flow.py:196: RuntimeWarning: overflow encountered in matmul
  align_top=float(np.median(np.linalg.norm(X @ Q, axis=1))),
/Users/linmuyi/code/TransformerDynamics/export/verification/trained_head_flow.py:196: RuntimeWarning: invalid value encountered in matmul
  align_top=float(np.median(np.linalg.norm(X @ Q, axis=1))),
[E7] 3/1728 (13s) gpt2 L0H0 sign=+0.77 symD=0 V=sym p=1 steps=3298: speed0=4.53e-02 speedT=2.04e-07 cos=+1.00 k=1 lam_top=+0.63 align=1.00
/Users/linmuyi/code/TransformerDynamics/export/verification/trained_head_flow.py:192: RuntimeWarning: divide by zero encountered in matmul
  Vx = (X @ f[3].T) @ f[2].T
/Users/linmuyi/code/TransformerDynamics/export/verification/trained_head_flow.py:192: RuntimeWarning: overflow encountered in matmul
  Vx = (X @ f[3].T) @ f[2].T
/Users/linmuyi/code/TransformerDynamics/export/verification/trained_head_flow.py:192: RuntimeWarning: invalid value encountered in matmul
  Vx = (X @ f[3].T) @ f[2].T
/Users/linmuyi/code/TransformerDynamics/export/verification/trained_head_flow.py:196: RuntimeWarning: divide by zero encountered in matmul
  align_top=float(np.median(np.linalg.norm(X @ Q, axis=1))),
/Users/linmuyi/code/TransformerDynamics/export/verification/trained_head_flow.py:196: RuntimeWarning: overflow encountered in matmul
  align_top=float(np.median(np.linalg.norm(X @ Q, axis=1))),
/Users/linmuyi/code/TransformerDynamics/export/verification/trained_head_flow.py:196: RuntimeWarning: invalid value encountered in matmul
  align_top=float(np.median(np.linalg.norm(X @ Q, axis=1))),
[E7] 4/1728 (13s) gpt2 L0H0 sign=+0.77 symD=0 V=sym p=0 steps=3157: speed0=4.63e-02 speedT=2.48e-07 cos=+1.00 k=1 lam_top=+0.63 align=1.00
[E7] 5/1728 (16s) gpt2 L0H0 sign=+0.77 symD=1 V=full p=1 steps=2880: speed0=2.13e-02 speedT=1.26e-07 cos=+1.00 k=1 lam_top=+0.25 align=1.00
[E7] 6/1728 (16s) gpt2 L0H0 sign=+0.77 symD=1 V=full p=0 steps=2780: speed0=1.91e-02 speedT=1.27e-07 cos=+1.00 k=1 lam_top=+0.25 align=1.00
[E7] 7/1728 (18s) gpt2 L0H0 sign=+0.77 symD=0 V=push p=1 steps=6144: speed0=3.13e-02 speedT=1.58e-07 cos=+0.05 k=2 lam_top=-0.03 align=0.00
[E7] 8/1728 (21s) gpt2 L0H0 sign=+0.77 symD=1 V=sym p=1 steps=3138: speed0=4.51e-02 speedT=2.68e-07 cos=+1.00 k=1 lam_top=+0.63 align=1.00
/Users/linmuyi/code/TransformerDynamics/export/verification/trained_head_flow.py:120: RuntimeWarning: divide by zero encountered in matmul
  lam, w = np.linalg.eigh(r @ Vc @ q)
/Users/linmuyi/code/TransformerDynamics/export/verification/trained_head_flow.py:120: RuntimeWarning: overflow encountered in matmul
  lam, w = np.linalg.eigh(r @ Vc @ q)
/Users/linmuyi/code/TransformerDynamics/export/verification/trained_head_flow.py:120: RuntimeWarning: invalid value encountered in matmul
  lam, w = np.linalg.eigh(r @ Vc @ q)
/Users/linmuyi/code/TransformerDynamics/export/verification/trained_head_flow.py:121: RuntimeWarning: divide by zero encountered in matmul
  lam, w = np.real(lam), q @ w
/Users/linmuyi/code/TransformerDynamics/export/verification/trained_head_flow.py:121: RuntimeWarning: overflow encountered in matmul
  lam, w = np.real(lam), q @ w
/Users/linmuyi/code/TransformerDynamics/export/verification/trained_head_flow.py:121: RuntimeWarning: invalid value encountered in matmul
  lam, w = np.real(lam), q @ w
[E7] 9/1728 (21s) gpt2 L0H0 sign=+0.77 symD=1 V=sym p=0 steps=3085: speed0=4.46e-02 speedT=2.17e-07 cos=+1.00 k=1 lam_top=+0.63 align=1.00
[E7] 10/1728 (24s) gpt2 L0H0 sign=+0.77 symD=1 V=push p=0 steps=5323: speed0=2.87e-02 speedT=8.00e-08 cos=+0.03 k=2 lam_top=-0.03 align=0.00
[E7] 11/1728 (29s) gpt2 L0H0 sign=+0.77 symD=1 V=push p=1 steps=6295: speed0=2.81e-02 speedT=1.00e-07 cos=+0.08 k=2 lam_top=-0.03 align=0.00
[E7] 12/1728 (30s) gpt2 L0H0 sign=+0.77 symD=0 V=push p=0 steps=18283: speed0=3.10e-02 speedT=1.94e-06 cos=+0.08 k=2 lam_top=-0.03 align=0.00
[E7] 13/1728 (43s) gpt2 L0H1 sign=+0.36 symD=0 V=sym p=1 steps=10311: speed0=1.29e-01 speedT=1.93e-07 cos=+0.88 k=2 lam_top=+0.54 align=1.00
[E7] 14/1728 (43s) gpt2 L0H1 sign=+0.36 symD=0 V=sym p=0 steps=11609: speed0=1.29e-01 speedT=1.66e-07 cos=+0.82 k=2 lam_top=+0.54 align=1.00
[E7] 15/1728 (45s) gpt2 L0H1 sign=+0.36 symD=0 V=push p=0 steps=2327: speed0=8.71e-02 speedT=2.32e-06 cos=+0.56 k=61 lam_top=-0.06 align=0.00
[E7] 16/1728 (46s) gpt2 L0H1 sign=+0.36 symD=0 V=push p=1 steps=2327: speed0=8.75e-02 speedT=1.25e-06 cos=+0.58 k=64 lam_top=-0.06 align=0.00
[E7] 17/1728 (55s) gpt2 L0H1 sign=+0.36 symD=0 V=full p=0 steps=32628: speed0=1.53e-01 speedT=2.69e-02 cos=+1.00 k=1 lam_top=+0.18 align=1.00
[E7] 18/1728 (56s) gpt2 L0H1 sign=+0.36 symD=0 V=full p=1 steps=32592: speed0=1.50e-01 speedT=3.26e-02 cos=+1.00 k=1 lam_top=+0.18 align=1.00
[E7] 19/1728 (72s) gpt2 L0H1 sign=+0.36 symD=1 V=sym p=1 steps=10121: speed0=1.28e-01 speedT=2.86e-07 cos=+0.88 k=2 lam_top=+0.54 align=1.00
[E7] 20/1728 (72s) gpt2 L0H1 sign=+0.36 symD=1 V=sym p=0 steps=10957: speed0=1.27e-01 speedT=3.21e-07 cos=+0.88 k=2 lam_top=+0.54 align=1.00
/Users/linmuyi/code/TransformerDynamics/export/verification/trained_head_flow.py:120: RuntimeWarning: divide by zero encountered in matmul
  lam, w = np.linalg.eigh(r @ Vc @ q)
/Users/linmuyi/code/TransformerDynamics/export/verification/trained_head_flow.py:120: RuntimeWarning: overflow encountered in matmul
  lam, w = np.linalg.eigh(r @ Vc @ q)
/Users/linmuyi/code/TransformerDynamics/export/verification/trained_head_flow.py:120: RuntimeWarning: invalid value encountered in matmul
  lam, w = np.linalg.eigh(r @ Vc @ q)
/Users/linmuyi/code/TransformerDynamics/export/verification/trained_head_flow.py:121: RuntimeWarning: divide by zero encountered in matmul
  lam, w = np.real(lam), q @ w
/Users/linmuyi/code/TransformerDynamics/export/verification/trained_head_flow.py:121: RuntimeWarning: overflow encountered in matmul
  lam, w = np.real(lam), q @ w
/Users/linmuyi/code/TransformerDynamics/export/verification/trained_head_flow.py:121: RuntimeWarning: invalid value encountered in matmul
  lam, w = np.real(lam), q @ w
[E7] 21/1728 (75s) gpt2 L0H1 sign=+0.36 symD=1 V=push p=0 steps=2242: speed0=8.60e-02 speedT=1.11e-06 cos=+0.56 k=61 lam_top=-0.06 align=0.00
[E7] 22/1728 (75s) gpt2 L0H1 sign=+0.36 symD=1 V=push p=1 steps=2202: speed0=8.65e-02 speedT=1.09e-06 cos=+0.58 k=64 lam_top=-0.06 align=0.00
[E7] 23/1728 (82s) gpt2 L0H1 sign=+0.36 symD=1 V=full p=0 steps=32560: speed0=1.52e-01 speedT=2.68e-02 cos=+1.00 k=1 lam_top=+0.18 align=1.00
[E7] 24/1728 (83s) gpt2 L0H1 sign=+0.36 symD=1 V=full p=1 steps=32780: speed0=1.48e-01 speedT=3.31e-02 cos=+1.00 k=1 lam_top=+0.18 align=1.00
[E7] 25/1728 (86s) gpt2 L0H2 sign=+0.26 symD=0 V=sym p=0 steps=3267: speed0=4.98e-02 speedT=3.75e-07 cos=+1.00 k=1 lam_top=+0.53 align=1.00
[E7] 26/1728 (88s) gpt2 L0H2 sign=+0.26 symD=0 V=sym p=1 steps=3482: speed0=5.24e-02 speedT=3.25e-07 cos=+1.00 k=1 lam_top=+0.53 align=1.00
[E7] 27/1728 (90s) gpt2 L0H2 sign=+0.26 symD=0 V=full p=1 steps=15669: speed0=5.09e-02 speedT=9.44e-03 cos=+1.00 k=1 lam_top=+0.11 align=1.00
[E7] 28/1728 (91s) gpt2 L0H2 sign=+0.26 symD=0 V=full p=0 steps=15788: speed0=4.29e-02 speedT=7.52e-03 cos=+1.00 k=1 lam_top=+0.11 align=1.00
[E7] 29/1728 (92s) gpt2 L0H2 sign=+0.26 symD=0 V=push p=0 steps=4804: speed0=3.64e-02 speedT=1.38e-07 cos=+0.21 k=2 lam_top=-0.04 align=0.00
[E7] 30/1728 (93s) gpt2 L0H2 sign=+0.26 symD=0 V=push p=1 steps=4949: speed0=3.76e-02 speedT=1.45e-07 cos=+0.10 k=2 lam_top=-0.04 align=0.00
[E7] 31/1728 (96s) gpt2 L0H2 sign=+0.26 symD=1 V=sym p=0 steps=3023: speed0=4.67e-02 speedT=2.47e-07 cos=+1.00 k=1 lam_top=+0.53 align=1.00
[E7] 32/1728 (98s) gpt2 L0H2 sign=+0.26 symD=1 V=sym p=1 steps=3075: speed0=4.74e-02 speedT=4.52e-07 cos=+1.00 k=1 lam_top=+0.53 align=1.00
[E7] 33/1728 (102s) gpt2 L0H2 sign=+0.26 symD=1 V=push p=0 steps=4723: speed0=3.31e-02 speedT=1.51e-07 cos=+0.03 k=2 lam_top=-0.04 align=0.00
[E7] 34/1728 (104s) gpt2 L0H2 sign=+0.26 symD=1 V=push p=1 steps=5060: speed0=3.36e-02 speedT=1.46e-07 cos=+0.08 k=2 lam_top=-0.04 align=0.00
[E7] 35/1728 (109s) gpt2 L0H2 sign=+0.26 symD=1 V=full p=1 steps=15337: speed0=3.66e-02 speedT=9.51e-03 cos=+1.00 k=1 lam_top=+0.11 align=1.00
[E7] 36/1728 (109s) gpt2 L0H2 sign=+0.26 symD=1 V=full p=0 steps=15647: speed0=3.41e-02 speedT=9.51e-03 cos=+1.00 k=1 lam_top=+0.11 align=1.00
[E7] 37/1728 (114s) gpt2 L0H3 sign=+0.67 symD=0 V=sym p=0 steps=4081: speed0=1.17e-01 speedT=2.94e-07 cos=+1.00 k=1 lam_top=+0.59 align=1.00
[E7] 38/1728 (114s) gpt2 L0H3 sign=+0.67 symD=0 V=sym p=1 steps=4246: speed0=1.17e-01 speedT=4.66e-07 cos=+1.00 k=1 lam_top=+0.59 align=1.00
[E7] 39/1728 (119s) gpt2 L0H3 sign=+0.67 symD=0 V=push p=0 steps=4610: speed0=7.62e-02 speedT=3.94e-04 cos=+0.46 k=63 lam_top=-0.06 align=0.05
[E7] 40/1728 (124s) gpt2 L0H3 sign=+0.67 symD=0 V=push p=1 steps=8543: speed0=7.58e-02 speedT=1.73e-03 cos=+0.34 k=64 lam_top=-0.06 align=0.02
[E7] 41/1728 (131s) gpt2 L0H3 sign=+0.67 symD=0 V=full p=1 steps=28882: speed0=1.46e-01 speedT=7.12e-03 cos=+1.00 k=1 lam_top=+0.27 align=1.00
[E7] 42/1728 (134s) gpt2 L0H3 sign=+0.67 symD=0 V=full p=0 steps=33910: speed0=1.43e-01 speedT=1.09e-02 cos=+1.00 k=1 lam_top=+0.27 align=0.99
[E7] 43/1728 (138s) gpt2 L0H3 sign=+0.67 symD=1 V=sym p=0 steps=4514: speed0=1.18e-01 speedT=2.58e-07 cos=+1.00 k=1 lam_top=+0.59 align=1.00
[E7] 44/1728 (141s) gpt2 L0H3 sign=+0.67 symD=1 V=push p=0 steps=2642: speed0=7.22e-02 speedT=2.53e-05 cos=+0.55 k=61 lam_top=-0.06 align=0.00
[E7] 45/1728 (141s) gpt2 L0H3 sign=+0.67 symD=1 V=sym p=1 steps=4582: speed0=1.17e-01 speedT=2.24e-07 cos=+1.00 k=1 lam_top=+0.59 align=1.00
[E7] 46/1728 (144s) gpt2 L0H3 sign=+0.67 symD=1 V=push p=1 steps=2346: speed0=7.23e-02 speedT=2.62e-05 cos=+0.57 k=64 lam_top=-0.06 align=0.00
[E7] 47/1728 (159s) gpt2 L0H4 sign=+0.84 symD=0 V=full p=0 steps=17697: speed0=8.68e-02 speedT=2.73e-02 cos=+1.00 k=1 lam_top=+0.29 align=1.00
[E7] 48/1728 (160s) gpt2 L0H4 sign=+0.84 symD=0 V=full p=1 steps=16475: speed0=8.14e-02 speedT=2.93e-02 cos=+1.00 k=1 lam_top=+0.29 align=1.00
[E7] 49/1728 (160s) gpt2 L0H3 sign=+0.67 symD=1 V=full p=1 steps=30972: speed0=1.36e-01 speedT=8.14e-03 cos=+1.00 k=1 lam_top=+0.27 align=0.99
[E7] 50/1728 (164s) gpt2 L0H4 sign=+0.84 symD=0 V=sym p=0 steps=4638: speed0=9.65e-02 speedT=3.44e-07 cos=+1.00 k=1 lam_top=+0.54 align=1.00
[E7] 51/1728 (166s) gpt2 L0H3 sign=+0.67 symD=1 V=full p=0 steps=39334: speed0=1.33e-01 speedT=1.84e-02 cos=+1.00 k=1 lam_top=+0.27 align=0.97
[E7] 52/1728 (166s) gpt2 L0H4 sign=+0.84 symD=0 V=sym p=1 steps=4647: speed0=9.72e-02 speedT=2.35e-07 cos=+1.00 k=1 lam_top=+0.54 align=1.00
[E7] 53/1728 (171s) gpt2 L0H4 sign=+0.84 symD=0 V=push p=0 steps=9962: speed0=7.31e-02 speedT=1.53e-03 cos=+0.26 k=52 lam_top=-0.06 align=0.02
[E7] 54/1728 (181s) gpt2 L0H4 sign=+0.84 symD=1 V=sym p=0 steps=7049: speed0=8.53e-02 speedT=3.22e-07 cos=+1.00 k=1 lam_top=+0.54 align=1.00
[E7] 55/1728 (185s) gpt2 L0H4 sign=+0.84 symD=1 V=full p=1 steps=16719: speed0=7.30e-02 speedT=2.89e-02 cos=+1.00 k=1 lam_top=+0.29 align=1.00
[E7] 56/1728 (188s) gpt2 L0H4 sign=+0.84 symD=1 V=sym p=1 steps=4436: speed0=8.71e-02 speedT=2.65e-07 cos=+1.00 k=1 lam_top=+0.54 align=1.00
[E7] 57/1728 (188s) gpt2 L0H4 sign=+0.84 symD=1 V=full p=0 steps=18514: speed0=7.15e-02 speedT=2.86e-02 cos=+1.00 k=1 lam_top=+0.29 align=1.00
[E7] 58/1728 (194s) gpt2 L0H4 sign=+0.84 symD=1 V=push p=0 steps=7025: speed0=6.03e-02 speedT=4.20e-04 cos=+0.29 k=58 lam_top=-0.06 align=0.00
[E7] 59/1728 (195s) gpt2 L0H4 sign=+0.84 symD=1 V=push p=1 steps=5597: speed0=6.10e-02 speedT=2.74e-04 cos=+0.37 k=61 lam_top=-0.06 align=0.00
[E7] 60/1728 (196s) gpt2 L0H4 sign=+0.84 symD=0 V=push p=1 steps=31346: speed0=7.31e-02 speedT=4.66e-03 cos=+0.15 k=31 lam_top=-0.06 align=0.01
[E7] 61/1728 (208s) gpt2 L0H5 sign=+0.56 symD=0 V=sym p=1 steps=9710: speed0=1.34e-01 speedT=2.44e-07 cos=+0.82 k=2 lam_top=+0.56 align=1.00
[E7] 62/1728 (209s) gpt2 L0H5 sign=+0.56 symD=0 V=sym p=0 steps=10684: speed0=1.32e-01 speedT=2.25e-07 cos=+0.10 k=2 lam_top=+0.56 align=1.00
[E7] 63/1728 (211s) gpt2 L0H5 sign=+0.56 symD=0 V=push p=0 steps=2432: speed0=8.48e-02 speedT=4.39e-05 cos=+0.55 k=61 lam_top=-0.07 align=0.00
[E7] 64/1728 (213s) gpt2 L0H5 sign=+0.56 symD=0 V=push p=1 steps=2865: speed0=8.46e-02 speedT=1.36e-05 cos=+0.56 k=64 lam_top=-0.07 align=0.00
[E7] 65/1728 (220s) gpt2 L0H5 sign=+0.56 symD=0 V=full p=0 steps=32476: speed0=1.66e-01 speedT=1.92e-02 cos=+1.00 k=1 lam_top=+0.25 align=1.00
[E7] 66/1728 (227s) gpt2 L0H5 sign=+0.56 symD=0 V=full p=1 steps=33714: speed0=1.68e-01 speedT=1.71e-02 cos=+1.00 k=1 lam_top=+0.25 align=1.00
[E7] 67/1728 (237s) gpt2 L0H5 sign=+0.56 symD=1 V=sym p=0 steps=11393: speed0=1.31e-01 speedT=2.99e-07 cos=+0.10 k=2 lam_top=+0.56 align=1.00
[E7] 68/1728 (239s) gpt2 L0H5 sign=+0.56 symD=1 V=push p=0 steps=1919: speed0=8.52e-02 speedT=5.25e-06 cos=+0.55 k=61 lam_top=-0.07 align=0.00
[E7] 69/1728 (241s) gpt2 L0H5 sign=+0.56 symD=1 V=sym p=1 steps=9830: speed0=1.34e-01 speedT=3.78e-07 cos=+0.82 k=2 lam_top=+0.56 align=1.00
[E7] 70/1728 (242s) gpt2 L0H5 sign=+0.56 symD=1 V=push p=1 steps=1857: speed0=8.42e-02 speedT=3.83e-06 cos=+0.56 k=64 lam_top=-0.07 align=0.00
[E7] 71/1728 (244s) gpt2 L0H6 sign=+0.85 symD=0 V=full p=0 steps=4370: speed0=7.06e-02 speedT=3.12e-11 cos=+1.00 k=1 lam_top=+0.13 align=1.00
[E7] 72/1728 (246s) gpt2 L0H6 sign=+0.85 symD=0 V=full p=1 steps=4210: speed0=7.37e-02 speedT=2.37e-11 cos=+1.00 k=1 lam_top=+0.13 align=1.00
[E7] 73/1728 (247s) gpt2 L0H5 sign=+0.56 symD=1 V=full p=0 steps=32775: speed0=1.67e-01 speedT=2.00e-02 cos=+1.00 k=1 lam_top=+0.25 align=1.00
[E7] 74/1728 (248s) gpt2 L0H6 sign=+0.85 symD=0 V=sym p=0 steps=2975: speed0=4.35e-02 speedT=3.34e-07 cos=+1.00 k=1 lam_top=+0.47 align=1.00
[E7] 75/1728 (250s) gpt2 L0H6 sign=+0.85 symD=0 V=sym p=1 steps=2953: speed0=4.50e-02 speedT=2.63e-07 cos=+1.00 k=1 lam_top=+0.47 align=1.00
[E7] 76/1728 (251s) gpt2 L0H6 sign=+0.85 symD=0 V=push p=0 steps=3863: speed0=3.48e-02 speedT=1.58e-07 cos=-0.02 k=2 lam_top=-0.02 align=0.00
[E7] 77/1728 (252s) gpt2 L0H6 sign=+0.85 symD=0 V=push p=1 steps=3673: speed0=3.14e-02 speedT=1.58e-07 cos=-0.01 k=2 lam_top=-0.02 align=0.00
[E7] 78/1728 (252s) gpt2 L0H5 sign=+0.56 symD=1 V=full p=1 steps=34093: speed0=1.69e-01 speedT=1.74e-02 cos=+1.00 k=1 lam_top=+0.25 align=1.00
[E7] 79/1728 (255s) gpt2 L0H6 sign=+0.85 symD=1 V=full p=0 steps=4314: speed0=7.20e-02 speedT=2.95e-11 cos=+1.00 k=1 lam_top=+0.13 align=1.00
[E7] 80/1728 (256s) gpt2 L0H6 sign=+0.85 symD=1 V=full p=1 steps=4217: speed0=7.36e-02 speedT=2.36e-11 cos=+1.00 k=1 lam_top=+0.13 align=1.00
[E7] 81/1728 (256s) gpt2 L0H6 sign=+0.85 symD=1 V=sym p=0 steps=2959: speed0=4.19e-02 speedT=2.45e-07 cos=+1.00 k=1 lam_top=+0.47 align=1.00
[E7] 82/1728 (257s) gpt2 L0H6 sign=+0.85 symD=1 V=sym p=1 steps=2930: speed0=4.35e-02 speedT=3.42e-07 cos=+1.00 k=1 lam_top=+0.47 align=1.00
[E7] 83/1728 (260s) gpt2 L0H6 sign=+0.85 symD=1 V=push p=0 steps=3595: speed0=2.86e-02 speedT=1.58e-07 cos=-0.01 k=2 lam_top=-0.02 align=0.00
[E7] 84/1728 (260s) gpt2 L0H6 sign=+0.85 symD=1 V=push p=1 steps=3578: speed0=2.64e-02 speedT=1.58e-07 cos=-0.01 k=2 lam_top=-0.02 align=0.00
[E7] 85/1728 (264s) gpt2 L0H7 sign=+0.41 symD=0 V=sym p=0 steps=3080: speed0=9.40e-02 speedT=2.03e-07 cos=+1.00 k=1 lam_top=+0.51 align=1.00
[E7] 86/1728 (264s) gpt2 L0H7 sign=+0.41 symD=0 V=sym p=1 steps=3144: speed0=9.69e-02 speedT=3.49e-07 cos=+1.00 k=1 lam_top=+0.51 align=1.00
[E7] 87/1728 (275s) gpt2 L0H7 sign=+0.41 symD=0 V=full p=0 steps=20950: speed0=1.15e-01 speedT=4.53e-02 cos=+1.00 k=1 lam_top=+0.17 align=0.99
[E7] 88/1728 (279s) gpt2 L0H7 sign=+0.41 symD=0 V=full p=1 steps=21906: speed0=1.12e-01 speedT=5.28e-02 cos=+1.00 k=1 lam_top=+0.17 align=0.97
[E7] 89/1728 (289s) gpt2 L0H7 sign=+0.41 symD=0 V=push p=0 steps=23174: speed0=5.45e-02 speedT=5.34e-05 cos=+0.03 k=25 lam_top=-0.07 align=0.00
[E7] 90/1728 (292s) gpt2 L0H7 sign=+0.41 symD=0 V=push p=1 steps=26322: speed0=5.67e-02 speedT=1.28e-04 cos=+0.12 k=12 lam_top=-0.07 align=0.00
[E7] 91/1728 (293s) gpt2 L0H7 sign=+0.41 symD=1 V=sym p=0 steps=3202: speed0=6.88e-02 speedT=1.84e-07 cos=+1.00 k=1 lam_top=+0.51 align=1.00
[E7] 92/1728 (297s) gpt2 L0H7 sign=+0.41 symD=1 V=sym p=1 steps=3210: speed0=7.06e-02 speedT=3.52e-07 cos=+1.00 k=1 lam_top=+0.51 align=1.00
[E7] 93/1728 (298s) gpt2 L0H7 sign=+0.41 symD=1 V=full p=0 steps=20119: speed0=8.48e-02 speedT=5.07e-02 cos=+1.00 k=1 lam_top=+0.17 align=0.99
[E7] 94/1728 (301s) gpt2 L0H8 sign=+0.24 symD=0 V=full p=0 steps=3012: speed0=6.55e-02 speedT=3.44e-11 cos=+1.00 k=1 lam_top=+0.09 align=1.00
[E7] 95/1728 (303s) gpt2 L0H7 sign=+0.41 symD=1 V=full p=1 steps=20928: speed0=8.09e-02 speedT=4.65e-02 cos=+1.00 k=1 lam_top=+0.17 align=0.99
[E7] 96/1728 (304s) gpt2 L0H8 sign=+0.24 symD=0 V=full p=1 steps=3004: speed0=6.53e-02 speedT=2.56e-11 cos=+1.00 k=1 lam_top=+0.09 align=1.00
[E7] 97/1728 (307s) gpt2 L0H8 sign=+0.24 symD=0 V=sym p=0 steps=2851: speed0=4.76e-02 speedT=2.61e-07 cos=+1.00 k=1 lam_top=+0.53 align=1.00
[E7] 98/1728 (308s) gpt2 L0H8 sign=+0.24 symD=0 V=sym p=1 steps=2820: speed0=4.77e-02 speedT=2.21e-07 cos=+1.00 k=1 lam_top=+0.53 align=1.00
[E7] 99/1728 (313s) gpt2 L0H7 sign=+0.41 symD=1 V=push p=0 steps=16378: speed0=4.34e-02 speedT=1.03e-07 cos=+0.01 k=3 lam_top=-0.07 align=0.00
[E7] 100/1728 (315s) gpt2 L0H8 sign=+0.24 symD=0 V=push p=1 steps=6548: speed0=3.20e-02 speedT=1.07e-04 cos=-0.01 k=13 lam_top=-0.02 align=0.00
[E7] 101/1728 (316s) gpt2 L0H7 sign=+0.41 symD=1 V=push p=1 steps=16092: speed0=4.34e-02 speedT=5.73e-04 cos=-0.01 k=3 lam_top=-0.07 align=0.00
[E7] 102/1728 (316s) gpt2 L0H8 sign=+0.24 symD=1 V=full p=0 steps=2944: speed0=6.47e-02 speedT=4.02e-11 cos=+1.00 k=1 lam_top=+0.09 align=1.00
[E7] 103/1728 (318s) gpt2 L0H8 sign=+0.24 symD=1 V=full p=1 steps=2979: speed0=6.47e-02 speedT=3.51e-11 cos=+1.00 k=1 lam_top=+0.09 align=1.00
[E7] 104/1728 (320s) gpt2 L0H8 sign=+0.24 symD=1 V=sym p=1 steps=2896: speed0=4.38e-02 speedT=4.07e-07 cos=+1.00 k=1 lam_top=+0.53 align=1.00
[E7] 105/1728 (321s) gpt2 L0H8 sign=+0.24 symD=1 V=sym p=0 steps=2875: speed0=4.31e-02 speedT=2.43e-07 cos=+1.00 k=1 lam_top=+0.53 align=1.00
[E7] 106/1728 (321s) gpt2 L0H8 sign=+0.24 symD=0 V=push p=0 steps=13588: speed0=3.09e-02 speedT=3.09e-04 cos=-0.01 k=7 lam_top=-0.02 align=0.00
[E7] 107/1728 (333s) gpt2 L0H9 sign=+0.03 symD=0 V=full p=0 steps=13523: speed0=8.58e-02 speedT=1.46e-02 cos=+1.00 k=1 lam_top=+0.12 align=1.00
[E7] 108/1728 (335s) gpt2 L0H9 sign=+0.03 symD=0 V=full p=1 steps=13567: speed0=8.85e-02 speedT=1.36e-02 cos=+1.00 k=1 lam_top=+0.12 align=1.00
[E7] 109/1728 (338s) gpt2 L0H9 sign=+0.03 symD=0 V=sym p=0 steps=3231: speed0=6.59e-02 speedT=1.73e-07 cos=+1.00 k=1 lam_top=+0.47 align=1.00
[E7] 110/1728 (339s) gpt2 L0H9 sign=+0.03 symD=0 V=sym p=1 steps=3257: speed0=6.78e-02 speedT=1.76e-07 cos=+1.00 k=1 lam_top=+0.47 align=1.00
[E7] 111/1728 (340s) gpt2 L0H8 sign=+0.24 symD=1 V=push p=0 steps=19887: speed0=2.76e-02 speedT=2.69e-04 cos=-0.01 k=6 lam_top=-0.02 align=0.00
[E7] 112/1728 (349s) gpt2 L0H9 sign=+0.03 symD=0 V=push p=0 steps=11257: speed0=2.93e-02 speedT=1.34e-03 cos=-0.02 k=5 lam_top=-0.02 align=0.00
[E7] 113/1728 (355s) gpt2 L0H9 sign=+0.03 symD=1 V=full p=0 steps=13487: speed0=8.29e-02 speedT=1.62e-02 cos=+1.00 k=1 lam_top=+0.12 align=1.00
[E7] 114/1728 (358s) gpt2 L0H9 sign=+0.03 symD=0 V=push p=1 steps=17545: speed0=2.93e-02 speedT=1.43e-03 cos=-0.01 k=8 lam_top=-0.02 align=0.00
[E7] 115/1728 (359s) gpt2 L0H9 sign=+0.03 symD=1 V=sym p=0 steps=3281: speed0=6.23e-02 speedT=2.51e-07 cos=+1.00 k=1 lam_top=+0.47 align=1.00
[E7] 116/1728 (362s) gpt2 L0H9 sign=+0.03 symD=1 V=sym p=1 steps=3289: speed0=6.41e-02 speedT=3.23e-07 cos=+1.00 k=1 lam_top=+0.47 align=1.00
[E7] 117/1728 (364s) gpt2 L0H9 sign=+0.03 symD=1 V=full p=1 steps=13535: speed0=8.59e-02 speedT=1.52e-02 cos=+1.00 k=1 lam_top=+0.12 align=1.00
[E7] 118/1728 (365s) gpt2 L0H8 sign=+0.24 symD=1 V=push p=1 steps=38797: speed0=2.95e-02 speedT=5.70e-03 cos=-0.00 k=3 lam_top=-0.02 align=0.00
[E7] 119/1728 (373s) gpt2 L0H10 sign=+0.36 symD=0 V=full p=0 steps=9222: speed0=4.84e-02 speedT=9.65e-04 cos=+1.00 k=1 lam_top=+0.11 align=1.00
[E7] 120/1728 (375s) gpt2 L0H10 sign=+0.36 symD=0 V=full p=1 steps=9705: speed0=4.98e-02 speedT=1.15e-03 cos=+1.00 k=1 lam_top=+0.11 align=1.00
[E7] 121/1728 (378s) gpt2 L0H9 sign=+0.03 symD=1 V=push p=0 steps=16105: speed0=2.79e-02 speedT=1.50e-04 cos=+0.00 k=28 lam_top=-0.02 align=0.00
[E7] 122/1728 (378s) gpt2 L0H10 sign=+0.36 symD=0 V=sym p=0 steps=3405: speed0=5.82e-02 speedT=2.78e-07 cos=+1.00 k=1 lam_top=+0.50 align=1.00
[E7] 123/1728 (380s) gpt2 L0H10 sign=+0.36 symD=0 V=push p=0 steps=1870: speed0=4.28e-02 speedT=2.00e-05 cos=+0.57 k=61 lam_top=-0.03 align=0.00
[E7] 124/1728 (380s) gpt2 L0H10 sign=+0.36 symD=0 V=sym p=1 steps=3456: speed0=5.79e-02 speedT=3.41e-07 cos=+1.00 k=1 lam_top=+0.50 align=1.00
[E7] 125/1728 (380s) gpt2 L0H10 sign=+0.36 symD=0 V=push p=1 steps=1989: speed0=4.31e-02 speedT=2.24e-05 cos=+0.59 k=64 lam_top=-0.03 align=0.00
[E7] 126/1728 (385s) gpt2 L0H10 sign=+0.36 symD=1 V=sym p=0 steps=3310: speed0=5.24e-02 speedT=3.15e-07 cos=+1.00 k=1 lam_top=+0.50 align=1.00
[E7] 127/1728 (387s) gpt2 L0H9 sign=+0.03 symD=1 V=push p=1 steps=20903: speed0=2.83e-02 speedT=4.53e-03 cos=-0.02 k=27 lam_top=-0.02 align=0.00
[E7] 128/1728 (389s) gpt2 L0H10 sign=+0.36 symD=1 V=push p=0 steps=1742: speed0=3.70e-02 speedT=1.58e-05 cos=+0.57 k=61 lam_top=-0.03 align=0.00
[E7] 129/1728 (389s) gpt2 L0H10 sign=+0.36 symD=1 V=full p=0 steps=8746: speed0=4.11e-02 speedT=8.10e-04 cos=+1.00 k=1 lam_top=+0.11 align=1.00
[E7] 130/1728 (390s) gpt2 L0H10 sign=+0.36 symD=1 V=sym p=1 steps=3425: speed0=5.19e-02 speedT=2.93e-07 cos=+1.00 k=1 lam_top=+0.50 align=1.00
[E7] 131/1728 (390s) gpt2 L0H10 sign=+0.36 symD=1 V=full p=1 steps=8714: speed0=4.32e-02 speedT=7.63e-04 cos=+1.00 k=1 lam_top=+0.11 align=1.00
[E7] 132/1728 (392s) gpt2 L0H10 sign=+0.36 symD=1 V=push p=1 steps=1752: speed0=3.72e-02 speedT=1.72e-05 cos=+0.59 k=64 lam_top=-0.03 align=0.00
[E7] 133/1728 (392s) gpt2 L0H11 sign=+0.16 symD=0 V=full p=0 steps=3138: speed0=1.25e-01 speedT=4.04e-08 cos=+1.00 k=1 lam_top=+0.25 align=1.00
[E7] 134/1728 (393s) gpt2 L0H11 sign=+0.16 symD=0 V=full p=1 steps=3513: speed0=1.26e-01 speedT=4.04e-08 cos=+1.00 k=1 lam_top=+0.25 align=1.00
[E7] 135/1728 (395s) gpt2 L0H11 sign=+0.16 symD=0 V=sym p=0 steps=3755: speed0=8.38e-02 speedT=2.09e-07 cos=+1.00 k=1 lam_top=+0.60 align=1.00
[E7] 136/1728 (397s) gpt2 L0H11 sign=+0.16 symD=0 V=sym p=1 steps=3861: speed0=8.46e-02 speedT=2.44e-07 cos=+1.00 k=1 lam_top=+0.60 align=1.00
[E7] 137/1728 (398s) gpt2 L0H11 sign=+0.16 symD=1 V=full p=0 steps=3096: speed0=1.20e-01 speedT=4.04e-08 cos=+1.00 k=1 lam_top=+0.25 align=1.00
[E7] 138/1728 (400s) gpt2 L0H11 sign=+0.16 symD=0 V=push p=1 steps=7464: speed0=4.95e-02 speedT=4.35e-04 cos=-0.01 k=4 lam_top=-0.02 align=0.00
[E7] 139/1728 (401s) gpt2 L0H11 sign=+0.16 symD=0 V=push p=0 steps=8724: speed0=4.96e-02 speedT=2.63e-04 cos=-0.01 k=11 lam_top=-0.02 align=0.00
[E7] 140/1728 (401s) gpt2 L0H11 sign=+0.16 symD=1 V=full p=1 steps=3412: speed0=1.20e-01 speedT=4.04e-08 cos=+1.00 k=1 lam_top=+0.25 align=1.00
[E7] 141/1728 (404s) gpt2 L0H11 sign=+0.16 symD=1 V=sym p=0 steps=3621: speed0=8.09e-02 speedT=2.18e-07 cos=+1.00 k=1 lam_top=+0.60 align=1.00
[E7] 142/1728 (406s) gpt2 L0H11 sign=+0.16 symD=1 V=sym p=1 steps=3694: speed0=8.11e-02 speedT=2.09e-07 cos=+1.00 k=1 lam_top=+0.60 align=1.00
[E7] 143/1728 (410s) gpt2 L1H0 sign=-0.45 symD=0 V=full p=0 steps=6486: speed0=5.12e-02 speedT=6.19e-06 cos=+1.00 k=1 lam_top=+0.13 align=1.00
[E7] 144/1728 (414s) gpt2 L1H0 sign=-0.45 symD=0 V=sym p=0 steps=2627: speed0=1.85e-01 speedT=3.83e-07 cos=+1.00 k=1 lam_top=+0.49 align=1.00
[E7] 145/1728 (418s) gpt2 L1H0 sign=-0.45 symD=0 V=sym p=1 steps=2715: speed0=1.87e-01 speedT=2.30e-07 cos=+1.00 k=1 lam_top=+0.49 align=1.00
[E7] 146/1728 (418s) gpt2 L0H11 sign=+0.16 symD=1 V=push p=0 steps=16657: speed0=4.32e-02 speedT=2.13e-04 cos=-0.01 k=16 lam_top=-0.02 align=0.03
[E7] 147/1728 (419s) gpt2 L1H0 sign=-0.45 symD=0 V=full p=1 steps=13335: speed0=6.20e-02 speedT=6.34e-04 cos=+1.00 k=1 lam_top=+0.13 align=1.00
[E7] 148/1728 (420s) gpt2 L0H11 sign=+0.16 symD=1 V=push p=1 steps=15385: speed0=4.41e-02 speedT=1.52e-04 cos=-0.01 k=14 lam_top=-0.02 align=0.00
[E7] 149/1728 (424s) gpt2 L1H0 sign=-0.45 symD=0 V=push p=0 steps=6174: speed0=1.29e-01 speedT=3.42e-07 cos=+0.18 k=2 lam_top=-0.13 align=0.00
[E7] 150/1728 (425s) gpt2 L1H0 sign=-0.45 symD=1 V=full p=0 steps=5844: speed0=3.89e-02 speedT=7.59e-06 cos=+1.00 k=1 lam_top=+0.13 align=1.00
[E7] 151/1728 (425s) gpt2 L1H0 sign=-0.45 symD=0 V=push p=1 steps=6812: speed0=1.33e-01 speedT=3.35e-07 cos=+0.21 k=2 lam_top=-0.13 align=0.00
[E7] 152/1728 (428s) gpt2 L1H0 sign=-0.45 symD=1 V=sym p=0 steps=2617: speed0=1.96e-01 speedT=2.45e-07 cos=+1.00 k=1 lam_top=+0.49 align=1.00
[E7] 153/1728 (429s) gpt2 L1H0 sign=-0.45 symD=1 V=sym p=1 steps=2736: speed0=1.87e-01 speedT=2.37e-07 cos=+1.00 k=1 lam_top=+0.49 align=1.00
[E7] 154/1728 (429s) gpt2 L1H0 sign=-0.45 symD=1 V=full p=1 steps=7947: speed0=4.90e-02 speedT=1.87e-05 cos=+1.00 k=1 lam_top=+0.13 align=1.00
[E7] 155/1728 (432s) gpt2 L1H1 sign=-0.65 symD=0 V=full p=0 steps=3243: speed0=5.08e-02 speedT=1.19e-07 cos=+1.00 k=1 lam_top=+0.25 align=1.00
[E7] 156/1728 (433s) gpt2 L1H1 sign=-0.65 symD=0 V=full p=1 steps=3728: speed0=5.84e-02 speedT=1.21e-07 cos=+1.00 k=1 lam_top=+0.25 align=1.00
[E7] 157/1728 (434s) gpt2 L1H0 sign=-0.45 symD=1 V=push p=0 steps=7537: speed0=1.36e-01 speedT=1.98e-07 cos=+0.46 k=2 lam_top=-0.13 align=0.00
[E7] 158/1728 (436s) gpt2 L1H1 sign=-0.65 symD=0 V=sym p=1 steps=3019: speed0=1.72e-01 speedT=2.14e-07 cos=+1.00 k=1 lam_top=+0.47 align=1.00
[E7] 159/1728 (437s) gpt2 L1H1 sign=-0.65 symD=0 V=sym p=0 steps=3035: speed0=1.74e-01 speedT=2.10e-07 cos=+1.00 k=1 lam_top=+0.47 align=1.00
[E7] 160/1728 (440s) gpt2 L1H0 sign=-0.45 symD=1 V=push p=1 steps=10295: speed0=1.35e-01 speedT=2.38e-07 cos=+0.79 k=3 lam_top=-0.13 align=0.00
[E7] 161/1728 (441s) gpt2 L1H1 sign=-0.65 symD=1 V=full p=0 steps=4194: speed0=4.79e-02 speedT=1.22e-07 cos=+1.00 k=1 lam_top=+0.25 align=1.00
[E7] 162/1728 (444s) gpt2 L1H1 sign=-0.65 symD=1 V=full p=1 steps=3738: speed0=4.76e-02 speedT=1.11e-07 cos=+1.00 k=1 lam_top=+0.25 align=1.00
[E7] 163/1728 (446s) gpt2 L1H1 sign=-0.65 symD=1 V=sym p=0 steps=3023: speed0=1.87e-01 speedT=3.04e-07 cos=+1.00 k=1 lam_top=+0.47 align=1.00
[E7] 164/1728 (449s) gpt2 L1H1 sign=-0.65 symD=1 V=sym p=1 steps=3049: speed0=1.70e-01 speedT=3.08e-07 cos=+1.00 k=1 lam_top=+0.47 align=1.00
[E7] 165/1728 (453s) gpt2 L1H1 sign=-0.65 symD=0 V=push p=0 steps=19586: speed0=1.26e-01 speedT=4.17e-04 cos=-0.01 k=15 lam_top=-0.04 align=0.00
[E7] 166/1728 (456s) gpt2 L1H2 sign=-0.53 symD=0 V=full p=0 steps=3387: speed0=1.15e-01 speedT=2.35e-08 cos=+1.00 k=1 lam_top=+0.11 align=1.00
[E7] 167/1728 (459s) gpt2 L1H2 sign=-0.53 symD=0 V=full p=1 steps=3367: speed0=1.16e-01 speedT=1.87e-09 cos=+1.00 k=1 lam_top=+0.11 align=1.00
[E7] 168/1728 (461s) gpt2 L1H1 sign=-0.65 symD=1 V=push p=0 steps=11866: speed0=1.36e-01 speedT=8.13e-04 cos=+0.07 k=64 lam_top=-0.04 align=0.01
[E7] 169/1728 (462s) gpt2 L1H1 sign=-0.65 symD=1 V=push p=1 steps=10362: speed0=1.23e-01 speedT=2.96e-04 cos=+0.08 k=63 lam_top=-0.04 align=0.01
[E7] 170/1728 (463s) gpt2 L1H2 sign=-0.53 symD=0 V=sym p=0 steps=3473: speed0=1.74e-01 speedT=3.36e-07 cos=+1.00 k=1 lam_top=+0.47 align=1.00
[E7] 171/1728 (465s) gpt2 L1H2 sign=-0.53 symD=0 V=sym p=1 steps=3460: speed0=1.74e-01 speedT=3.07e-07 cos=+1.00 k=1 lam_top=+0.47 align=1.00
[E7] 172/1728 (469s) gpt2 L1H2 sign=-0.53 symD=1 V=full p=0 steps=3312: speed0=1.01e-01 speedT=6.78e-10 cos=+1.00 k=1 lam_top=+0.11 align=1.00
[E7] 173/1728 (472s) gpt2 L1H2 sign=-0.53 symD=1 V=full p=1 steps=3294: speed0=1.02e-01 speedT=1.73e-07 cos=+1.00 k=1 lam_top=+0.11 align=1.00
[E7] 174/1728 (476s) gpt2 L1H2 sign=-0.53 symD=0 V=push p=0 steps=15126: speed0=9.09e-02 speedT=1.37e-03 cos=+0.71 k=62 lam_top=-0.01 align=0.01
[E7] 175/1728 (477s) gpt2 L1H2 sign=-0.53 symD=1 V=sym p=0 steps=3462: speed0=1.67e-01 speedT=2.58e-07 cos=+1.00 k=1 lam_top=+0.47 align=1.00
[E7] 176/1728 (481s) gpt2 L1H2 sign=-0.53 symD=1 V=sym p=1 steps=3443: speed0=1.67e-01 speedT=2.45e-07 cos=+1.00 k=1 lam_top=+0.47 align=1.00
[E7] 177/1728 (484s) gpt2 L1H2 sign=-0.53 symD=0 V=push p=1 steps=20937: speed0=9.07e-02 speedT=1.61e-04 cos=+0.88 k=60 lam_top=-0.01 align=0.01
[E7] 178/1728 (486s) gpt2 L1H3 sign=-0.81 symD=0 V=full p=0 steps=2568: speed0=1.99e-01 speedT=4.00e-08 cos=+1.00 k=1 lam_top=+0.17 align=1.00
[E7] 179/1728 (489s) gpt2 L1H3 sign=-0.81 symD=0 V=full p=1 steps=2566: speed0=1.99e-01 speedT=4.00e-08 cos=+1.00 k=1 lam_top=+0.17 align=1.00
[E7] 180/1728 (490s) gpt2 L1H2 sign=-0.53 symD=1 V=push p=1 steps=7188: speed0=8.62e-02 speedT=3.36e-05 cos=+0.66 k=63 lam_top=-0.01 align=0.01
[E7] 181/1728 (492s) gpt2 L1H3 sign=-0.81 symD=0 V=sym p=0 steps=2862: speed0=2.09e-01 speedT=2.49e-07 cos=+1.00 k=1 lam_top=+0.55 align=1.00
[E7] 182/1728 (494s) gpt2 L1H3 sign=-0.81 symD=0 V=sym p=1 steps=2826: speed0=2.06e-01 speedT=2.03e-07 cos=+1.00 k=1 lam_top=+0.55 align=1.00
[E7] 183/1728 (497s) gpt2 L1H3 sign=-0.81 symD=0 V=push p=0 steps=5333: speed0=1.16e-01 speedT=5.47e-04 cos=+0.75 k=59 lam_top=-0.02 align=0.12
[E7] 184/1728 (497s) gpt2 L1H1 sign=-0.65 symD=0 V=push p=1 steps=62298: speed0=1.25e-01 speedT=1.10e-03 cos=-0.02 k=9 lam_top=-0.04 align=0.02
[E7] 185/1728 (500s) gpt2 L1H3 sign=-0.81 symD=1 V=full p=0 steps=2607: speed0=2.04e-01 speedT=4.00e-08 cos=+1.00 k=1 lam_top=+0.17 align=1.00
[E7] 186/1728 (500s) gpt2 L1H3 sign=-0.81 symD=1 V=full p=1 steps=2604: speed0=2.03e-01 speedT=4.00e-08 cos=+1.00 k=1 lam_top=+0.17 align=1.00
[E7] 187/1728 (501s) gpt2 L1H3 sign=-0.81 symD=0 V=push p=1 steps=6091: speed0=1.12e-01 speedT=1.39e-03 cos=+0.74 k=62 lam_top=-0.02 align=0.15
[E7] 188/1728 (504s) gpt2 L1H3 sign=-0.81 symD=1 V=sym p=0 steps=2928: speed0=2.07e-01 speedT=2.31e-07 cos=+1.00 k=1 lam_top=+0.55 align=1.00
[E7] 189/1728 (505s) gpt2 L1H3 sign=-0.81 symD=1 V=sym p=1 steps=2907: speed0=2.03e-01 speedT=2.48e-07 cos=+1.00 k=1 lam_top=+0.55 align=1.00
[E7] 190/1728 (505s) gpt2 L1H3 sign=-0.81 symD=1 V=push p=0 steps=3020: speed0=1.33e-01 speedT=2.16e-04 cos=+0.60 k=63 lam_top=-0.02 align=0.02
[E7] 191/1728 (508s) gpt2 L1H3 sign=-0.81 symD=1 V=push p=1 steps=2424: speed0=1.28e-01 speedT=1.26e-04 cos=+0.62 k=64 lam_top=-0.02 align=0.02
[E7] 192/1728 (509s) gpt2 L1H2 sign=-0.53 symD=1 V=push p=0 steps=26548: speed0=8.69e-02 speedT=1.36e-03 cos=+0.46 k=42 lam_top=-0.01 align=0.00
[E7] 193/1728 (512s) gpt2 L1H4 sign=-0.77 symD=0 V=sym p=0 steps=3015: speed0=2.15e-01 speedT=2.92e-07 cos=+1.00 k=1 lam_top=+0.51 align=1.00
[E7] 194/1728 (512s) gpt2 L1H4 sign=-0.77 symD=0 V=sym p=1 steps=3007: speed0=2.10e-01 speedT=2.91e-07 cos=+1.00 k=1 lam_top=+0.51 align=1.00
[E7] 195/1728 (516s) gpt2 L1H4 sign=-0.77 symD=0 V=push p=1 steps=3903: speed0=1.40e-01 speedT=4.07e-04 cos=+0.58 k=64 lam_top=-0.03 align=0.02
[E7] 196/1728 (516s) gpt2 L1H4 sign=-0.77 symD=0 V=push p=0 steps=4687: speed0=1.41e-01 speedT=9.49e-04 cos=+0.56 k=63 lam_top=-0.03 align=0.02
[E7] 197/1728 (540s) gpt2 L1H4 sign=-0.77 symD=0 V=full p=0 steps=37502: speed0=6.45e-02 speedT=8.26e-02 cos=+1.00 k=1 lam_top=+0.07 align=1.00
[E7] 198/1728 (540s) gpt2 L1H4 sign=-0.77 symD=0 V=full p=1 steps=37651: speed0=6.95e-02 speedT=8.09e-02 cos=+1.00 k=1 lam_top=+0.07 align=1.00
[E7] 199/1728 (544s) gpt2 L1H4 sign=-0.77 symD=1 V=sym p=0 steps=3015: speed0=2.21e-01 speedT=1.64e-07 cos=+1.00 k=1 lam_top=+0.51 align=1.00
[E7] 200/1728 (545s) gpt2 L1H4 sign=-0.77 symD=1 V=sym p=1 steps=2995: speed0=2.16e-01 speedT=2.52e-07 cos=+1.00 k=1 lam_top=+0.51 align=1.00
[E7] 201/1728 (548s) gpt2 L1H4 sign=-0.77 symD=1 V=push p=0 steps=2750: speed0=1.41e-01 speedT=2.48e-04 cos=+0.59 k=63 lam_top=-0.03 align=0.02
[E7] 202/1728 (548s) gpt2 L1H4 sign=-0.77 symD=1 V=push p=1 steps=2996: speed0=1.38e-01 speedT=3.49e-04 cos=+0.59 k=64 lam_top=-0.03 align=0.02
[E7] 203/1728 (556s) gpt2 L1H4 sign=-0.77 symD=1 V=full p=1 steps=37548: speed0=7.02e-02 speedT=5.96e-02 cos=+1.00 k=1 lam_top=+0.07 align=1.00
[E7] 204/1728 (558s) gpt2 L1H4 sign=-0.77 symD=1 V=full p=0 steps=37497: speed0=6.73e-02 speedT=6.17e-02 cos=+1.00 k=1 lam_top=+0.07 align=1.00
[E7] 205/1728 (558s) gpt2 L1H5 sign=-0.85 symD=0 V=sym p=0 steps=2490: speed0=1.88e-01 speedT=3.24e-07 cos=+1.00 k=1 lam_top=+0.51 align=1.00
[E7] 206/1728 (561s) gpt2 L1H5 sign=-0.85 symD=0 V=sym p=1 steps=2525: speed0=1.75e-01 speedT=2.44e-07 cos=+1.00 k=1 lam_top=+0.51 align=1.00
[E7] 207/1728 (565s) gpt2 L1H5 sign=-0.85 symD=0 V=full p=0 steps=17346: speed0=2.59e-02 speedT=2.20e-02 cos=+1.00 k=1 lam_top=+0.05 align=1.00
[E7] 208/1728 (565s) gpt2 L1H5 sign=-0.85 symD=0 V=full p=1 steps=17249: speed0=2.83e-02 speedT=4.34e-02 cos=+1.00 k=1 lam_top=+0.05 align=1.00
[E7] 209/1728 (578s) gpt2 L1H5 sign=-0.85 symD=0 V=push p=1 steps=15642: speed0=1.22e-01 speedT=6.78e-03 cos=+0.16 k=52 lam_top=-0.05 align=0.01
[E7] 210/1728 (581s) gpt2 L1H5 sign=-0.85 symD=1 V=sym p=0 steps=2489: speed0=1.90e-01 speedT=2.34e-07 cos=+1.00 k=1 lam_top=+0.51 align=1.00
[E7] 211/1728 (584s) gpt2 L1H5 sign=-0.85 symD=1 V=full p=0 steps=17316: speed0=2.56e-02 speedT=2.47e-02 cos=+1.00 k=1 lam_top=+0.05 align=1.00
[E7] 212/1728 (585s) gpt2 L1H5 sign=-0.85 symD=1 V=full p=1 steps=17203: speed0=2.73e-02 speedT=4.37e-02 cos=+1.00 k=1 lam_top=+0.05 align=1.00
[E7] 213/1728 (585s) gpt2 L1H5 sign=-0.85 symD=1 V=sym p=1 steps=2531: speed0=1.69e-01 speedT=2.58e-07 cos=+1.00 k=1 lam_top=+0.51 align=1.00
[E7] 214/1728 (591s) gpt2 L1H5 sign=-0.85 symD=0 V=push p=0 steps=36367: speed0=1.29e-01 speedT=1.37e-03 cos=-0.02 k=8 lam_top=-0.05 align=0.01
[E7] 215/1728 (596s) gpt2 L1H5 sign=-0.85 symD=1 V=push p=0 steps=9642: speed0=1.31e-01 speedT=3.11e-03 cos=+0.23 k=63 lam_top=-0.05 align=0.01
[E7] 216/1728 (596s) gpt2 L1H5 sign=-0.85 symD=1 V=push p=1 steps=9226: speed0=1.17e-01 speedT=5.33e-04 cos=+0.19 k=63 lam_top=-0.05 align=0.01
[E7] 217/1728 (599s) gpt2 L1H6 sign=+0.98 symD=0 V=sym p=0 steps=2838: speed0=1.96e-01 speedT=3.17e-07 cos=+1.00 k=1 lam_top=+0.57 align=1.00
[E7] 218/1728 (600s) gpt2 L1H6 sign=+0.98 symD=0 V=sym p=1 steps=3032: speed0=1.87e-01 speedT=2.67e-07 cos=+1.00 k=1 lam_top=+0.57 align=1.00
[E7] 219/1728 (601s) gpt2 L1H6 sign=+0.98 symD=0 V=full p=0 steps=15538: speed0=4.23e-02 speedT=2.77e-02 cos=+1.00 k=1 lam_top=+0.32 align=1.00
[E7] 220/1728 (606s) gpt2 L1H6 sign=+0.98 symD=0 V=push p=1 steps=7072: speed0=1.15e-01 speedT=5.24e-08 cos=-0.02 k=3 lam_top=-0.05 align=0.00
[E7] 221/1728 (607s) gpt2 L1H6 sign=+0.98 symD=0 V=full p=1 steps=16972: speed0=4.74e-02 speedT=9.04e-03 cos=+1.00 k=1 lam_top=+0.32 align=1.00
[E7] 222/1728 (611s) gpt2 L1H6 sign=+0.98 symD=0 V=push p=0 steps=10735: speed0=1.22e-01 speedT=1.28e-06 cos=+0.10 k=2 lam_top=-0.05 align=0.00
[E7] 223/1728 (611s) gpt2 L1H6 sign=+0.98 symD=1 V=sym p=0 steps=2830: speed0=1.94e-01 speedT=2.35e-07 cos=+1.00 k=1 lam_top=+0.57 align=1.00
[E7] 224/1728 (616s) gpt2 L1H6 sign=+0.98 symD=1 V=sym p=1 steps=2961: speed0=1.87e-01 speedT=2.61e-07 cos=+1.00 k=1 lam_top=+0.57 align=1.00
[E7] 225/1728 (618s) gpt2 L1H6 sign=+0.98 symD=1 V=full p=0 steps=15638: speed0=4.32e-02 speedT=2.69e-02 cos=+1.00 k=1 lam_top=+0.32 align=1.00
[E7] 226/1728 (620s) gpt2 L1H6 sign=+0.98 symD=1 V=push p=0 steps=7904: speed0=1.18e-01 speedT=6.42e-08 cos=+0.00 k=3 lam_top=-0.05 align=0.00
[E7] 227/1728 (625s) gpt2 L1H6 sign=+0.98 symD=1 V=push p=1 steps=7153: speed0=1.13e-01 speedT=1.05e-07 cos=+0.01 k=2 lam_top=-0.05 align=0.00
[E7] 228/1728 (625s) gpt2 L1H7 sign=+0.66 symD=0 V=full p=0 steps=6451: speed0=5.77e-02 speedT=5.97e-05 cos=+1.00 k=1 lam_top=+0.31 align=1.00
[E7] 229/1728 (625s) gpt2 L1H6 sign=+0.98 symD=1 V=full p=1 steps=17119: speed0=4.73e-02 speedT=8.91e-03 cos=+1.00 k=1 lam_top=+0.32 align=1.00
[E7] 230/1728 (628s) gpt2 L1H7 sign=+0.66 symD=0 V=full p=1 steps=9479: speed0=6.85e-02 speedT=2.43e-04 cos=+1.00 k=1 lam_top=+0.31 align=1.00
[E7] 231/1728 (630s) gpt2 L1H7 sign=+0.66 symD=0 V=sym p=0 steps=3544: speed0=1.81e-01 speedT=3.31e-07 cos=+1.00 k=1 lam_top=+0.58 align=1.00
[E7] 232/1728 (630s) gpt2 L1H7 sign=+0.66 symD=0 V=sym p=1 steps=3614: speed0=1.73e-01 speedT=2.48e-07 cos=+1.00 k=1 lam_top=+0.58 align=1.00
[E7] 233/1728 (639s) gpt2 L1H7 sign=+0.66 symD=1 V=full p=0 steps=7850: speed0=5.79e-02 speedT=1.36e-04 cos=+1.00 k=1 lam_top=+0.31 align=1.00
[E7] 234/1728 (641s) gpt2 L1H7 sign=+0.66 symD=1 V=full p=1 steps=9772: speed0=6.46e-02 speedT=2.66e-04 cos=+1.00 k=1 lam_top=+0.31 align=1.00
[E7] 235/1728 (642s) gpt2 L1H7 sign=+0.66 symD=0 V=push p=0 steps=16541: speed0=1.15e-01 speedT=3.63e-03 cos=+0.13 k=64 lam_top=-0.03 align=0.01
[E7] 236/1728 (642s) gpt2 L1H7 sign=+0.66 symD=0 V=push p=1 steps=14488: speed0=1.11e-01 speedT=2.63e-03 cos=+0.14 k=60 lam_top=-0.03 align=0.01
[E7] 237/1728 (644s) gpt2 L1H7 sign=+0.66 symD=1 V=sym p=0 steps=3535: speed0=1.90e-01 speedT=3.01e-07 cos=+1.00 k=1 lam_top=+0.58 align=1.00
[E7] 238/1728 (646s) gpt2 L1H7 sign=+0.66 symD=1 V=sym p=1 steps=3614: speed0=1.77e-01 speedT=2.72e-07 cos=+1.00 k=1 lam_top=+0.58 align=1.00
[E7] 239/1728 (647s) gpt2 L1H8 sign=-0.73 symD=0 V=full p=0 steps=3142: speed0=3.05e-02 speedT=3.48e-17 cos=+1.00 k=1 lam_top=+0.08 align=1.00
[E7] 240/1728 (650s) gpt2 L1H8 sign=-0.73 symD=0 V=full p=1 steps=3389: speed0=4.09e-02 speedT=3.22e-17 cos=+1.00 k=1 lam_top=+0.08 align=1.00
[E7] 241/1728 (650s) gpt2 L1H7 sign=+0.66 symD=1 V=push p=1 steps=7018: speed0=1.14e-01 speedT=1.19e-03 cos=+0.39 k=64 lam_top=-0.03 align=0.02
[E7] 242/1728 (651s) gpt2 L1H7 sign=+0.66 symD=1 V=push p=0 steps=7014: speed0=1.21e-01 speedT=1.58e-03 cos=+0.34 k=63 lam_top=-0.03 align=0.02
[E7] 243/1728 (651s) gpt2 L1H8 sign=-0.73 symD=0 V=sym p=0 steps=2987: speed0=2.64e-01 speedT=2.82e-07 cos=+1.00 k=1 lam_top=+0.50 align=1.00
[E7] 244/1728 (653s) gpt2 L1H8 sign=-0.73 symD=0 V=sym p=1 steps=3035: speed0=2.62e-01 speedT=2.68e-07 cos=+1.00 k=1 lam_top=+0.50 align=1.00
[E7] 245/1728 (654s) gpt2 L1H8 sign=-0.73 symD=1 V=full p=0 steps=2875: speed0=2.94e-02 speedT=5.43e-17 cos=+1.00 k=1 lam_top=+0.08 align=1.00
[E7] 246/1728 (657s) gpt2 L1H8 sign=-0.73 symD=1 V=full p=1 steps=2896: speed0=3.35e-02 speedT=4.60e-17 cos=+1.00 k=1 lam_top=+0.08 align=1.00
[E7] 247/1728 (658s) gpt2 L1H8 sign=-0.73 symD=0 V=push p=1 steps=7271: speed0=1.77e-01 speedT=2.93e-03 cos=+0.42 k=64 lam_top=-0.02 align=0.01
[E7] 248/1728 (658s) gpt2 L1H8 sign=-0.73 symD=0 V=push p=0 steps=7045: speed0=1.70e-01 speedT=2.19e-03 cos=+0.30 k=63 lam_top=-0.02 align=0.01
[E7] 249/1728 (658s) gpt2 L1H8 sign=-0.73 symD=1 V=sym p=0 steps=2969: speed0=2.69e-01 speedT=3.15e-07 cos=+1.00 k=1 lam_top=+0.50 align=1.00
[E7] 250/1728 (661s) gpt2 L1H8 sign=-0.73 symD=1 V=sym p=1 steps=3003: speed0=2.61e-01 speedT=2.56e-07 cos=+1.00 k=1 lam_top=+0.50 align=1.00
[E7] 251/1728 (662s) gpt2 L1H9 sign=-0.70 symD=0 V=full p=0 steps=3853: speed0=3.21e-02 speedT=1.23e-05 cos=+1.00 k=1 lam_top=+0.03 align=1.00
[E7] 252/1728 (664s) gpt2 L1H8 sign=-0.73 symD=1 V=push p=1 steps=4573: speed0=1.72e-01 speedT=3.96e-04 cos=+0.45 k=64 lam_top=-0.02 align=0.01
[E7] 253/1728 (665s) gpt2 L1H9 sign=-0.70 symD=0 V=full p=1 steps=3747: speed0=1.92e-02 speedT=5.20e-05 cos=+1.00 k=1 lam_top=+0.03 align=1.00
[E7] 254/1728 (665s) gpt2 L1H8 sign=-0.73 symD=1 V=push p=0 steps=6159: speed0=1.72e-01 speedT=8.11e-04 cos=+0.43 k=64 lam_top=-0.02 align=0.01
[E7] 255/1728 (666s) gpt2 L1H9 sign=-0.70 symD=0 V=sym p=0 steps=2787: speed0=2.02e-01 speedT=2.33e-07 cos=+1.00 k=1 lam_top=+0.50 align=1.00
[E7] 256/1728 (667s) gpt2 L1H9 sign=-0.70 symD=0 V=sym p=1 steps=2797: speed0=1.86e-01 speedT=2.33e-07 cos=+1.00 k=1 lam_top=+0.50 align=1.00
[E7] 257/1728 (670s) gpt2 L1H9 sign=-0.70 symD=1 V=full p=0 steps=3621: speed0=2.02e-02 speedT=1.69e-04 cos=+1.00 k=1 lam_top=+0.03 align=1.00
[E7] 258/1728 (671s) gpt2 L1H9 sign=-0.70 symD=0 V=push p=1 steps=4950: speed0=1.18e-01 speedT=5.28e-04 cos=+0.68 k=64 lam_top=-0.01 align=0.02
[E7] 259/1728 (671s) gpt2 L1H9 sign=-0.70 symD=1 V=full p=1 steps=3515: speed0=1.97e-02 speedT=1.40e-05 cos=+1.00 k=1 lam_top=+0.03 align=1.00
[E7] 260/1728 (673s) gpt2 L1H9 sign=-0.70 symD=0 V=push p=0 steps=7536: speed0=1.30e-01 speedT=2.00e-04 cos=+0.63 k=63 lam_top=-0.01 align=0.02
[E7] 261/1728 (673s) gpt2 L1H9 sign=-0.70 symD=1 V=sym p=0 steps=2689: speed0=2.11e-01 speedT=2.41e-07 cos=+1.00 k=1 lam_top=+0.50 align=1.00
[E7] 262/1728 (674s) gpt2 L1H9 sign=-0.70 symD=1 V=push p=0 steps=2657: speed0=1.32e-01 speedT=1.42e-04 cos=+0.59 k=63 lam_top=-0.01 align=0.01
[E7] 263/1728 (674s) gpt2 L1H9 sign=-0.70 symD=1 V=sym p=1 steps=2702: speed0=1.95e-01 speedT=3.10e-07 cos=+1.00 k=1 lam_top=+0.50 align=1.00
[E7] 264/1728 (676s) gpt2 L1H9 sign=-0.70 symD=1 V=push p=1 steps=2829: speed0=1.22e-01 speedT=1.13e-04 cos=+0.61 k=64 lam_top=-0.01 align=0.01
[E7] 265/1728 (677s) gpt2 L1H10 sign=-0.67 symD=0 V=full p=0 steps=4067: speed0=8.21e-02 speedT=4.54e-08 cos=+1.00 k=1 lam_top=+0.10 align=1.00
[E7] 266/1728 (678s) gpt2 L1H10 sign=-0.67 symD=0 V=full p=1 steps=4072: speed0=8.26e-02 speedT=4.54e-08 cos=+1.00 k=1 lam_top=+0.10 align=1.00
[E7] 267/1728 (679s) gpt2 L1H10 sign=-0.67 symD=0 V=sym p=0 steps=3673: speed0=1.97e-01 speedT=2.49e-07 cos=+1.00 k=1 lam_top=+0.51 align=1.00
[E7] 268/1728 (682s) gpt2 L1H10 sign=-0.67 symD=0 V=sym p=1 steps=3710: speed0=1.90e-01 speedT=2.48e-07 cos=+1.00 k=1 lam_top=+0.51 align=1.00
[E7] 269/1728 (683s) gpt2 L1H10 sign=-0.67 symD=1 V=full p=0 steps=3534: speed0=7.04e-02 speedT=4.54e-08 cos=+1.00 k=1 lam_top=+0.10 align=1.00
[E7] 270/1728 (686s) gpt2 L1H10 sign=-0.67 symD=1 V=full p=1 steps=3530: speed0=7.08e-02 speedT=4.54e-08 cos=+1.00 k=1 lam_top=+0.10 align=1.00
[E7] 271/1728 (688s) gpt2 L1H10 sign=-0.67 symD=1 V=sym p=0 steps=3671: speed0=1.98e-01 speedT=2.55e-07 cos=+1.00 k=1 lam_top=+0.51 align=1.00
[E7] 272/1728 (691s) gpt2 L1H10 sign=-0.67 symD=1 V=sym p=1 steps=3713: speed0=1.90e-01 speedT=2.46e-07 cos=+1.00 k=1 lam_top=+0.51 align=1.00
[E7] 273/1728 (692s) gpt2 L1H10 sign=-0.67 symD=0 V=push p=0 steps=14089: speed0=1.48e-01 speedT=8.00e-05 cos=-0.02 k=6 lam_top=-0.00 align=0.00
[E7] 274/1728 (694s) gpt2 L1H10 sign=-0.67 symD=0 V=push p=1 steps=16426: speed0=1.45e-01 speedT=8.71e-04 cos=+0.02 k=2 lam_top=-0.00 align=0.00
[E7] 275/1728 (696s) gpt2 L1H11 sign=-1.00 symD=0 V=full p=0 steps=4751: speed0=4.02e-02 speedT=1.14e-04 cos=+0.59 k=62 lam_top=-0.03 align=0.06
[E7] 276/1728 (698s) gpt2 L1H11 sign=-1.00 symD=0 V=full p=1 steps=4472: speed0=3.78e-02 speedT=5.91e-05 cos=+0.60 k=64 lam_top=-0.03 align=0.06
[E7] 277/1728 (700s) gpt2 L1H11 sign=-1.00 symD=0 V=sym p=0 steps=2807: speed0=2.17e-01 speedT=3.15e-07 cos=+1.00 k=1 lam_top=+0.41 align=1.00
[E7] 278/1728 (702s) gpt2 L1H11 sign=-1.00 symD=0 V=sym p=1 steps=2878: speed0=2.04e-01 speedT=3.02e-07 cos=+1.00 k=1 lam_top=+0.41 align=1.00
[E7] 279/1728 (709s) gpt2 L1H10 sign=-0.67 symD=1 V=push p=1 steps=15543: speed0=1.42e-01 speedT=9.70e-05 cos=-0.01 k=8 lam_top=-0.00 align=0.01
[E7] 280/1728 (712s) gpt2 L1H11 sign=-1.00 symD=0 V=push p=1 steps=10750: speed0=1.53e-01 speedT=3.26e-07 cos=+0.60 k=2 lam_top=-0.05 align=0.00
[E7] 281/1728 (712s) gpt2 L1H11 sign=-1.00 symD=0 V=push p=0 steps=11528: speed0=1.63e-01 speedT=3.60e-07 cos=-0.01 k=2 lam_top=-0.05 align=0.00
[E7] 282/1728 (712s) gpt2 L1H11 sign=-1.00 symD=1 V=full p=0 steps=2547: speed0=3.80e-02 speedT=2.12e-05 cos=+0.58 k=62 lam_top=-0.03 align=0.06
[E7] 283/1728 (717s) gpt2 L1H11 sign=-1.00 symD=1 V=sym p=0 steps=2826: speed0=2.21e-01 speedT=3.56e-07 cos=+1.00 k=1 lam_top=+0.41 align=1.00
[E7] 284/1728 (717s) gpt2 L1H11 sign=-1.00 symD=1 V=sym p=1 steps=2917: speed0=2.06e-01 speedT=3.17e-07 cos=+1.00 k=1 lam_top=+0.41 align=1.00
[E7] 285/1728 (720s) gpt2 L1H11 sign=-1.00 symD=1 V=full p=1 steps=7958: speed0=3.66e-02 speedT=6.51e-05 cos=+0.58 k=64 lam_top=-0.03 align=0.06
[E7] 286/1728 (721s) gpt2 L1H10 sign=-0.67 symD=1 V=push p=0 steps=28451: speed0=1.46e-01 speedT=8.39e-04 cos=+0.09 k=5 lam_top=-0.00 align=0.10
[E7] 287/1728 (724s) gpt2 L2H0 sign=-0.78 symD=0 V=full p=0 steps=4661: speed0=9.35e-02 speedT=6.45e-08 cos=+1.00 k=1 lam_top=+0.06 align=1.00
[E7] 288/1728 (725s) gpt2 L2H0 sign=-0.78 symD=0 V=full p=1 steps=4368: speed0=8.94e-02 speedT=3.57e-08 cos=+1.00 k=1 lam_top=+0.06 align=1.00
[E7] 289/1728 (726s) gpt2 L1H11 sign=-1.00 symD=1 V=push p=0 steps=7836: speed0=1.65e-01 speedT=2.78e-07 cos=+0.76 k=2 lam_top=-0.05 align=0.00
[E7] 290/1728 (727s) gpt2 L1H11 sign=-1.00 symD=1 V=push p=1 steps=8739: speed0=1.54e-01 speedT=3.26e-07 cos=+0.63 k=3 lam_top=-0.05 align=0.00
[E7] 291/1728 (727s) gpt2 L2H0 sign=-0.78 symD=0 V=sym p=0 steps=2666: speed0=1.85e-01 speedT=3.45e-07 cos=+1.00 k=1 lam_top=+0.46 align=1.00
[E7] 292/1728 (729s) gpt2 L2H0 sign=-0.78 symD=0 V=sym p=1 steps=2682: speed0=2.00e-01 speedT=3.23e-07 cos=+1.00 k=1 lam_top=+0.46 align=1.00
[E7] 293/1728 (732s) gpt2 L2H0 sign=-0.78 symD=1 V=full p=0 steps=4329: speed0=8.61e-02 speedT=1.82e-08 cos=+1.00 k=1 lam_top=+0.06 align=1.00
[E7] 294/1728 (733s) gpt2 L2H0 sign=-0.78 symD=1 V=full p=1 steps=4160: speed0=8.56e-02 speedT=2.02e-08 cos=+1.00 k=1 lam_top=+0.06 align=1.00
[E7] 295/1728 (737s) gpt2 L2H0 sign=-0.78 symD=1 V=sym p=0 steps=2668: speed0=1.82e-01 speedT=2.12e-07 cos=+1.00 k=1 lam_top=+0.46 align=1.00
[E7] 296/1728 (737s) gpt2 L2H0 sign=-0.78 symD=1 V=sym p=1 steps=2673: speed0=1.85e-01 speedT=2.14e-07 cos=+1.00 k=1 lam_top=+0.46 align=1.00
[E7] 297/1728 (756s) gpt2 L2H0 sign=-0.78 symD=1 V=push p=0 steps=16241: speed0=1.31e-01 speedT=4.57e-04 cos=-0.00 k=62 lam_top=-0.04 align=0.00
[E7] 298/1728 (757s) gpt2 L2H0 sign=-0.78 symD=1 V=push p=1 steps=15508: speed0=1.37e-01 speedT=5.21e-04 cos=-0.00 k=64 lam_top=-0.04 align=0.00
[E7] 299/1728 (759s) gpt2 L2H1 sign=+0.90 symD=0 V=full p=0 steps=3793: speed0=2.27e-02 speedT=6.83e-08 cos=+1.00 k=1 lam_top=+0.28 align=1.00
[E7] 300/1728 (761s) gpt2 L2H1 sign=+0.90 symD=0 V=full p=1 steps=4136: speed0=2.79e-02 speedT=2.78e-08 cos=+1.00 k=1 lam_top=+0.28 align=1.00
[E7] 301/1728 (763s) gpt2 L2H1 sign=+0.90 symD=0 V=sym p=0 steps=2874: speed0=1.68e-01 speedT=3.29e-07 cos=+1.00 k=1 lam_top=+0.59 align=1.00
[E7] 302/1728 (764s) gpt2 L2H1 sign=+0.90 symD=0 V=sym p=1 steps=2879: speed0=1.74e-01 speedT=3.47e-07 cos=+1.00 k=1 lam_top=+0.59 align=1.00
[E7] 303/1728 (773s) gpt2 L2H1 sign=+0.90 symD=0 V=push p=1 steps=8764: speed0=1.08e-01 speedT=1.96e-04 cos=-0.01 k=2 lam_top=-0.06 align=0.00
[E7] 304/1728 (775s) gpt2 L2H0 sign=-0.78 symD=0 V=push p=1 steps=46680: speed0=1.46e-01 speedT=1.06e-02 cos=+0.01 k=20 lam_top=-0.04 align=0.00
[E7] 305/1728 (777s) gpt2 L2H1 sign=+0.90 symD=1 V=full p=0 steps=3723: speed0=2.53e-02 speedT=5.53e-08 cos=+1.00 k=1 lam_top=+0.28 align=1.00
[E7] 306/1728 (780s) gpt2 L2H1 sign=+0.90 symD=1 V=full p=1 steps=4347: speed0=3.33e-02 speedT=4.39e-08 cos=+1.00 k=1 lam_top=+0.28 align=1.00
[E7] 307/1728 (782s) gpt2 L2H1 sign=+0.90 symD=1 V=sym p=0 steps=2867: speed0=1.70e-01 speedT=2.19e-07 cos=+1.00 k=1 lam_top=+0.59 align=1.00
[E7] 308/1728 (784s) gpt2 L2H1 sign=+0.90 symD=1 V=sym p=1 steps=2890: speed0=1.71e-01 speedT=2.48e-07 cos=+1.00 k=1 lam_top=+0.59 align=1.00
[E7] 309/1728 (793s) gpt2 L2H0 sign=-0.78 symD=0 V=push p=0 steps=65970: speed0=1.33e-01 speedT=6.81e-02 cos=-0.00 k=46 lam_top=-0.04 align=0.01
[E7] 310/1728 (796s) gpt2 L2H1 sign=+0.90 symD=0 V=push p=0 steps=34218: speed0=1.06e-01 speedT=2.37e-02 cos=-0.01 k=4 lam_top=-0.06 align=0.00
[E7] 311/1728 (797s) gpt2 L2H2 sign=+0.47 symD=0 V=full p=0 steps=4187: speed0=5.86e-02 speedT=4.00e-08 cos=+1.00 k=1 lam_top=+0.24 align=1.00
[E7] 312/1728 (801s) gpt2 L2H2 sign=+0.47 symD=0 V=full p=1 steps=4380: speed0=7.35e-02 speedT=4.00e-08 cos=+1.00 k=1 lam_top=+0.24 align=1.00
[E7] 313/1728 (802s) gpt2 L2H2 sign=+0.47 symD=0 V=sym p=0 steps=2882: speed0=1.72e-01 speedT=2.02e-07 cos=+1.00 k=1 lam_top=+0.53 align=1.00
[E7] 314/1728 (804s) gpt2 L2H1 sign=+0.90 symD=1 V=push p=1 steps=15017: speed0=1.04e-01 speedT=1.73e-04 cos=+0.09 k=51 lam_top=-0.06 align=0.00
[E7] 315/1728 (805s) gpt2 L2H2 sign=+0.47 symD=0 V=sym p=1 steps=2872: speed0=1.97e-01 speedT=2.38e-07 cos=+1.00 k=1 lam_top=+0.53 align=1.00
[E7] 316/1728 (808s) gpt2 L2H2 sign=+0.47 symD=0 V=push p=0 steps=5558: speed0=1.13e-01 speedT=2.15e-05 cos=+0.67 k=59 lam_top=-0.10 align=0.03
[E7] 317/1728 (808s) gpt2 L2H1 sign=+0.90 symD=1 V=push p=0 steps=20527: speed0=1.05e-01 speedT=2.39e-04 cos=+0.25 k=57 lam_top=-0.06 align=0.00
[E7] 318/1728 (809s) gpt2 L2H2 sign=+0.47 symD=1 V=full p=0 steps=3836: speed0=4.67e-02 speedT=4.00e-08 cos=+1.00 k=1 lam_top=+0.24 align=1.00
[E7] 319/1728 (813s) gpt2 L2H2 sign=+0.47 symD=1 V=sym p=0 steps=2832: speed0=1.68e-01 speedT=3.67e-07 cos=+1.00 k=1 lam_top=+0.53 align=1.00
[E7] 320/1728 (813s) gpt2 L2H2 sign=+0.47 symD=1 V=full p=1 steps=3965: speed0=4.88e-02 speedT=4.00e-08 cos=+1.00 k=1 lam_top=+0.24 align=1.00
[E7] 321/1728 (813s) gpt2 L2H2 sign=+0.47 symD=1 V=sym p=1 steps=2828: speed0=1.78e-01 speedT=2.48e-07 cos=+1.00 k=1 lam_top=+0.53 align=1.00
[E7] 322/1728 (817s) gpt2 L2H3 sign=-0.67 symD=0 V=full p=0 steps=4203: speed0=1.15e-01 speedT=9.48e-08 cos=+1.00 k=1 lam_top=+0.10 align=1.00
[E7] 323/1728 (820s) gpt2 L2H2 sign=+0.47 symD=0 V=push p=1 steps=16412: speed0=1.25e-01 speedT=5.84e-04 cos=+0.56 k=60 lam_top=-0.10 align=0.01
[E7] 324/1728 (821s) gpt2 L2H3 sign=-0.67 symD=0 V=full p=1 steps=4620: speed0=1.09e-01 speedT=1.48e-07 cos=+1.00 k=1 lam_top=+0.10 align=1.00
[E7] 325/1728 (823s) gpt2 L2H3 sign=-0.67 symD=0 V=sym p=0 steps=2734: speed0=1.71e-01 speedT=3.70e-07 cos=+1.00 k=1 lam_top=+0.44 align=1.00
[E7] 326/1728 (825s) gpt2 L2H3 sign=-0.67 symD=0 V=sym p=1 steps=2790: speed0=1.88e-01 speedT=3.42e-07 cos=+1.00 k=1 lam_top=+0.44 align=1.00
[E7] 327/1728 (848s) gpt2 L2H3 sign=-0.67 symD=0 V=push p=0 steps=24009: speed0=1.23e-01 speedT=8.81e-03 cos=+0.16 k=43 lam_top=-0.06 align=0.01
[E7] 328/1728 (853s) gpt2 L2H3 sign=-0.67 symD=1 V=full p=0 steps=3988: speed0=9.01e-02 speedT=1.40e-07 cos=+1.00 k=1 lam_top=+0.10 align=1.00
[E7] 329/1728 (857s) gpt2 L2H3 sign=-0.67 symD=1 V=full p=1 steps=4140: speed0=9.24e-02 speedT=1.64e-07 cos=+1.00 k=1 lam_top=+0.10 align=1.00
[E7] 330/1728 (859s) gpt2 L2H2 sign=+0.47 symD=1 V=push p=1 steps=39397: speed0=1.13e-01 speedT=1.32e-02 cos=+0.00 k=14 lam_top=-0.10 align=0.00
[E7] 331/1728 (859s) gpt2 L2H2 sign=+0.47 symD=1 V=push p=0 steps=39097: speed0=1.08e-01 speedT=1.47e-03 cos=+0.02 k=6 lam_top=-0.10 align=0.00
[E7] 332/1728 (861s) gpt2 L2H3 sign=-0.67 symD=1 V=sym p=0 steps=2713: speed0=1.75e-01 speedT=3.17e-07 cos=+1.00 k=1 lam_top=+0.44 align=1.00
[E7] 333/1728 (863s) gpt2 L2H3 sign=-0.67 symD=1 V=sym p=1 steps=2761: speed0=1.72e-01 speedT=3.47e-07 cos=+1.00 k=1 lam_top=+0.44 align=1.00
[E7] 334/1728 (875s) gpt2 L2H3 sign=-0.67 symD=0 V=push p=1 steps=53322: speed0=1.33e-01 speedT=1.74e-03 cos=+0.04 k=23 lam_top=-0.06 align=0.03
[E7] 335/1728 (879s) gpt2 L2H4 sign=+0.79 symD=0 V=full p=0 steps=15571: speed0=6.54e-02 speedT=2.08e-02 cos=+1.00 k=1 lam_top=+0.27 align=1.00
[E7] 336/1728 (883s) gpt2 L2H4 sign=+0.79 symD=0 V=sym p=0 steps=2917: speed0=1.82e-01 speedT=3.00e-07 cos=+1.00 k=1 lam_top=+0.56 align=1.00
[E7] 337/1728 (887s) gpt2 L2H4 sign=+0.79 symD=0 V=sym p=1 steps=2927: speed0=1.97e-01 speedT=2.26e-07 cos=+1.00 k=1 lam_top=+0.56 align=1.00
[E7] 338/1728 (890s) gpt2 L2H4 sign=+0.79 symD=0 V=full p=1 steps=17008: speed0=6.85e-02 speedT=9.96e-03 cos=+1.00 k=1 lam_top=+0.27 align=1.00
[E7] 339/1728 (892s) gpt2 L2H3 sign=-0.67 symD=1 V=push p=0 steps=27215: speed0=1.28e-01 speedT=1.60e-03 cos=-0.01 k=28 lam_top=-0.06 align=0.00
[E7] 340/1728 (900s) gpt2 L2H4 sign=+0.79 symD=0 V=push p=0 steps=13267: speed0=1.14e-01 speedT=1.45e-07 cos=+0.06 k=2 lam_top=-0.11 align=0.00
[E7] 341/1728 (903s) gpt2 L2H3 sign=-0.67 symD=1 V=push p=1 steps=35988: speed0=1.25e-01 speedT=1.55e-04 cos=-0.02 k=17 lam_top=-0.06 align=0.01
[E7] 342/1728 (908s) gpt2 L2H4 sign=+0.79 symD=1 V=sym p=0 steps=2912: speed0=1.76e-01 speedT=2.17e-07 cos=+1.00 k=1 lam_top=+0.56 align=1.00
[E7] 343/1728 (911s) gpt2 L2H4 sign=+0.79 symD=0 V=push p=1 steps=21085: speed0=1.26e-01 speedT=1.29e-07 cos=+0.31 k=2 lam_top=-0.11 align=0.00
[E7] 344/1728 (911s) gpt2 L2H4 sign=+0.79 symD=1 V=full p=0 steps=18185: speed0=4.95e-02 speedT=6.72e-03 cos=+1.00 k=1 lam_top=+0.27 align=1.00
[E7] 345/1728 (913s) gpt2 L2H4 sign=+0.79 symD=1 V=sym p=1 steps=2886: speed0=1.81e-01 speedT=2.59e-07 cos=+1.00 k=1 lam_top=+0.56 align=1.00
[E7] 346/1728 (918s) gpt2 L2H5 sign=-0.85 symD=0 V=full p=0 steps=5326: speed0=7.05e-02 speedT=4.52e-08 cos=+1.00 k=1 lam_top=+0.05 align=1.00
[E7] 347/1728 (922s) gpt2 L2H5 sign=-0.85 symD=0 V=full p=1 steps=3991: speed0=8.20e-02 speedT=4.52e-08 cos=+1.00 k=1 lam_top=+0.05 align=1.00
[E7] 348/1728 (922s) gpt2 L2H4 sign=+0.79 symD=1 V=full p=1 steps=19073: speed0=4.96e-02 speedT=6.74e-03 cos=+1.00 k=1 lam_top=+0.27 align=1.00
[E7] 349/1728 (924s) gpt2 L2H4 sign=+0.79 symD=1 V=push p=1 steps=10228: speed0=1.14e-01 speedT=1.55e-07 cos=+0.56 k=2 lam_top=-0.11 align=0.00
[E7] 350/1728 (925s) gpt2 L2H4 sign=+0.79 symD=1 V=push p=0 steps=12807: speed0=1.10e-01 speedT=1.51e-07 cos=+0.07 k=3 lam_top=-0.11 align=0.00
[E7] 351/1728 (926s) gpt2 L2H5 sign=-0.85 symD=0 V=sym p=1 steps=2802: speed0=1.88e-01 speedT=2.33e-07 cos=+1.00 k=1 lam_top=+0.43 align=1.00
[E7] 352/1728 (926s) gpt2 L2H5 sign=-0.85 symD=0 V=sym p=0 steps=2790: speed0=1.76e-01 speedT=2.80e-07 cos=+1.00 k=1 lam_top=+0.43 align=1.00
[E7] 353/1728 (930s) gpt2 L2H5 sign=-0.85 symD=1 V=full p=1 steps=3860: speed0=6.50e-02 speedT=4.51e-08 cos=+1.00 k=1 lam_top=+0.05 align=1.00
[E7] 354/1728 (930s) gpt2 L2H5 sign=-0.85 symD=1 V=full p=0 steps=4038: speed0=6.40e-02 speedT=4.51e-08 cos=+1.00 k=1 lam_top=+0.05 align=1.00
[E7] 355/1728 (935s) gpt2 L2H5 sign=-0.85 symD=1 V=sym p=0 steps=2760: speed0=1.70e-01 speedT=3.70e-07 cos=+1.00 k=1 lam_top=+0.43 align=1.00
[E7] 356/1728 (935s) gpt2 L2H5 sign=-0.85 symD=1 V=sym p=1 steps=2766: speed0=1.72e-01 speedT=2.71e-07 cos=+1.00 k=1 lam_top=+0.43 align=1.00
[E7] 357/1728 (950s) gpt2 L2H5 sign=-0.85 symD=1 V=push p=0 steps=13346: speed0=1.20e-01 speedT=3.24e-04 cos=+0.08 k=4 lam_top=-0.06 align=0.00
[E7] 358/1728 (951s) gpt2 L2H5 sign=-0.85 symD=1 V=push p=1 steps=13965: speed0=1.23e-01 speedT=4.86e-07 cos=+0.06 k=4 lam_top=-0.06 align=0.00
[E7] 359/1728 (953s) gpt2 L2H6 sign=-0.91 symD=0 V=full p=0 steps=3614: speed0=7.50e-02 speedT=3.66e-08 cos=+1.00 k=1 lam_top=+0.05 align=1.00
[E7] 360/1728 (953s) gpt2 L2H5 sign=-0.85 symD=0 V=push p=1 steps=30115: speed0=1.38e-01 speedT=2.11e-03 cos=+0.24 k=33 lam_top=-0.06 align=0.00
[E7] 361/1728 (955s) gpt2 L2H6 sign=-0.91 symD=0 V=full p=1 steps=4211: speed0=6.79e-02 speedT=3.07e-08 cos=+1.00 k=1 lam_top=+0.05 align=1.00
[E7] 362/1728 (957s) gpt2 L2H5 sign=-0.85 symD=0 V=push p=0 steps=33089: speed0=1.28e-01 speedT=5.82e-05 cos=+0.50 k=5 lam_top=-0.06 align=0.00
[E7] 363/1728 (958s) gpt2 L2H6 sign=-0.91 symD=0 V=sym p=0 steps=3965: speed0=1.35e-01 speedT=2.75e-07 cos=+1.00 k=1 lam_top=+0.43 align=1.00
[E7] 364/1728 (959s) gpt2 L2H6 sign=-0.91 symD=0 V=sym p=1 steps=4421: speed0=1.45e-01 speedT=3.78e-07 cos=+1.00 k=1 lam_top=+0.43 align=1.00
[E7] 365/1728 (962s) gpt2 L2H6 sign=-0.91 symD=1 V=full p=0 steps=4105: speed0=8.63e-02 speedT=9.31e-08 cos=+1.00 k=1 lam_top=+0.05 align=1.00
[E7] 366/1728 (964s) gpt2 L2H6 sign=-0.91 symD=1 V=full p=1 steps=4148: speed0=8.21e-02 speedT=6.49e-08 cos=+1.00 k=1 lam_top=+0.05 align=1.00
[E7] 367/1728 (967s) gpt2 L2H6 sign=-0.91 symD=0 V=push p=0 steps=11374: speed0=9.63e-02 speedT=6.79e-03 cos=+0.02 k=41 lam_top=-0.03 align=0.00
[E7] 368/1728 (968s) gpt2 L2H6 sign=-0.91 symD=1 V=sym p=0 steps=3911: speed0=1.34e-01 speedT=3.63e-07 cos=+1.00 k=1 lam_top=+0.43 align=1.00
[E7] 369/1728 (969s) gpt2 L2H6 sign=-0.91 symD=1 V=sym p=1 steps=4102: speed0=1.35e-01 speedT=3.43e-07 cos=+1.00 k=1 lam_top=+0.43 align=1.00
[E7] 370/1728 (977s) gpt2 L2H6 sign=-0.91 symD=0 V=push p=1 steps=19817: speed0=1.08e-01 speedT=2.77e-03 cos=+0.07 k=48 lam_top=-0.03 align=0.00
[E7] 371/1728 (980s) gpt2 L2H6 sign=-0.91 symD=1 V=push p=0 steps=11056: speed0=9.78e-02 speedT=5.85e-04 cos=+0.18 k=64 lam_top=-0.03 align=0.01
[E7] 372/1728 (981s) gpt2 L2H6 sign=-0.91 symD=1 V=push p=1 steps=11026: speed0=9.97e-02 speedT=4.66e-04 cos=+0.19 k=64 lam_top=-0.03 align=0.01
[E7] 373/1728 (984s) gpt2 L2H7 sign=-0.58 symD=0 V=sym p=0 steps=2989: speed0=1.42e-01 speedT=2.05e-07 cos=+1.00 k=1 lam_top=+0.50 align=1.00
[E7] 374/1728 (985s) gpt2 L2H7 sign=-0.58 symD=0 V=sym p=1 steps=2994: speed0=1.43e-01 speedT=2.05e-07 cos=+1.00 k=1 lam_top=+0.50 align=1.00
[E7] 375/1728 (1024s) gpt2 L2H7 sign=-0.58 symD=0 V=push p=1 steps=40098: speed0=1.04e-01 speedT=1.04e-02 cos=+0.00 k=3 lam_top=-0.02 align=0.00
[E7] 376/1728 (1039s) gpt2 L2H7 sign=-0.58 symD=0 V=push p=0 steps=54488: speed0=1.04e-01 speedT=1.18e-03 cos=-0.01 k=2 lam_top=-0.02 align=0.00
[E7] 377/1728 (1134s) gpt2 L2H7 sign=-0.58 symD=0 V=full p=0 steps=182475: speed0=7.48e-02 speedT=4.92e-01 cos=+1.00 k=1 lam_top=+0.09 align=1.00
[E7] 378/1728 (1138s) gpt2 L2H7 sign=-0.58 symD=1 V=sym p=0 steps=3034: speed0=1.40e-01 speedT=2.15e-07 cos=+1.00 k=1 lam_top=+0.50 align=1.00
[E7] 379/1728 (1143s) gpt2 L2H7 sign=-0.58 symD=1 V=sym p=1 steps=3034: speed0=1.40e-01 speedT=1.70e-07 cos=+1.00 k=1 lam_top=+0.50 align=1.00
[E7] 380/1728 (1146s) gpt2 L2H7 sign=-0.58 symD=0 V=full p=1 steps=182404: speed0=7.49e-02 speedT=4.97e-01 cos=+1.00 k=1 lam_top=+0.09 align=1.00
[E7] 381/1728 (1154s) gpt2 L2H7 sign=-0.58 symD=1 V=push p=1 steps=7525: speed0=1.00e-01 speedT=9.35e-05 cos=+0.78 k=63 lam_top=-0.02 align=0.01
[E7] 382/1728 (1158s) gpt2 L2H7 sign=-0.58 symD=1 V=push p=0 steps=13493: speed0=1.00e-01 speedT=2.43e-04 cos=+0.60 k=60 lam_top=-0.02 align=0.00
[E7] 383/1728 (1159s) gpt2 L2H8 sign=-0.32 symD=0 V=full p=0 steps=5597: speed0=1.13e-01 speedT=6.36e-03 cos=+1.00 k=1 lam_top=+0.15 align=1.00
[E7] 384/1728 (1162s) gpt2 L2H8 sign=-0.32 symD=0 V=sym p=0 steps=3171: speed0=1.46e-01 speedT=2.14e-07 cos=+1.00 k=1 lam_top=+0.46 align=1.00
[E7] 385/1728 (1164s) gpt2 L2H8 sign=-0.32 symD=0 V=full p=1 steps=6362: speed0=1.27e-01 speedT=4.41e-03 cos=+1.00 k=1 lam_top=+0.15 align=1.00
[E7] 386/1728 (1167s) gpt2 L2H8 sign=-0.32 symD=0 V=sym p=1 steps=3265: speed0=1.68e-01 speedT=3.13e-07 cos=+1.00 k=1 lam_top=+0.46 align=1.00
[E7] 387/1728 (1201s) gpt2 L2H8 sign=-0.32 symD=0 V=push p=0 steps=40107: speed0=1.01e-01 speedT=7.33e-04 cos=+0.17 k=38 lam_top=-0.09 align=0.02
[E7] 388/1728 (1208s) gpt2 L2H8 sign=-0.32 symD=1 V=full p=0 steps=6587: speed0=9.82e-02 speedT=9.54e-03 cos=+1.00 k=1 lam_top=+0.15 align=1.00
[E7] 389/1728 (1215s) gpt2 L2H8 sign=-0.32 symD=1 V=full p=1 steps=6135: speed0=9.81e-02 speedT=4.19e-03 cos=+1.00 k=1 lam_top=+0.15 align=1.00
[E7] 390/1728 (1219s) gpt2 L2H8 sign=-0.32 symD=0 V=push p=1 steps=52065: speed0=1.23e-01 speedT=7.89e-04 cos=+0.08 k=11 lam_top=-0.09 align=0.00
[E7] 391/1728 (1220s) gpt2 L2H8 sign=-0.32 symD=1 V=sym p=0 steps=3154: speed0=1.45e-01 speedT=2.05e-07 cos=+1.00 k=1 lam_top=+0.46 align=1.00
[E7] 392/1728 (1223s) gpt2 L2H8 sign=-0.32 symD=1 V=sym p=1 steps=3157: speed0=1.48e-01 speedT=3.12e-07 cos=+1.00 k=1 lam_top=+0.46 align=1.00
[E7] 393/1728 (1225s) gpt2 L2H7 sign=-0.58 symD=1 V=full p=0 steps=182276: speed0=4.73e-02 speedT=3.87e-01 cos=+1.00 k=1 lam_top=+0.09 align=1.00
[E7] 394/1728 (1229s) gpt2 L2H9 sign=-0.03 symD=0 V=full p=0 steps=3826: speed0=1.26e-01 speedT=1.39e-07 cos=+1.00 k=1 lam_top=+0.30 align=1.00
[E7] 395/1728 (1233s) gpt2 L2H9 sign=-0.03 symD=0 V=full p=1 steps=3922: speed0=1.40e-01 speedT=1.25e-07 cos=+1.00 k=1 lam_top=+0.30 align=1.00
[E7] 396/1728 (1237s) gpt2 L2H9 sign=-0.03 symD=0 V=sym p=0 steps=3685: speed0=1.56e-01 speedT=2.84e-07 cos=+1.00 k=1 lam_top=+0.50 align=1.00
[E7] 397/1728 (1240s) gpt2 L2H7 sign=-0.58 symD=1 V=full p=1 steps=182245: speed0=4.87e-02 speedT=3.86e-01 cos=+1.00 k=1 lam_top=+0.09 align=1.00
[E7] 398/1728 (1242s) gpt2 L2H9 sign=-0.03 symD=0 V=sym p=1 steps=3712: speed0=1.87e-01 speedT=2.74e-07 cos=+1.00 k=1 lam_top=+0.50 align=1.00
[E7] 399/1728 (1243s) gpt2 L2H8 sign=-0.32 symD=1 V=push p=0 steps=20789: speed0=1.02e-01 speedT=8.69e-04 cos=-0.01 k=38 lam_top=-0.09 align=0.00
[E7] 400/1728 (1246s) gpt2 L2H8 sign=-0.32 symD=1 V=push p=1 steps=19801: speed0=1.03e-01 speedT=7.89e-05 cos=-0.01 k=42 lam_top=-0.09 align=0.00
[E7] 401/1728 (1247s) gpt2 L2H9 sign=-0.03 symD=1 V=full p=0 steps=3913: speed0=1.23e-01 speedT=1.45e-07 cos=+1.00 k=1 lam_top=+0.30 align=1.00
[E7] 402/1728 (1250s) gpt2 L2H9 sign=-0.03 symD=1 V=full p=1 steps=3879: speed0=1.26e-01 speedT=1.45e-07 cos=+1.00 k=1 lam_top=+0.30 align=1.00
[E7] 403/1728 (1252s) gpt2 L2H9 sign=-0.03 symD=1 V=sym p=0 steps=3669: speed0=1.59e-01 speedT=2.08e-07 cos=+1.00 k=1 lam_top=+0.50 align=1.00
[E7] 404/1728 (1255s) gpt2 L2H9 sign=-0.03 symD=0 V=push p=1 steps=13712: speed0=1.41e-01 speedT=1.44e-03 cos=+0.30 k=53 lam_top=-0.04 align=0.03
[E7] 405/1728 (1256s) gpt2 L2H9 sign=-0.03 symD=1 V=sym p=1 steps=3706: speed0=1.66e-01 speedT=2.08e-07 cos=+1.00 k=1 lam_top=+0.50 align=1.00
[E7] 406/1728 (1277s) gpt2 L2H9 sign=-0.03 symD=1 V=push p=0 steps=22644: speed0=1.19e-01 speedT=7.76e-04 cos=-0.01 k=17 lam_top=-0.04 align=0.00
[E7] 407/1728 (1282s) gpt2 L2H9 sign=-0.03 symD=1 V=push p=1 steps=24514: speed0=1.25e-01 speedT=1.10e-03 cos=-0.01 k=10 lam_top=-0.04 align=0.01
[E7] 408/1728 (1285s) gpt2 L2H10 sign=-0.92 symD=0 V=sym p=0 steps=2673: speed0=1.91e-01 speedT=3.67e-07 cos=+1.00 k=1 lam_top=+0.42 align=1.00
[E7] 409/1728 (1287s) gpt2 L2H10 sign=-0.92 symD=0 V=sym p=1 steps=2591: speed0=2.06e-01 speedT=2.91e-07 cos=+1.00 k=1 lam_top=+0.42 align=1.00
[E7] 410/1728 (1290s) gpt2 L2H9 sign=-0.03 symD=0 V=push p=0 steps=55652: speed0=1.12e-01 speedT=1.08e-02 cos=+0.16 k=37 lam_top=-0.04 align=0.04
[E7] 411/1728 (1291s) gpt2 L2H10 sign=-0.92 symD=0 V=full p=0 steps=40020: speed0=8.23e-02 speedT=7.65e-02 cos=+1.00 k=1 lam_top=+0.07 align=1.00
[E7] 412/1728 (1309s) gpt2 L2H10 sign=-0.92 symD=0 V=full p=1 steps=40036: speed0=8.61e-02 speedT=7.56e-02 cos=+1.00 k=1 lam_top=+0.07 align=1.00
[E7] 413/1728 (1309s) gpt2 L2H10 sign=-0.92 symD=0 V=push p=0 steps=23880: speed0=1.49e-01 speedT=7.44e-04 cos=+0.35 k=55 lam_top=-0.02 align=0.01
[E7] 414/1728 (1312s) gpt2 L2H10 sign=-0.92 symD=1 V=sym p=0 steps=2665: speed0=1.97e-01 speedT=2.21e-07 cos=+1.00 k=1 lam_top=+0.42 align=1.00
[E7] 415/1728 (1315s) gpt2 L2H10 sign=-0.92 symD=1 V=sym p=1 steps=2621: speed0=1.94e-01 speedT=2.78e-07 cos=+1.00 k=1 lam_top=+0.42 align=1.00
[E7] 416/1728 (1317s) gpt2 L2H10 sign=-0.92 symD=0 V=push p=1 steps=31366: speed0=1.58e-01 speedT=6.09e-04 cos=+0.07 k=42 lam_top=-0.02 align=0.00
[E7] 417/1728 (1324s) gpt2 L2H10 sign=-0.92 symD=1 V=push p=1 steps=8355: speed0=1.50e-01 speedT=3.53e-05 cos=-0.00 k=20 lam_top=-0.02 align=0.00
[E7] 418/1728 (1328s) gpt2 L2H10 sign=-0.92 symD=1 V=push p=0 steps=11793: speed0=1.53e-01 speedT=5.41e-05 cos=+0.01 k=33 lam_top=-0.02 align=0.00
[E7] 419/1728 (1330s) gpt2 L2H10 sign=-0.92 symD=1 V=full p=0 steps=39949: speed0=8.00e-02 speedT=6.86e-02 cos=+1.00 k=1 lam_top=+0.07 align=1.00
[E7] 420/1728 (1335s) gpt2 L2H11 sign=-0.97 symD=0 V=sym p=0 steps=3796: speed0=1.86e-01 speedT=1.89e-07 cos=+1.00 k=1 lam_top=+0.45 align=1.00
[E7] 421/1728 (1337s) gpt2 L2H11 sign=-0.97 symD=0 V=full p=0 steps=16276: speed0=1.66e-01 speedT=5.33e-04 cos=+0.78 k=30 lam_top=-0.03 align=0.84
[E7] 422/1728 (1340s) gpt2 L2H11 sign=-0.97 symD=0 V=sym p=1 steps=3761: speed0=2.00e-01 speedT=2.24e-07 cos=+1.00 k=1 lam_top=+0.45 align=1.00
[E7] 423/1728 (1343s) gpt2 L2H10 sign=-0.92 symD=1 V=full p=1 steps=39954: speed0=8.24e-02 speedT=6.87e-02 cos=+1.00 k=1 lam_top=+0.07 align=1.00
[E7] 424/1728 (1347s) gpt2 L2H11 sign=-0.97 symD=1 V=full p=0 steps=4067: speed0=1.56e-01 speedT=1.10e-05 cos=+0.99 k=16 lam_top=-0.03 align=0.95
[E7] 425/1728 (1351s) gpt2 L2H11 sign=-0.97 symD=1 V=full p=1 steps=4509: speed0=1.56e-01 speedT=2.13e-04 cos=+0.99 k=17 lam_top=-0.03 align=0.95
[E7] 426/1728 (1355s) gpt2 L2H11 sign=-0.97 symD=1 V=sym p=0 steps=3627: speed0=1.99e-01 speedT=2.08e-07 cos=+1.00 k=1 lam_top=+0.45 align=1.00
[E7] 427/1728 (1360s) gpt2 L2H11 sign=-0.97 symD=1 V=sym p=1 steps=3625: speed0=1.96e-01 speedT=2.24e-07 cos=+1.00 k=1 lam_top=+0.45 align=1.00
[E7] 428/1728 (1365s) gpt2 L2H11 sign=-0.97 symD=0 V=full p=1 steps=42411: speed0=1.63e-01 speedT=9.94e-03 cos=+0.87 k=13 lam_top=-0.03 align=1.00
[E7] 429/1728 (1382s) gpt2 L2H11 sign=-0.97 symD=0 V=push p=0 steps=59353: speed0=1.34e-01 speedT=6.94e-06 cos=-0.02 k=2 lam_top=-0.05 align=0.00
[E7] 430/1728 (1390s) gpt2 L3H0 sign=+0.59 symD=0 V=full p=0 steps=8691: speed0=4.86e-02 speedT=1.28e-06 cos=+0.94 k=2 lam_top=+0.26 align=1.00
[E7] 431/1728 (1395s) gpt2 L3H0 sign=+0.59 symD=0 V=full p=1 steps=7175: speed0=5.04e-02 speedT=2.47e-07 cos=+1.00 k=1 lam_top=+0.26 align=1.00
[E7] 432/1728 (1396s) gpt2 L2H11 sign=-0.97 symD=1 V=push p=0 steps=38348: speed0=1.51e-01 speedT=1.29e-03 cos=+0.00 k=22 lam_top=-0.05 align=0.00
[E7] 433/1728 (1398s) gpt2 L3H0 sign=+0.59 symD=0 V=sym p=0 steps=2809: speed0=2.39e-01 speedT=2.02e-07 cos=+1.00 k=1 lam_top=+0.55 align=1.00
[E7] 434/1728 (1398s) gpt2 L3H0 sign=+0.59 symD=0 V=sym p=1 steps=2795: speed0=2.36e-01 speedT=3.75e-07 cos=+1.00 k=1 lam_top=+0.55 align=1.00
[E7] 435/1728 (1407s) gpt2 L2H11 sign=-0.97 symD=0 V=push p=1 steps=76432: speed0=1.44e-01 speedT=1.41e-05 cos=-0.02 k=4 lam_top=-0.05 align=0.00
[E7] 436/1728 (1408s) gpt2 L3H0 sign=+0.59 symD=0 V=push p=0 steps=12629: speed0=1.51e-01 speedT=1.04e-05 cos=+0.12 k=12 lam_top=-0.03 align=0.00
[E7] 437/1728 (1414s) gpt2 L3H0 sign=+0.59 symD=1 V=full p=1 steps=8087: speed0=5.58e-02 speedT=2.86e-07 cos=+1.00 k=1 lam_top=+0.26 align=1.00
[E7] 438/1728 (1416s) gpt2 L2H11 sign=-0.97 symD=1 V=push p=1 steps=53520: speed0=1.49e-01 speedT=1.81e-03 cos=-0.02 k=8 lam_top=-0.05 align=0.32
[E7] 439/1728 (1416s) gpt2 L3H0 sign=+0.59 symD=1 V=full p=0 steps=10048: speed0=5.52e-02 speedT=1.05e-06 cos=+0.76 k=2 lam_top=+0.26 align=1.00
[E7] 440/1728 (1417s) gpt2 L3H0 sign=+0.59 symD=1 V=sym p=0 steps=2771: speed0=2.23e-01 speedT=2.99e-07 cos=+1.00 k=1 lam_top=+0.55 align=1.00
[E7] 441/1728 (1421s) gpt2 L3H0 sign=+0.59 symD=1 V=sym p=1 steps=2750: speed0=2.18e-01 speedT=2.38e-07 cos=+1.00 k=1 lam_top=+0.55 align=1.00
[E7] 442/1728 (1428s) gpt2 L3H1 sign=-0.76 symD=0 V=full p=0 steps=9325: speed0=5.20e-02 speedT=6.50e-08 cos=+1.00 k=1 lam_top=+0.09 align=1.00
[E7] 443/1728 (1432s) gpt2 L3H0 sign=+0.59 symD=0 V=push p=1 steps=44178: speed0=1.50e-01 speedT=9.82e-06 cos=-0.02 k=2 lam_top=-0.03 align=0.00
[E7] 444/1728 (1435s) gpt2 L3H1 sign=-0.76 symD=0 V=sym p=0 steps=3323: speed0=1.97e-01 speedT=2.16e-07 cos=+1.00 k=1 lam_top=+0.46 align=1.00
[E7] 445/1728 (1437s) gpt2 L3H1 sign=-0.76 symD=0 V=full p=1 steps=10160: speed0=5.50e-02 speedT=1.15e-07 cos=+1.00 k=1 lam_top=+0.09 align=1.00
[E7] 446/1728 (1438s) gpt2 L3H1 sign=-0.76 symD=0 V=sym p=1 steps=3291: speed0=2.05e-01 speedT=2.26e-07 cos=+1.00 k=1 lam_top=+0.46 align=1.00
[E7] 447/1728 (1442s) gpt2 L3H0 sign=+0.59 symD=1 V=push p=0 steps=26528: speed0=1.37e-01 speedT=4.19e-07 cos=-0.02 k=3 lam_top=-0.03 align=0.00
[E7] 448/1728 (1443s) gpt2 L3H1 sign=-0.76 symD=0 V=push p=0 steps=6881: speed0=1.37e-01 speedT=2.97e-04 cos=+0.95 k=22 lam_top=-0.13 align=0.00
[E7] 449/1728 (1450s) gpt2 L3H1 sign=-0.76 symD=1 V=full p=1 steps=7833: speed0=4.65e-02 speedT=1.47e-07 cos=+1.00 k=1 lam_top=+0.09 align=1.00
[E7] 450/1728 (1451s) gpt2 L3H1 sign=-0.76 symD=1 V=full p=0 steps=9507: speed0=4.08e-02 speedT=1.07e-07 cos=+1.00 k=1 lam_top=+0.09 align=1.00
[E7] 451/1728 (1455s) gpt2 L3H1 sign=-0.76 symD=1 V=sym p=0 steps=3275: speed0=1.98e-01 speedT=2.83e-07 cos=+1.00 k=1 lam_top=+0.46 align=1.00
[E7] 452/1728 (1456s) gpt2 L3H1 sign=-0.76 symD=1 V=sym p=1 steps=3267: speed0=1.97e-01 speedT=1.88e-07 cos=+1.00 k=1 lam_top=+0.46 align=1.00
[E7] 453/1728 (1465s) gpt2 L3H0 sign=+0.59 symD=1 V=push p=1 steps=48442: speed0=1.35e-01 speedT=2.44e-06 cos=+0.00 k=2 lam_top=-0.03 align=0.00
[E7] 454/1728 (1469s) gpt2 L3H2 sign=+0.60 symD=0 V=full p=0 steps=5246: speed0=8.58e-02 speedT=1.13e-07 cos=+1.00 k=1 lam_top=+0.33 align=1.00
[E7] 455/1728 (1469s) gpt2 L3H1 sign=-0.76 symD=1 V=push p=0 steps=14945: speed0=1.40e-01 speedT=9.54e-06 cos=-0.02 k=5 lam_top=-0.13 align=0.00
[E7] 456/1728 (1473s) gpt2 L3H2 sign=+0.60 symD=0 V=sym p=0 steps=3748: speed0=1.94e-01 speedT=4.07e-07 cos=+1.00 k=1 lam_top=+0.57 align=1.00
[E7] 457/1728 (1473s) gpt2 L3H1 sign=-0.76 symD=1 V=push p=1 steps=18808: speed0=1.40e-01 speedT=1.07e-04 cos=-0.01 k=55 lam_top=-0.13 align=0.00
[E7] 458/1728 (1474s) gpt2 L3H2 sign=+0.60 symD=0 V=full p=1 steps=6951: speed0=8.06e-02 speedT=1.11e-07 cos=+1.00 k=1 lam_top=+0.33 align=1.00
[E7] 459/1728 (1477s) gpt2 L3H2 sign=+0.60 symD=0 V=sym p=1 steps=3742: speed0=2.11e-01 speedT=3.25e-07 cos=+1.00 k=1 lam_top=+0.57 align=1.00
[E7] 460/1728 (1483s) gpt2 L3H2 sign=+0.60 symD=0 V=push p=1 steps=11236: speed0=1.25e-01 speedT=1.94e-07 cos=+0.00 k=2 lam_top=-0.09 align=0.00
[E7] 461/1728 (1483s) gpt2 L3H2 sign=+0.60 symD=1 V=full p=0 steps=6068: speed0=5.92e-02 speedT=9.14e-08 cos=+1.00 k=1 lam_top=+0.33 align=1.00
[E7] 462/1728 (1486s) gpt2 L3H1 sign=-0.76 symD=0 V=push p=1 steps=63909: speed0=1.47e-01 speedT=5.99e-03 cos=-0.01 k=15 lam_top=-0.13 align=0.00
[E7] 463/1728 (1488s) gpt2 L3H2 sign=+0.60 symD=1 V=sym p=0 steps=3568: speed0=1.96e-01 speedT=2.37e-07 cos=+1.00 k=1 lam_top=+0.57 align=1.00
[E7] 464/1728 (1488s) gpt2 L3H2 sign=+0.60 symD=1 V=full p=1 steps=5400: speed0=6.57e-02 speedT=1.36e-07 cos=+1.00 k=1 lam_top=+0.33 align=1.00
[E7] 465/1728 (1489s) gpt2 L3H2 sign=+0.60 symD=0 V=push p=0 steps=16904: speed0=1.11e-01 speedT=2.51e-07 cos=+0.03 k=2 lam_top=-0.09 align=0.00
[E7] 466/1728 (1490s) gpt2 L3H2 sign=+0.60 symD=1 V=sym p=1 steps=3551: speed0=1.99e-01 speedT=3.87e-07 cos=+1.00 k=1 lam_top=+0.57 align=1.00
[E7] 467/1728 (1494s) gpt2 L3H2 sign=+0.60 symD=1 V=push p=1 steps=6006: speed0=1.19e-01 speedT=1.01e-07 cos=+0.65 k=2 lam_top=-0.09 align=0.00
[E7] 468/1728 (1496s) gpt2 L3H2 sign=+0.60 symD=1 V=push p=0 steps=7495: speed0=1.20e-01 speedT=1.42e-07 cos=+0.27 k=2 lam_top=-0.09 align=0.00
[E7] 469/1728 (1497s) gpt2 L3H3 sign=+0.79 symD=0 V=sym p=0 steps=2704: speed0=2.12e-01 speedT=3.45e-07 cos=+1.00 k=1 lam_top=+0.54 align=1.00
[E7] 470/1728 (1497s) gpt2 L3H3 sign=+0.79 symD=0 V=full p=0 steps=10305: speed0=7.10e-02 speedT=4.34e-03 cos=+1.00 k=1 lam_top=+0.28 align=1.00
[E7] 471/1728 (1498s) gpt2 L3H3 sign=+0.79 symD=0 V=full p=1 steps=10072: speed0=7.54e-02 speedT=4.64e-03 cos=+1.00 k=1 lam_top=+0.28 align=1.00
[E7] 472/1728 (1499s) gpt2 L3H3 sign=+0.79 symD=0 V=sym p=1 steps=2696: speed0=2.24e-01 speedT=2.90e-07 cos=+1.00 k=1 lam_top=+0.54 align=1.00
[E7] 473/1728 (1508s) gpt2 L3H3 sign=+0.79 symD=1 V=full p=0 steps=10436: speed0=5.44e-02 speedT=3.24e-03 cos=+1.00 k=1 lam_top=+0.28 align=1.00
[E7] 474/1728 (1508s) gpt2 L3H3 sign=+0.79 symD=1 V=full p=1 steps=9521: speed0=5.49e-02 speedT=4.72e-03 cos=+1.00 k=1 lam_top=+0.28 align=1.00
[E7] 475/1728 (1511s) gpt2 L3H3 sign=+0.79 symD=1 V=sym p=0 steps=2683: speed0=2.09e-01 speedT=2.60e-07 cos=+1.00 k=1 lam_top=+0.54 align=1.00
[E7] 476/1728 (1512s) gpt2 L3H3 sign=+0.79 symD=1 V=sym p=1 steps=2647: speed0=2.09e-01 speedT=3.30e-07 cos=+1.00 k=1 lam_top=+0.54 align=1.00
[E7] 477/1728 (1517s) gpt2 L3H3 sign=+0.79 symD=0 V=push p=0 steps=24431: speed0=1.28e-01 speedT=8.08e-04 cos=+0.24 k=4 lam_top=-0.09 align=0.00
[E7] 478/1728 (1521s) gpt2 L3H4 sign=-0.88 symD=0 V=full p=0 steps=5465: speed0=3.21e-02 speedT=1.57e-07 cos=+1.00 k=1 lam_top=+0.11 align=1.00
[E7] 479/1728 (1526s) gpt2 L3H4 sign=-0.88 symD=0 V=full p=1 steps=5641: speed0=3.79e-02 speedT=1.89e-07 cos=+1.00 k=1 lam_top=+0.11 align=1.00
[E7] 480/1728 (1529s) gpt2 L3H4 sign=-0.88 symD=0 V=sym p=0 steps=2946: speed0=2.63e-01 speedT=3.14e-07 cos=+1.00 k=1 lam_top=+0.49 align=1.00
[E7] 481/1728 (1532s) gpt2 L3H4 sign=-0.88 symD=0 V=sym p=1 steps=2928: speed0=2.47e-01 speedT=3.05e-07 cos=+1.00 k=1 lam_top=+0.49 align=1.00
[E7] 482/1728 (1534s) gpt2 L3H3 sign=+0.79 symD=1 V=push p=0 steps=24940: speed0=1.26e-01 speedT=1.58e-04 cos=-0.02 k=25 lam_top=-0.09 align=0.00
[E7] 483/1728 (1543s) gpt2 L3H3 sign=+0.79 symD=0 V=push p=1 steps=55057: speed0=1.34e-01 speedT=5.29e-04 cos=-0.02 k=5 lam_top=-0.09 align=0.01
[E7] 484/1728 (1544s) gpt2 L3H3 sign=+0.79 symD=1 V=push p=1 steps=29439: speed0=1.25e-01 speedT=3.90e-02 cos=-0.00 k=15 lam_top=-0.09 align=0.00
[E7] 485/1728 (1548s) gpt2 L3H4 sign=-0.88 symD=1 V=full p=0 steps=5204: speed0=3.43e-02 speedT=1.92e-07 cos=+1.00 k=1 lam_top=+0.11 align=1.00
[E7] 486/1728 (1549s) gpt2 L3H4 sign=-0.88 symD=1 V=full p=1 steps=5546: speed0=4.19e-02 speedT=1.55e-07 cos=+1.00 k=1 lam_top=+0.11 align=1.00
[E7] 487/1728 (1551s) gpt2 L3H4 sign=-0.88 symD=1 V=sym p=0 steps=2923: speed0=2.38e-01 speedT=3.11e-07 cos=+1.00 k=1 lam_top=+0.49 align=1.00
[E7] 488/1728 (1553s) gpt2 L3H4 sign=-0.88 symD=1 V=sym p=1 steps=2911: speed0=2.24e-01 speedT=2.05e-07 cos=+1.00 k=1 lam_top=+0.49 align=1.00
[E7] 489/1728 (1555s) gpt2 L3H4 sign=-0.88 symD=0 V=push p=1 steps=25341: speed0=1.74e-01 speedT=5.07e-03 cos=+0.01 k=41 lam_top=-0.05 align=0.00
[E7] 490/1728 (1562s) gpt2 L3H4 sign=-0.88 symD=0 V=push p=0 steps=39989: speed0=1.87e-01 speedT=4.63e-03 cos=-0.00 k=34 lam_top=-0.05 align=0.02
[E7] 491/1728 (1564s) gpt2 L3H4 sign=-0.88 symD=1 V=push p=0 steps=12566: speed0=1.70e-01 speedT=5.91e-04 cos=+0.14 k=64 lam_top=-0.05 align=0.01
[E7] 492/1728 (1565s) gpt2 L3H4 sign=-0.88 symD=1 V=push p=1 steps=13178: speed0=1.59e-01 speedT=1.50e-03 cos=+0.12 k=64 lam_top=-0.05 align=0.01
[E7] 493/1728 (1569s) gpt2 L3H5 sign=+0.39 symD=0 V=sym p=0 steps=3435: speed0=1.54e-01 speedT=2.70e-07 cos=+1.00 k=1 lam_top=+0.63 align=1.00
[E7] 494/1728 (1569s) gpt2 L3H5 sign=+0.39 symD=0 V=sym p=1 steps=3448: speed0=1.69e-01 speedT=4.51e-07 cos=+1.00 k=1 lam_top=+0.63 align=1.00
[E7] 495/1728 (1570s) gpt2 L3H5 sign=+0.39 symD=0 V=full p=0 steps=21016: speed0=3.34e-02 speedT=4.63e-02 cos=+1.00 k=1 lam_top=+0.32 align=1.00
[E7] 496/1728 (1577s) gpt2 L3H5 sign=+0.39 symD=0 V=full p=1 steps=20718: speed0=5.21e-02 speedT=4.59e-02 cos=+1.00 k=1 lam_top=+0.32 align=1.00
[E7] 497/1728 (1589s) gpt2 L3H5 sign=+0.39 symD=1 V=full p=0 steps=20880: speed0=2.83e-02 speedT=4.14e-02 cos=+1.00 k=1 lam_top=+0.32 align=1.00
[E7] 498/1728 (1590s) gpt2 L3H5 sign=+0.39 symD=0 V=push p=1 steps=26748: speed0=1.05e-01 speedT=4.24e-03 cos=-0.01 k=8 lam_top=-0.10 align=0.00
[E7] 499/1728 (1594s) gpt2 L3H5 sign=+0.39 symD=1 V=sym p=0 steps=3411: speed0=1.58e-01 speedT=3.19e-07 cos=+1.00 k=1 lam_top=+0.63 align=1.00
[E7] 500/1728 (1595s) gpt2 L3H5 sign=+0.39 symD=1 V=sym p=1 steps=3420: speed0=1.70e-01 speedT=3.43e-07 cos=+1.00 k=1 lam_top=+0.63 align=1.00
[E7] 501/1728 (1597s) gpt2 L3H5 sign=+0.39 symD=1 V=full p=1 steps=20691: speed0=5.40e-02 speedT=4.56e-02 cos=+1.00 k=1 lam_top=+0.32 align=1.00
[E7] 502/1728 (1600s) gpt2 L3H6 sign=+0.04 symD=0 V=full p=0 steps=4026: speed0=9.15e-02 speedT=1.40e-07 cos=+1.00 k=1 lam_top=+0.23 align=1.00
[E7] 503/1728 (1602s) gpt2 L3H5 sign=+0.39 symD=0 V=push p=0 steps=45489: speed0=1.01e-01 speedT=5.41e-05 cos=-0.01 k=3 lam_top=-0.10 align=0.00
[E7] 504/1728 (1604s) gpt2 L3H6 sign=+0.04 symD=0 V=full p=1 steps=6378: speed0=8.63e-02 speedT=8.97e-08 cos=+1.00 k=1 lam_top=+0.23 align=1.00
[E7] 505/1728 (1606s) gpt2 L3H6 sign=+0.04 symD=0 V=sym p=0 steps=3044: speed0=1.79e-01 speedT=3.81e-07 cos=+1.00 k=1 lam_top=+0.51 align=1.00
[E7] 506/1728 (1606s) gpt2 L3H5 sign=+0.39 symD=1 V=push p=0 steps=15747: speed0=1.04e-01 speedT=2.90e-04 cos=+0.09 k=54 lam_top=-0.10 align=0.00
[E7] 507/1728 (1608s) gpt2 L3H6 sign=+0.04 symD=0 V=sym p=1 steps=3111: speed0=2.00e-01 speedT=2.13e-07 cos=+1.00 k=1 lam_top=+0.51 align=1.00
[E7] 508/1728 (1611s) gpt2 L3H5 sign=+0.39 symD=1 V=push p=1 steps=14691: speed0=1.07e-01 speedT=1.56e-04 cos=+0.02 k=54 lam_top=-0.10 align=0.00
[E7] 509/1728 (1611s) gpt2 L3H6 sign=+0.04 symD=1 V=full p=0 steps=4043: speed0=7.84e-02 speedT=1.03e-07 cos=+1.00 k=1 lam_top=+0.23 align=1.00
[E7] 510/1728 (1615s) gpt2 L3H6 sign=+0.04 symD=1 V=sym p=0 steps=3029: speed0=1.97e-01 speedT=2.04e-07 cos=+1.00 k=1 lam_top=+0.51 align=1.00
[E7] 511/1728 (1615s) gpt2 L3H6 sign=+0.04 symD=1 V=full p=1 steps=4854: speed0=8.25e-02 speedT=1.28e-07 cos=+1.00 k=1 lam_top=+0.23 align=1.00
[E7] 512/1728 (1618s) gpt2 L3H6 sign=+0.04 symD=1 V=sym p=1 steps=3057: speed0=1.95e-01 speedT=2.29e-07 cos=+1.00 k=1 lam_top=+0.51 align=1.00
[E7] 513/1728 (1623s) gpt2 L3H6 sign=+0.04 symD=0 V=push p=1 steps=21436: speed0=1.40e-01 speedT=3.30e-04 cos=-0.02 k=23 lam_top=-0.11 align=0.00
[E7] 514/1728 (1627s) gpt2 L3H7 sign=+0.11 symD=0 V=full p=0 steps=5481: speed0=8.60e-02 speedT=1.32e-07 cos=+1.00 k=1 lam_top=+0.21 align=1.00
[E7] 515/1728 (1630s) gpt2 L3H6 sign=+0.04 symD=1 V=push p=1 steps=14333: speed0=1.40e-01 speedT=2.34e-03 cos=+0.01 k=60 lam_top=-0.11 align=0.00
[E7] 516/1728 (1631s) gpt2 L3H7 sign=+0.11 symD=0 V=full p=1 steps=6024: speed0=8.18e-02 speedT=1.27e-07 cos=+1.00 k=1 lam_top=+0.21 align=1.00
[E7] 517/1728 (1633s) gpt2 L3H6 sign=+0.04 symD=1 V=push p=0 steps=17594: speed0=1.38e-01 speedT=1.48e-03 cos=-0.01 k=63 lam_top=-0.11 align=0.00
[E7] 518/1728 (1633s) gpt2 L3H7 sign=+0.11 symD=0 V=sym p=0 steps=3072: speed0=1.60e-01 speedT=2.53e-07 cos=+1.00 k=1 lam_top=+0.46 align=1.00
[E7] 519/1728 (1634s) gpt2 L3H7 sign=+0.11 symD=0 V=sym p=1 steps=3023: speed0=1.75e-01 speedT=3.09e-07 cos=+1.00 k=1 lam_top=+0.46 align=1.00
[E7] 520/1728 (1639s) gpt2 L3H7 sign=+0.11 symD=1 V=full p=0 steps=5095: speed0=6.51e-02 speedT=1.15e-07 cos=+1.00 k=1 lam_top=+0.21 align=1.00
[E7] 521/1728 (1642s) gpt2 L3H6 sign=+0.04 symD=0 V=push p=0 steps=44764: speed0=1.24e-01 speedT=1.00e-04 cos=-0.02 k=3 lam_top=-0.11 align=0.00
[E7] 522/1728 (1647s) gpt2 L3H7 sign=+0.11 symD=1 V=sym p=0 steps=2946: speed0=1.65e-01 speedT=2.62e-07 cos=+1.00 k=1 lam_top=+0.46 align=1.00
[E7] 523/1728 (1649s) gpt2 L3H7 sign=+0.11 symD=1 V=full p=1 steps=10886: speed0=7.01e-02 speedT=8.17e-07 cos=+1.00 k=1 lam_top=+0.21 align=1.00
[E7] 524/1728 (1650s) gpt2 L3H7 sign=+0.11 symD=1 V=sym p=1 steps=2945: speed0=1.65e-01 speedT=2.02e-07 cos=+1.00 k=1 lam_top=+0.46 align=1.00
[E7] 525/1728 (1659s) gpt2 L3H7 sign=+0.11 symD=0 V=push p=0 steps=32045: speed0=1.13e-01 speedT=8.22e-02 cos=+0.22 k=63 lam_top=-0.08 align=0.01
[E7] 526/1728 (1661s) gpt2 L3H7 sign=+0.11 symD=1 V=push p=0 steps=14462: speed0=1.17e-01 speedT=4.94e-04 cos=+0.04 k=63 lam_top=-0.08 align=0.01
[E7] 527/1728 (1662s) gpt2 L3H8 sign=-0.82 symD=0 V=full p=0 steps=3449: speed0=5.21e-02 speedT=9.27e-08 cos=+1.00 k=1 lam_top=+0.12 align=1.00
[E7] 528/1728 (1664s) gpt2 L3H8 sign=-0.82 symD=0 V=full p=1 steps=3883: speed0=6.29e-02 speedT=1.18e-07 cos=+1.00 k=1 lam_top=+0.12 align=1.00
[E7] 529/1728 (1664s) gpt2 L3H7 sign=+0.11 symD=1 V=push p=1 steps=13858: speed0=1.17e-01 speedT=1.02e-03 cos=+0.06 k=64 lam_top=-0.08 align=0.00
[E7] 530/1728 (1665s) gpt2 L3H8 sign=-0.82 symD=0 V=sym p=0 steps=2772: speed0=1.93e-01 speedT=3.44e-07 cos=+1.00 k=1 lam_top=+0.41 align=1.00
[E7] 531/1728 (1667s) gpt2 L3H8 sign=-0.82 symD=0 V=sym p=1 steps=2762: speed0=2.00e-01 speedT=2.93e-07 cos=+1.00 k=1 lam_top=+0.41 align=1.00
[E7] 532/1728 (1670s) gpt2 L3H8 sign=-0.82 symD=1 V=full p=0 steps=3206: speed0=4.39e-02 speedT=1.20e-07 cos=+1.00 k=1 lam_top=+0.12 align=1.00
[E7] 533/1728 (1672s) gpt2 L3H8 sign=-0.82 symD=1 V=full p=1 steps=3252: speed0=4.69e-02 speedT=9.21e-08 cos=+1.00 k=1 lam_top=+0.12 align=1.00
[E7] 534/1728 (1675s) gpt2 L3H8 sign=-0.82 symD=1 V=sym p=0 steps=2735: speed0=1.87e-01 speedT=2.79e-07 cos=+1.00 k=1 lam_top=+0.41 align=1.00
[E7] 535/1728 (1679s) gpt2 L3H8 sign=-0.82 symD=1 V=sym p=1 steps=2725: speed0=1.87e-01 speedT=2.49e-07 cos=+1.00 k=1 lam_top=+0.41 align=1.00
[E7] 536/1728 (1681s) gpt2 L3H7 sign=+0.11 symD=0 V=push p=1 steps=58831: speed0=1.20e-01 speedT=5.39e-03 cos=+0.07 k=46 lam_top=-0.08 align=0.01
[E7] 537/1728 (1688s) gpt2 L3H8 sign=-0.82 symD=0 V=push p=0 steps=26723: speed0=1.40e-01 speedT=8.55e-04 cos=-0.01 k=30 lam_top=-0.12 align=0.04
[E7] 538/1728 (1690s) gpt2 L3H8 sign=-0.82 symD=0 V=push p=1 steps=33904: speed0=1.46e-01 speedT=1.45e-03 cos=-0.01 k=18 lam_top=-0.12 align=0.06
[E7] 539/1728 (1693s) gpt2 L3H8 sign=-0.82 symD=1 V=push p=0 steps=16669: speed0=1.35e-01 speedT=8.46e-04 cos=+0.00 k=64 lam_top=-0.12 align=0.01
[E7] 540/1728 (1696s) gpt2 L3H9 sign=+0.22 symD=0 V=sym p=0 steps=3205: speed0=1.87e-01 speedT=2.21e-07 cos=+1.00 k=1 lam_top=+0.53 align=1.00
[E7] 541/1728 (1697s) gpt2 L3H8 sign=-0.82 symD=1 V=push p=1 steps=15691: speed0=1.33e-01 speedT=3.41e-03 cos=+0.02 k=64 lam_top=-0.12 align=0.00
[E7] 542/1728 (1699s) gpt2 L3H9 sign=+0.22 symD=0 V=sym p=1 steps=3138: speed0=1.87e-01 speedT=3.02e-07 cos=+1.00 k=1 lam_top=+0.53 align=1.00
[E7] 543/1728 (1711s) gpt2 L3H9 sign=+0.22 symD=0 V=full p=0 steps=29076: speed0=7.18e-02 speedT=2.95e-02 cos=+1.00 k=1 lam_top=+0.20 align=1.00
[E7] 544/1728 (1715s) gpt2 L3H9 sign=+0.22 symD=0 V=push p=1 steps=21532: speed0=1.21e-01 speedT=1.30e-04 cos=-0.02 k=8 lam_top=-0.13 align=0.00
[E7] 545/1728 (1716s) gpt2 L3H9 sign=+0.22 symD=0 V=full p=1 steps=31276: speed0=8.36e-02 speedT=2.95e-02 cos=+1.00 k=1 lam_top=+0.20 align=1.00
[E7] 546/1728 (1719s) gpt2 L3H9 sign=+0.22 symD=1 V=sym p=0 steps=3195: speed0=1.88e-01 speedT=3.55e-07 cos=+1.00 k=1 lam_top=+0.53 align=1.00
[E7] 547/1728 (1723s) gpt2 L3H9 sign=+0.22 symD=1 V=sym p=1 steps=3157: speed0=1.82e-01 speedT=3.46e-07 cos=+1.00 k=1 lam_top=+0.53 align=1.00
[E7] 548/1728 (1728s) gpt2 L3H9 sign=+0.22 symD=0 V=push p=0 steps=40966: speed0=1.22e-01 speedT=3.33e-04 cos=-0.01 k=4 lam_top=-0.13 align=0.02
[E7] 549/1728 (1734s) gpt2 L3H9 sign=+0.22 symD=1 V=push p=0 steps=11111: speed0=1.26e-01 speedT=7.72e-06 cos=-0.02 k=9 lam_top=-0.13 align=0.00
[E7] 550/1728 (1740s) gpt2 L3H9 sign=+0.22 symD=1 V=full p=0 steps=29720: speed0=6.07e-02 speedT=4.21e-02 cos=+1.00 k=1 lam_top=+0.20 align=1.00
[E7] 551/1728 (1742s) gpt2 L3H9 sign=+0.22 symD=1 V=full p=1 steps=29072: speed0=6.42e-02 speedT=3.83e-02 cos=+1.00 k=1 lam_top=+0.20 align=1.00
[E7] 552/1728 (1743s) gpt2 L3H9 sign=+0.22 symD=1 V=push p=1 steps=17540: speed0=1.21e-01 speedT=4.47e-05 cos=-0.01 k=22 lam_top=-0.13 align=0.00
[E7] 553/1728 (1745s) gpt2 L3H10 sign=-0.99 symD=0 V=sym p=0 steps=2569: speed0=2.18e-01 speedT=2.52e-07 cos=+1.00 k=1 lam_top=+0.33 align=1.00
[E7] 554/1728 (1745s) gpt2 L3H10 sign=-0.99 symD=0 V=sym p=1 steps=2580: speed0=2.31e-01 speedT=2.54e-07 cos=+1.00 k=1 lam_top=+0.33 align=1.00
[E7] 555/1728 (1780s) gpt2 L3H10 sign=-0.99 symD=0 V=full p=1 steps=51658: speed0=5.02e-02 speedT=5.15e-03 cos=+0.05 k=50 lam_top=-0.06 align=0.08
[E7] 556/1728 (1786s) gpt2 L3H10 sign=-0.99 symD=1 V=full p=0 steps=6462: speed0=3.65e-02 speedT=3.09e-04 cos=+0.45 k=64 lam_top=-0.06 align=0.08
[E7] 557/1728 (1793s) gpt2 L3H10 sign=-0.99 symD=1 V=full p=1 steps=6284: speed0=4.50e-02 speedT=6.51e-04 cos=+0.45 k=64 lam_top=-0.06 align=0.04
[E7] 558/1728 (1794s) gpt2 L3H10 sign=-0.99 symD=0 V=push p=1 steps=66781: speed0=1.89e-01 speedT=3.37e-02 cos=+0.01 k=44 lam_top=-0.13 align=0.11
[E7] 559/1728 (1796s) gpt2 L3H10 sign=-0.99 symD=1 V=sym p=1 steps=2548: speed0=2.28e-01 speedT=3.24e-07 cos=+1.00 k=1 lam_top=+0.33 align=1.00
[E7] 560/1728 (1796s) gpt2 L3H10 sign=-0.99 symD=1 V=sym p=0 steps=2547: speed0=2.30e-01 speedT=3.27e-07 cos=+1.00 k=1 lam_top=+0.33 align=1.00
[E7] 561/1728 (1800s) gpt2 L3H10 sign=-0.99 symD=0 V=push p=0 steps=76714: speed0=1.75e-01 speedT=5.69e-03 cos=-0.01 k=11 lam_top=-0.13 align=0.14
[E7] 562/1728 (1802s) gpt2 L3H10 sign=-0.99 symD=1 V=push p=0 steps=6603: speed0=1.85e-01 speedT=1.13e-03 cos=+0.44 k=64 lam_top=-0.13 align=0.01
[E7] 563/1728 (1802s) gpt2 L3H10 sign=-0.99 symD=1 V=push p=1 steps=6292: speed0=1.86e-01 speedT=3.19e-04 cos=+0.49 k=64 lam_top=-0.13 align=0.01
[E7] 564/1728 (1806s) gpt2 L3H11 sign=+0.58 symD=0 V=sym p=0 steps=3595: speed0=1.69e-01 speedT=3.05e-07 cos=+1.00 k=1 lam_top=+0.56 align=1.00
[E7] 565/1728 (1809s) gpt2 L3H11 sign=+0.58 symD=0 V=sym p=1 steps=3620: speed0=1.73e-01 speedT=2.05e-07 cos=+1.00 k=1 lam_top=+0.56 align=1.00
[E7] 566/1728 (1813s) gpt2 L3H11 sign=+0.58 symD=0 V=full p=0 steps=19954: speed0=1.01e-01 speedT=5.51e-02 cos=+1.00 k=1 lam_top=+0.30 align=1.00
[E7] 567/1728 (1817s) gpt2 L3H11 sign=+0.58 symD=0 V=full p=1 steps=21038: speed0=9.40e-02 speedT=4.37e-02 cos=+1.00 k=1 lam_top=+0.30 align=1.00
[E7] 568/1728 (1833s) gpt2 L3H11 sign=+0.58 symD=1 V=full p=0 steps=19796: speed0=7.42e-02 speedT=5.41e-02 cos=+1.00 k=1 lam_top=+0.30 align=1.00
[E7] 569/1728 (1834s) gpt2 L3H10 sign=-0.99 symD=0 V=full p=0 steps=128635: speed0=4.14e-02 speedT=7.30e-02 cos=-0.00 k=51 lam_top=-0.06 align=0.05
[E7] 570/1728 (1837s) gpt2 L3H11 sign=+0.58 symD=1 V=sym p=0 steps=3544: speed0=1.77e-01 speedT=3.01e-07 cos=+1.00 k=1 lam_top=+0.56 align=1.00
[E7] 571/1728 (1840s) gpt2 L3H11 sign=+0.58 symD=0 V=push p=0 steps=36271: speed0=1.08e-01 speedT=7.35e-04 cos=-0.02 k=6 lam_top=-0.11 align=0.03
[E7] 572/1728 (1841s) gpt2 L3H11 sign=+0.58 symD=1 V=sym p=1 steps=3619: speed0=1.73e-01 speedT=2.27e-07 cos=+1.00 k=1 lam_top=+0.56 align=1.00
[E7] 573/1728 (1851s) gpt2 L3H11 sign=+0.58 symD=1 V=full p=1 steps=20818: speed0=8.81e-02 speedT=4.63e-02 cos=+1.00 k=1 lam_top=+0.30 align=1.00
[E7] 574/1728 (1853s) gpt2 L3H11 sign=+0.58 symD=1 V=push p=0 steps=14582: speed0=1.19e-01 speedT=2.95e-04 cos=-0.00 k=62 lam_top=-0.11 align=0.01
[E7] 575/1728 (1855s) gpt2 L4H0 sign=+0.53 symD=0 V=full p=0 steps=4834: speed0=6.17e-02 speedT=9.49e-08 cos=+1.00 k=1 lam_top=+0.25 align=1.00
[E7] 576/1728 (1855s) gpt2 L3H11 sign=+0.58 symD=1 V=push p=1 steps=16443: speed0=1.20e-01 speedT=7.48e-04 cos=+0.01 k=63 lam_top=-0.11 align=0.00
[E7] 577/1728 (1858s) gpt2 L4H0 sign=+0.53 symD=0 V=full p=1 steps=5689: speed0=7.74e-02 speedT=1.70e-07 cos=+1.00 k=1 lam_top=+0.25 align=1.00
[E7] 578/1728 (1858s) gpt2 L4H0 sign=+0.53 symD=0 V=sym p=0 steps=3491: speed0=1.69e-01 speedT=2.42e-07 cos=+1.00 k=1 lam_top=+0.52 align=1.00
[E7] 579/1728 (1859s) gpt2 L4H0 sign=+0.53 symD=0 V=sym p=1 steps=3548: speed0=1.54e-01 speedT=2.77e-07 cos=+1.00 k=1 lam_top=+0.52 align=1.00
[E7] 580/1728 (1863s) gpt2 L4H0 sign=+0.53 symD=1 V=full p=0 steps=5762: speed0=4.73e-02 speedT=1.02e-07 cos=+1.00 k=1 lam_top=+0.25 align=1.00
[E7] 581/1728 (1868s) gpt2 L4H0 sign=+0.53 symD=1 V=full p=1 steps=6045: speed0=5.68e-02 speedT=1.13e-07 cos=+1.00 k=1 lam_top=+0.25 align=1.00
[E7] 582/1728 (1870s) gpt2 L3H11 sign=+0.58 symD=0 V=push p=1 steps=76337: speed0=1.21e-01 speedT=3.17e-02 cos=-0.01 k=11 lam_top=-0.11 align=0.00
[E7] 583/1728 (1873s) gpt2 L4H0 sign=+0.53 symD=1 V=sym p=0 steps=3455: speed0=1.67e-01 speedT=2.00e-07 cos=+1.00 k=1 lam_top=+0.52 align=1.00
[E7] 584/1728 (1873s) gpt2 L4H0 sign=+0.53 symD=1 V=sym p=1 steps=3426: speed0=1.58e-01 speedT=3.82e-07 cos=+1.00 k=1 lam_top=+0.52 align=1.00
[E7] 585/1728 (1880s) gpt2 L4H0 sign=+0.53 symD=0 V=push p=0 steps=30511: speed0=1.04e-01 speedT=2.00e-03 cos=-0.02 k=7 lam_top=-0.11 align=0.00
[E7] 586/1728 (1884s) gpt2 L4H0 sign=+0.53 symD=1 V=push p=1 steps=14352: speed0=9.55e-02 speedT=3.44e-04 cos=+0.00 k=61 lam_top=-0.11 align=0.00
[E7] 587/1728 (1888s) gpt2 L4H0 sign=+0.53 symD=1 V=push p=0 steps=14921: speed0=1.04e-01 speedT=1.94e-04 cos=-0.00 k=42 lam_top=-0.11 align=0.00
[E7] 588/1728 (1891s) gpt2 L4H1 sign=+0.30 symD=0 V=sym p=0 steps=3000: speed0=2.03e-01 speedT=2.88e-07 cos=+1.00 k=1 lam_top=+0.54 align=1.00
[E7] 589/1728 (1893s) gpt2 L4H0 sign=+0.53 symD=0 V=push p=1 steps=53018: speed0=9.25e-02 speedT=1.00e-03 cos=-0.01 k=8 lam_top=-0.11 align=0.00
[E7] 590/1728 (1893s) gpt2 L4H1 sign=+0.30 symD=0 V=sym p=1 steps=3038: speed0=1.85e-01 speedT=2.00e-07 cos=+1.00 k=1 lam_top=+0.54 align=1.00
[E7] 591/1728 (1899s) gpt2 L4H1 sign=+0.30 symD=0 V=full p=0 steps=26577: speed0=4.33e-02 speedT=5.07e-02 cos=+1.00 k=1 lam_top=+0.20 align=1.00
[E7] 592/1728 (1908s) gpt2 L4H1 sign=+0.30 symD=0 V=full p=1 steps=27118: speed0=5.27e-02 speedT=2.24e-02 cos=+1.00 k=1 lam_top=+0.20 align=1.00
[E7] 593/1728 (1915s) gpt2 L4H1 sign=+0.30 symD=0 V=push p=0 steps=30660: speed0=1.29e-01 speedT=5.26e-04 cos=-0.01 k=3 lam_top=-0.10 align=0.00
[E7] 594/1728 (1918s) gpt2 L4H1 sign=+0.30 symD=1 V=full p=0 steps=26480: speed0=3.54e-02 speedT=6.64e-02 cos=+1.00 k=1 lam_top=+0.20 align=1.00
[E7] 595/1728 (1919s) gpt2 L4H1 sign=+0.30 symD=1 V=sym p=0 steps=2993: speed0=2.02e-01 speedT=2.09e-07 cos=+1.00 k=1 lam_top=+0.54 align=1.00
[E7] 596/1728 (1921s) gpt2 L4H1 sign=+0.30 symD=1 V=sym p=1 steps=2994: speed0=1.87e-01 speedT=3.05e-07 cos=+1.00 k=1 lam_top=+0.54 align=1.00
[E7] 597/1728 (1930s) gpt2 L4H1 sign=+0.30 symD=1 V=push p=0 steps=14919: speed0=1.30e-01 speedT=2.98e-04 cos=+0.00 k=56 lam_top=-0.10 align=0.00
[E7] 598/1728 (1931s) gpt2 L4H1 sign=+0.30 symD=1 V=full p=1 steps=26652: speed0=4.43e-02 speedT=2.11e-02 cos=+1.00 k=1 lam_top=+0.20 align=1.00
[E7] 599/1728 (1931s) gpt2 L4H1 sign=+0.30 symD=0 V=push p=1 steps=46862: speed0=1.24e-01 speedT=4.83e-04 cos=-0.02 k=4 lam_top=-0.10 align=0.20
[E7] 600/1728 (1933s) gpt2 L4H2 sign=-0.11 symD=0 V=full p=1 steps=4303: speed0=4.00e-02 speedT=5.52e-08 cos=+1.00 k=1 lam_top=+0.24 align=1.00
[E7] 601/1728 (1933s) gpt2 L4H2 sign=-0.11 symD=0 V=sym p=0 steps=3556: speed0=1.65e-01 speedT=2.16e-07 cos=+1.00 k=1 lam_top=+0.63 align=1.00
[E7] 602/1728 (1936s) gpt2 L4H2 sign=-0.11 symD=0 V=sym p=1 steps=3506: speed0=1.60e-01 speedT=2.84e-07 cos=+1.00 k=1 lam_top=+0.63 align=1.00
[E7] 603/1728 (1936s) gpt2 L4H2 sign=-0.11 symD=0 V=full p=0 steps=3801: speed0=2.81e-02 speedT=1.14e-07 cos=+1.00 k=1 lam_top=+0.24 align=1.00
[E7] 604/1728 (1940s) gpt2 L4H2 sign=-0.11 symD=1 V=full p=0 steps=3999: speed0=2.64e-02 speedT=1.46e-07 cos=+1.00 k=1 lam_top=+0.24 align=1.00
[E7] 605/1728 (1943s) gpt2 L4H2 sign=-0.11 symD=1 V=full p=1 steps=4385: speed0=3.89e-02 speedT=1.77e-07 cos=+1.00 k=1 lam_top=+0.24 align=1.00
[E7] 606/1728 (1943s) gpt2 L4H1 sign=+0.30 symD=1 V=push p=1 steps=19309: speed0=1.24e-01 speedT=1.27e-04 cos=-0.02 k=21 lam_top=-0.10 align=0.00
[E7] 607/1728 (1945s) gpt2 L4H2 sign=-0.11 symD=0 V=push p=1 steps=15116: speed0=1.11e-01 speedT=3.93e-04 cos=-0.02 k=8 lam_top=-0.11 align=0.00
[E7] 608/1728 (1946s) gpt2 L4H2 sign=-0.11 symD=1 V=sym p=0 steps=3569: speed0=1.74e-01 speedT=2.26e-07 cos=+1.00 k=1 lam_top=+0.63 align=1.00
[E7] 609/1728 (1947s) gpt2 L4H2 sign=-0.11 symD=1 V=sym p=1 steps=3551: speed0=1.66e-01 speedT=2.41e-07 cos=+1.00 k=1 lam_top=+0.63 align=1.00
[E7] 610/1728 (1959s) gpt2 L4H2 sign=-0.11 symD=1 V=push p=1 steps=15816: speed0=1.15e-01 speedT=5.11e-05 cos=-0.01 k=21 lam_top=-0.11 align=0.00
[E7] 611/1728 (1962s) gpt2 L4H2 sign=-0.11 symD=1 V=push p=0 steps=19703: speed0=1.19e-01 speedT=1.87e-05 cos=-0.02 k=8 lam_top=-0.11 align=0.00
[E7] 612/1728 (1965s) gpt2 L4H3 sign=+0.94 symD=0 V=sym p=0 steps=4489: speed0=1.92e-01 speedT=2.90e-07 cos=+1.00 k=1 lam_top=+0.64 align=1.00
[E7] 613/1728 (1966s) gpt2 L4H3 sign=+0.94 symD=0 V=full p=0 steps=25911: speed0=6.81e-02 speedT=6.62e-02 cos=+1.00 k=1 lam_top=+0.42 align=1.00
[E7] 614/1728 (1971s) gpt2 L4H3 sign=+0.94 symD=0 V=sym p=1 steps=4425: speed0=1.79e-01 speedT=2.39e-07 cos=+1.00 k=1 lam_top=+0.64 align=1.00
[E7] 615/1728 (1974s) gpt2 L4H2 sign=-0.11 symD=0 V=push p=0 steps=53188: speed0=1.13e-01 speedT=4.18e-03 cos=+0.06 k=3 lam_top=-0.11 align=0.00
[E7] 616/1728 (1977s) gpt2 L4H3 sign=+0.94 symD=0 V=full p=1 steps=26080: speed0=7.11e-02 speedT=4.14e-02 cos=+1.00 k=1 lam_top=+0.42 align=1.00
[E7] 617/1728 (1989s) gpt2 L4H3 sign=+0.94 symD=0 V=push p=0 steps=29066: speed0=1.11e-01 speedT=4.47e-04 cos=-0.01 k=10 lam_top=-0.08 align=0.00
[E7] 618/1728 (1991s) gpt2 L4H3 sign=+0.94 symD=0 V=push p=1 steps=27292: speed0=1.11e-01 speedT=2.40e-03 cos=-0.01 k=6 lam_top=-0.08 align=0.00
[E7] 619/1728 (1994s) gpt2 L4H3 sign=+0.94 symD=1 V=sym p=0 steps=4506: speed0=1.89e-01 speedT=2.90e-07 cos=+1.00 k=1 lam_top=+0.64 align=1.00
[E7] 620/1728 (1996s) gpt2 L4H3 sign=+0.94 symD=1 V=sym p=1 steps=4466: speed0=1.76e-01 speedT=2.10e-07 cos=+1.00 k=1 lam_top=+0.64 align=1.00
[E7] 621/1728 (1997s) gpt2 L4H3 sign=+0.94 symD=1 V=full p=0 steps=25763: speed0=5.07e-02 speedT=4.55e-02 cos=+1.00 k=1 lam_top=+0.42 align=1.00
[E7] 622/1728 (1999s) gpt2 L4H3 sign=+0.94 symD=1 V=full p=1 steps=25825: speed0=5.77e-02 speedT=4.74e-02 cos=+1.00 k=1 lam_top=+0.42 align=1.00
[E7] 623/1728 (2001s) gpt2 L4H4 sign=-0.93 symD=0 V=full p=0 steps=4988: speed0=1.57e-02 speedT=6.48e-07 cos=+1.00 k=1 lam_top=+0.02 align=1.00
[E7] 624/1728 (2002s) gpt2 L4H3 sign=+0.94 symD=1 V=push p=0 steps=8415: speed0=1.22e-01 speedT=1.54e-04 cos=-0.00 k=38 lam_top=-0.08 align=0.00
[E7] 625/1728 (2003s) gpt2 L4H4 sign=-0.93 symD=0 V=full p=1 steps=5675: speed0=2.29e-02 speedT=8.52e-07 cos=+1.00 k=1 lam_top=+0.02 align=1.00
[E7] 626/1728 (2004s) gpt2 L4H4 sign=-0.93 symD=0 V=sym p=0 steps=2641: speed0=3.59e-01 speedT=2.58e-07 cos=+1.00 k=1 lam_top=+0.46 align=1.00
[E7] 627/1728 (2005s) gpt2 L4H4 sign=-0.93 symD=0 V=sym p=1 steps=2636: speed0=3.38e-01 speedT=2.53e-07 cos=+1.00 k=1 lam_top=+0.46 align=1.00
[E7] 628/1728 (2008s) gpt2 L4H4 sign=-0.93 symD=1 V=full p=0 steps=4389: speed0=1.90e-02 speedT=3.95e-07 cos=+1.00 k=1 lam_top=+0.02 align=1.00
[E7] 629/1728 (2010s) gpt2 L4H4 sign=-0.93 symD=0 V=push p=0 steps=9632: speed0=2.53e-01 speedT=1.34e-03 cos=+0.49 k=64 lam_top=-0.14 align=0.02
[E7] 630/1728 (2012s) gpt2 L4H4 sign=-0.93 symD=1 V=full p=1 steps=3816: speed0=2.67e-02 speedT=1.32e-07 cos=+1.00 k=1 lam_top=+0.02 align=1.00
[E7] 631/1728 (2013s) gpt2 L4H4 sign=-0.93 symD=1 V=sym p=0 steps=2628: speed0=3.32e-01 speedT=2.47e-07 cos=+1.00 k=1 lam_top=+0.46 align=1.00
[E7] 632/1728 (2015s) gpt2 L4H4 sign=-0.93 symD=1 V=sym p=1 steps=2630: speed0=3.10e-01 speedT=3.75e-07 cos=+1.00 k=1 lam_top=+0.46 align=1.00
[E7] 633/1728 (2015s) gpt2 L4H3 sign=+0.94 symD=1 V=push p=1 steps=20552: speed0=1.13e-01 speedT=6.02e-04 cos=-0.01 k=17 lam_top=-0.08 align=0.00
[E7] 634/1728 (2017s) gpt2 L4H4 sign=-0.93 symD=0 V=push p=1 steps=16373: speed0=2.42e-01 speedT=3.21e-03 cos=+0.57 k=64 lam_top=-0.14 align=0.03
[E7] 635/1728 (2021s) gpt2 L4H4 sign=-0.93 symD=1 V=push p=1 steps=6880: speed0=2.22e-01 speedT=5.80e-04 cos=+0.39 k=64 lam_top=-0.14 align=0.01
[E7] 636/1728 (2022s) gpt2 L4H4 sign=-0.93 symD=1 V=push p=0 steps=8631: speed0=2.34e-01 speedT=8.24e-04 cos=+0.34 k=64 lam_top=-0.14 align=0.01
[E7] 637/1728 (2024s) gpt2 L4H5 sign=+0.53 symD=0 V=sym p=0 steps=3043: speed0=1.92e-01 speedT=3.19e-07 cos=+1.00 k=1 lam_top=+0.53 align=1.00
[E7] 638/1728 (2025s) gpt2 L4H5 sign=+0.53 symD=0 V=sym p=1 steps=2969: speed0=1.97e-01 speedT=3.65e-07 cos=+1.00 k=1 lam_top=+0.53 align=1.00
[E7] 639/1728 (2031s) gpt2 L4H5 sign=+0.53 symD=0 V=full p=0 steps=25077: speed0=9.24e-02 speedT=1.66e-02 cos=+1.00 k=1 lam_top=+0.26 align=1.00
[E7] 640/1728 (2035s) gpt2 L4H5 sign=+0.53 symD=0 V=full p=1 steps=25476: speed0=6.76e-02 speedT=1.35e-02 cos=+1.00 k=1 lam_top=+0.26 align=1.00
[E7] 641/1728 (2043s) gpt2 L4H5 sign=+0.53 symD=0 V=push p=1 steps=26115: speed0=1.25e-01 speedT=1.96e-04 cos=+0.34 k=4 lam_top=-0.10 align=0.00
[E7] 642/1728 (2047s) gpt2 L4H5 sign=+0.53 symD=1 V=sym p=0 steps=3041: speed0=2.02e-01 speedT=4.14e-07 cos=+1.00 k=1 lam_top=+0.53 align=1.00
[E7] 643/1728 (2052s) gpt2 L4H5 sign=+0.53 symD=1 V=sym p=1 steps=2944: speed0=1.97e-01 speedT=2.96e-07 cos=+1.00 k=1 lam_top=+0.53 align=1.00
[E7] 644/1728 (2052s) gpt2 L4H5 sign=+0.53 symD=1 V=full p=0 steps=24558: speed0=4.21e-02 speedT=1.80e-02 cos=+1.00 k=1 lam_top=+0.26 align=1.00
[E7] 645/1728 (2054s) gpt2 L4H5 sign=+0.53 symD=0 V=push p=0 steps=35785: speed0=1.15e-01 speedT=4.50e-04 cos=-0.01 k=3 lam_top=-0.10 align=0.00
[E7] 646/1728 (2057s) gpt2 L4H5 sign=+0.53 symD=1 V=full p=1 steps=25443: speed0=4.62e-02 speedT=2.15e-02 cos=+1.00 k=1 lam_top=+0.26 align=1.00
[E7] 647/1728 (2058s) gpt2 L4H5 sign=+0.53 symD=1 V=push p=1 steps=7066: speed0=1.28e-01 speedT=2.06e-05 cos=+0.02 k=24 lam_top=-0.10 align=0.00
[E7] 648/1728 (2058s) gpt2 L4H6 sign=-0.43 symD=0 V=full p=0 steps=5005: speed0=4.73e-02 speedT=1.53e-07 cos=+1.00 k=1 lam_top=+0.27 align=1.00
[E7] 649/1728 (2060s) gpt2 L4H6 sign=-0.43 symD=0 V=full p=1 steps=3512: speed0=4.28e-02 speedT=1.09e-07 cos=+1.00 k=1 lam_top=+0.27 align=1.00
[E7] 650/1728 (2062s) gpt2 L4H6 sign=-0.43 symD=0 V=sym p=0 steps=4375: speed0=1.33e-01 speedT=2.72e-07 cos=+1.00 k=1 lam_top=+0.52 align=1.00
[E7] 651/1728 (2063s) gpt2 L4H6 sign=-0.43 symD=0 V=sym p=1 steps=5146: speed0=1.28e-01 speedT=3.24e-07 cos=+1.00 k=1 lam_top=+0.52 align=1.00
[E7] 652/1728 (2067s) gpt2 L4H6 sign=-0.43 symD=1 V=full p=0 steps=4241: speed0=3.19e-02 speedT=1.74e-07 cos=+1.00 k=1 lam_top=+0.27 align=1.00
[E7] 653/1728 (2070s) gpt2 L4H5 sign=+0.53 symD=1 V=push p=0 steps=20918: speed0=1.33e-01 speedT=6.87e-05 cos=-0.01 k=14 lam_top=-0.10 align=0.00
[E7] 654/1728 (2071s) gpt2 L4H6 sign=-0.43 symD=1 V=full p=1 steps=4819: speed0=3.59e-02 speedT=1.93e-07 cos=+1.00 k=1 lam_top=+0.27 align=1.00
[E7] 655/1728 (2076s) gpt2 L4H6 sign=-0.43 symD=1 V=sym p=0 steps=5155: speed0=1.41e-01 speedT=2.71e-07 cos=+1.00 k=1 lam_top=+0.52 align=1.00
[E7] 656/1728 (2077s) gpt2 L4H6 sign=-0.43 symD=1 V=sym p=1 steps=5110: speed0=1.32e-01 speedT=3.84e-07 cos=+1.00 k=1 lam_top=+0.52 align=1.00
[E7] 657/1728 (2083s) gpt2 L4H6 sign=-0.43 symD=0 V=push p=0 steps=29657: speed0=1.03e-01 speedT=6.99e-04 cos=-0.01 k=3 lam_top=-0.09 align=0.00
[E7] 658/1728 (2087s) gpt2 L4H7 sign=-1.00 symD=0 V=full p=0 steps=5174: speed0=9.31e-02 speedT=3.44e-04 cos=+0.51 k=64 lam_top=-0.24 align=0.18
[E7] 659/1728 (2090s) gpt2 L4H6 sign=-0.43 symD=1 V=push p=0 steps=16924: speed0=1.05e-01 speedT=1.02e-04 cos=-0.02 k=11 lam_top=-0.09 align=0.00
[E7] 660/1728 (2092s) gpt2 L4H6 sign=-0.43 symD=1 V=push p=1 steps=16796: speed0=9.97e-02 speedT=9.09e-05 cos=-0.01 k=22 lam_top=-0.09 align=0.00
[E7] 661/1728 (2093s) gpt2 L4H7 sign=-1.00 symD=0 V=sym p=0 steps=2615: speed0=2.45e-01 speedT=3.32e-07 cos=+1.00 k=1 lam_top=+0.33 align=1.00
[E7] 662/1728 (2093s) gpt2 L4H7 sign=-1.00 symD=0 V=full p=1 steps=7803: speed0=1.06e-01 speedT=1.10e-03 cos=+0.53 k=64 lam_top=-0.24 align=0.16
[E7] 663/1728 (2095s) gpt2 L4H7 sign=-1.00 symD=0 V=sym p=1 steps=2583: speed0=2.39e-01 speedT=3.68e-07 cos=+1.00 k=1 lam_top=+0.33 align=1.00
[E7] 664/1728 (2095s) gpt2 L4H6 sign=-0.43 symD=0 V=push p=1 steps=46162: speed0=9.41e-02 speedT=1.79e-03 cos=-0.01 k=3 lam_top=-0.09 align=0.00
[E7] 665/1728 (2100s) gpt2 L4H7 sign=-1.00 symD=1 V=full p=1 steps=4974: speed0=1.08e-01 speedT=4.64e-05 cos=+0.47 k=64 lam_top=-0.24 align=0.13
[E7] 666/1728 (2101s) gpt2 L4H7 sign=-1.00 symD=1 V=full p=0 steps=6420: speed0=9.66e-02 speedT=3.14e-05 cos=+0.23 k=64 lam_top=-0.24 align=0.33
[E7] 667/1728 (2104s) gpt2 L4H7 sign=-1.00 symD=1 V=sym p=1 steps=2566: speed0=2.45e-01 speedT=3.28e-07 cos=+1.00 k=1 lam_top=+0.33 align=1.00
[E7] 668/1728 (2104s) gpt2 L4H7 sign=-1.00 symD=1 V=sym p=0 steps=2607: speed0=2.54e-01 speedT=3.41e-07 cos=+1.00 k=1 lam_top=+0.33 align=1.00
[E7] 669/1728 (2110s) gpt2 L4H7 sign=-1.00 symD=0 V=push p=0 steps=25039: speed0=2.12e-01 speedT=2.95e-07 cos=-0.01 k=2 lam_top=-0.25 align=0.00
[E7] 670/1728 (2113s) gpt2 L4H7 sign=-1.00 symD=1 V=push p=1 steps=10124: speed0=2.16e-01 speedT=1.14e-05 cos=+0.72 k=42 lam_top=-0.25 align=0.00
[E7] 671/1728 (2115s) gpt2 L4H7 sign=-1.00 symD=1 V=push p=0 steps=10763: speed0=2.20e-01 speedT=5.88e-06 cos=+0.48 k=17 lam_top=-0.25 align=0.00
[E7] 672/1728 (2116s) gpt2 L4H7 sign=-1.00 symD=0 V=push p=1 steps=27845: speed0=2.11e-01 speedT=7.77e-05 cos=+0.13 k=35 lam_top=-0.25 align=0.01
[E7] 673/1728 (2117s) gpt2 L4H8 sign=+0.53 symD=0 V=sym p=0 steps=3154: speed0=2.25e-01 speedT=2.32e-07 cos=+1.00 k=1 lam_top=+0.60 align=1.00
[E7] 674/1728 (2118s) gpt2 L4H8 sign=+0.53 symD=0 V=sym p=1 steps=3040: speed0=2.41e-01 speedT=3.08e-07 cos=+1.00 k=1 lam_top=+0.60 align=1.00
[E7] 675/1728 (2122s) gpt2 L4H8 sign=+0.53 symD=0 V=push p=0 steps=7072: speed0=1.40e-01 speedT=3.61e-04 cos=-0.01 k=4 lam_top=-0.08 align=0.00
[E7] 676/1728 (2125s) gpt2 L4H8 sign=+0.53 symD=0 V=full p=0 steps=21541: speed0=2.60e-02 speedT=2.28e-04 cos=+1.00 k=1 lam_top=+0.28 align=1.00
[E7] 677/1728 (2126s) gpt2 L4H8 sign=+0.53 symD=0 V=full p=1 steps=16216: speed0=2.86e-02 speedT=8.99e-05 cos=+1.00 k=1 lam_top=+0.28 align=1.00
[E7] 678/1728 (2130s) gpt2 L4H8 sign=+0.53 symD=1 V=sym p=0 steps=3140: speed0=2.27e-01 speedT=3.82e-07 cos=+1.00 k=1 lam_top=+0.60 align=1.00
[E7] 679/1728 (2133s) gpt2 L4H8 sign=+0.53 symD=1 V=sym p=1 steps=3001: speed0=2.42e-01 speedT=1.99e-07 cos=+1.00 k=1 lam_top=+0.60 align=1.00
[E7] 680/1728 (2141s) gpt2 L4H8 sign=+0.53 symD=1 V=full p=0 steps=21146: speed0=2.52e-02 speedT=2.11e-04 cos=+1.00 k=1 lam_top=+0.28 align=1.00
[E7] 681/1728 (2141s) gpt2 L4H8 sign=+0.53 symD=1 V=full p=1 steps=16155: speed0=3.01e-02 speedT=8.89e-05 cos=+1.00 k=1 lam_top=+0.28 align=1.00
[E7] 682/1728 (2144s) gpt2 L4H8 sign=+0.53 symD=0 V=push p=1 steps=34970: speed0=1.49e-01 speedT=1.83e-04 cos=-0.02 k=4 lam_top=-0.08 align=0.00
[E7] 683/1728 (2150s) gpt2 L4H8 sign=+0.53 symD=1 V=push p=0 steps=21179: speed0=1.42e-01 speedT=1.93e-06 cos=-0.02 k=7 lam_top=-0.08 align=0.00
[E7] 684/1728 (2153s) gpt2 L4H9 sign=+0.86 symD=0 V=sym p=0 steps=3801: speed0=1.90e-01 speedT=2.65e-07 cos=+1.00 k=1 lam_top=+0.68 align=1.00
[E7] 685/1728 (2156s) gpt2 L4H9 sign=+0.86 symD=0 V=sym p=1 steps=3620: speed0=1.86e-01 speedT=3.19e-07 cos=+1.00 k=1 lam_top=+0.68 align=1.00
[E7] 686/1728 (2158s) gpt2 L4H8 sign=+0.53 symD=1 V=push p=1 steps=18867: speed0=1.49e-01 speedT=2.77e-04 cos=-0.02 k=29 lam_top=-0.08 align=0.00
[E7] 687/1728 (2160s) gpt2 L4H9 sign=+0.86 symD=0 V=full p=0 steps=26437: speed0=6.13e-02 speedT=6.22e-02 cos=+1.00 k=1 lam_top=+0.41 align=1.00
[E7] 688/1728 (2161s) gpt2 L4H9 sign=+0.86 symD=0 V=push p=0 steps=7738: speed0=1.06e-01 speedT=2.96e-05 cos=-0.01 k=4 lam_top=-0.09 align=0.00
[E7] 689/1728 (2163s) gpt2 L4H9 sign=+0.86 symD=0 V=full p=1 steps=26212: speed0=5.52e-02 speedT=6.42e-02 cos=+1.00 k=1 lam_top=+0.41 align=1.00
[E7] 690/1728 (2166s) gpt2 L4H9 sign=+0.86 symD=1 V=sym p=0 steps=3782: speed0=1.92e-01 speedT=2.82e-07 cos=+1.00 k=1 lam_top=+0.68 align=1.00
[E7] 691/1728 (2171s) gpt2 L4H9 sign=+0.86 symD=1 V=sym p=1 steps=3571: speed0=1.92e-01 speedT=3.17e-07 cos=+1.00 k=1 lam_top=+0.68 align=1.00
[E7] 692/1728 (2183s) gpt2 L4H9 sign=+0.86 symD=1 V=full p=1 steps=26655: speed0=5.23e-02 speedT=2.67e-02 cos=+1.00 k=1 lam_top=+0.41 align=1.00
[E7] 693/1728 (2184s) gpt2 L4H9 sign=+0.86 symD=1 V=full p=0 steps=26400: speed0=3.97e-02 speedT=1.52e-02 cos=+1.00 k=1 lam_top=+0.41 align=1.00
[E7] 694/1728 (2186s) gpt2 L4H10 sign=-0.89 symD=0 V=full p=0 steps=3869: speed0=2.33e-02 speedT=4.29e-08 cos=+1.00 k=1 lam_top=+0.06 align=1.00
[E7] 695/1728 (2190s) gpt2 L4H10 sign=-0.89 symD=0 V=full p=1 steps=4576: speed0=2.29e-02 speedT=4.48e-08 cos=+1.00 k=1 lam_top=+0.06 align=1.00
[E7] 696/1728 (2192s) gpt2 L4H9 sign=+0.86 symD=0 V=push p=1 steps=43752: speed0=1.09e-01 speedT=2.43e-03 cos=+0.27 k=4 lam_top=-0.09 align=0.00
[E7] 697/1728 (2192s) gpt2 L4H10 sign=-0.89 symD=0 V=sym p=0 steps=2907: speed0=2.42e-01 speedT=2.55e-07 cos=+1.00 k=1 lam_top=+0.51 align=1.00
[E7] 698/1728 (2194s) gpt2 L4H10 sign=-0.89 symD=0 V=sym p=1 steps=2851: speed0=2.59e-01 speedT=2.59e-07 cos=+1.00 k=1 lam_top=+0.51 align=1.00
[E7] 699/1728 (2196s) gpt2 L4H9 sign=+0.86 symD=1 V=push p=0 steps=27493: speed0=1.12e-01 speedT=1.27e-02 cos=+0.27 k=2 lam_top=-0.09 align=0.00
[E7] 700/1728 (2200s) gpt2 L4H10 sign=-0.89 symD=1 V=full p=0 steps=3970: speed0=2.47e-02 speedT=4.01e-08 cos=+1.00 k=1 lam_top=+0.06 align=1.00
[E7] 701/1728 (2203s) gpt2 L4H10 sign=-0.89 symD=1 V=full p=1 steps=4799: speed0=2.15e-02 speedT=5.43e-08 cos=+1.00 k=1 lam_top=+0.06 align=1.00
[E7] 702/1728 (2207s) gpt2 L4H10 sign=-0.89 symD=1 V=sym p=0 steps=2904: speed0=2.42e-01 speedT=2.55e-07 cos=+1.00 k=1 lam_top=+0.51 align=1.00
[E7] 703/1728 (2209s) gpt2 L4H9 sign=+0.86 symD=1 V=push p=1 steps=30396: speed0=1.10e-01 speedT=1.57e-04 cos=+0.06 k=2 lam_top=-0.09 align=0.00
[E7] 704/1728 (2210s) gpt2 L4H10 sign=-0.89 symD=1 V=sym p=1 steps=2871: speed0=2.62e-01 speedT=2.66e-07 cos=+1.00 k=1 lam_top=+0.51 align=1.00
[E7] 705/1728 (2218s) gpt2 L4H10 sign=-0.89 symD=0 V=push p=0 steps=36292: speed0=1.74e-01 speedT=5.84e-04 cos=+0.11 k=23 lam_top=-0.12 align=0.01
[E7] 706/1728 (2220s) gpt2 L4H10 sign=-0.89 symD=1 V=push p=0 steps=12693: speed0=1.75e-01 speedT=4.16e-04 cos=+0.11 k=64 lam_top=-0.12 align=0.01
[E7] 707/1728 (2223s) gpt2 L4H10 sign=-0.89 symD=1 V=push p=1 steps=14132: speed0=1.90e-01 speedT=1.08e-03 cos=+0.13 k=64 lam_top=-0.12 align=0.01
[E7] 708/1728 (2227s) gpt2 L4H11 sign=+0.96 symD=0 V=sym p=0 steps=4167: speed0=2.02e-01 speedT=3.93e-07 cos=+1.00 k=1 lam_top=+0.62 align=1.00
[E7] 709/1728 (2231s) gpt2 L4H11 sign=+0.96 symD=0 V=sym p=1 steps=4291: speed0=1.99e-01 speedT=2.09e-07 cos=+1.00 k=1 lam_top=+0.62 align=1.00
[E7] 710/1728 (2241s) gpt2 L4H11 sign=+0.96 symD=0 V=push p=0 steps=8065: speed0=1.06e-01 speedT=3.18e-07 cos=-0.01 k=2 lam_top=-0.04 align=0.00
[E7] 711/1728 (2266s) gpt2 L4H11 sign=+0.96 symD=0 V=push p=1 steps=18824: speed0=1.06e-01 speedT=2.65e-07 cos=+0.42 k=2 lam_top=-0.04 align=0.00
[E7] 712/1728 (2275s) gpt2 L4H11 sign=+0.96 symD=0 V=full p=0 steps=52458: speed0=1.13e-01 speedT=2.26e-05 cos=+1.00 k=1 lam_top=+0.37 align=1.00
[E7] 713/1728 (2281s) gpt2 L4H11 sign=+0.96 symD=0 V=full p=1 steps=55259: speed0=1.13e-01 speedT=3.39e-04 cos=+0.76 k=2 lam_top=+0.37 align=1.00
[E7] 714/1728 (2284s) gpt2 L4H10 sign=-0.89 symD=0 V=push p=1 steps=84335: speed0=1.88e-01 speedT=3.99e-02 cos=+0.01 k=21 lam_top=-0.12 align=0.20
[E7] 715/1728 (2290s) gpt2 L4H11 sign=+0.96 symD=1 V=sym p=0 steps=5048: speed0=2.10e-01 speedT=3.55e-07 cos=+1.00 k=1 lam_top=+0.62 align=1.00
[E7] 716/1728 (2294s) gpt2 L4H11 sign=+0.96 symD=1 V=sym p=1 steps=4755: speed0=1.99e-01 speedT=3.55e-07 cos=+1.00 k=1 lam_top=+0.62 align=1.00
[E7] 717/1728 (2300s) gpt2 L4H11 sign=+0.96 symD=1 V=push p=0 steps=5784: speed0=1.12e-01 speedT=2.44e-07 cos=+0.00 k=2 lam_top=-0.04 align=0.00
[E7] 718/1728 (2307s) gpt2 L4H11 sign=+0.96 symD=1 V=push p=1 steps=7860: speed0=1.05e-01 speedT=3.07e-07 cos=+0.65 k=2 lam_top=-0.04 align=0.00
[E7] 719/1728 (2309s) gpt2 L5H0 sign=+0.66 symD=0 V=full p=0 steps=8223: speed0=5.97e-02 speedT=9.54e-08 cos=+1.00 k=1 lam_top=+0.32 align=1.00
[E7] 720/1728 (2312s) gpt2 L5H0 sign=+0.66 symD=0 V=full p=1 steps=4919: speed0=5.90e-02 speedT=1.51e-07 cos=+1.00 k=1 lam_top=+0.32 align=1.00
[E7] 721/1728 (2315s) gpt2 L5H0 sign=+0.66 symD=0 V=sym p=0 steps=3322: speed0=2.18e-01 speedT=3.00e-07 cos=+1.00 k=1 lam_top=+0.62 align=1.00
[E7] 722/1728 (2317s) gpt2 L5H0 sign=+0.66 symD=0 V=sym p=1 steps=3281: speed0=2.18e-01 speedT=2.86e-07 cos=+1.00 k=1 lam_top=+0.62 align=1.00
[E7] 723/1728 (2357s) gpt2 L5H0 sign=+0.66 symD=0 V=push p=0 steps=32451: speed0=1.32e-01 speedT=3.74e-04 cos=-0.01 k=5 lam_top=-0.08 align=0.01
[E7] 724/1728 (2371s) gpt2 L5H0 sign=+0.66 symD=1 V=full p=0 steps=8988: speed0=4.92e-02 speedT=1.37e-07 cos=+1.00 k=1 lam_top=+0.32 align=1.00
[E7] 725/1728 (2379s) gpt2 L5H0 sign=+0.66 symD=1 V=full p=1 steps=5071: speed0=5.24e-02 speedT=4.66e-08 cos=+1.00 k=1 lam_top=+0.32 align=1.00
[E7] 726/1728 (2385s) gpt2 L5H0 sign=+0.66 symD=1 V=sym p=0 steps=3248: speed0=2.20e-01 speedT=2.53e-07 cos=+1.00 k=1 lam_top=+0.62 align=1.00
[E7] 727/1728 (2387s) gpt2 L4H11 sign=+0.96 symD=1 V=full p=0 steps=75428: speed0=1.06e-01 speedT=8.60e-05 cos=+0.18 k=2 lam_top=+0.37 align=1.00
[E7] 728/1728 (2391s) gpt2 L5H0 sign=+0.66 symD=1 V=sym p=1 steps=3211: speed0=2.16e-01 speedT=2.77e-07 cos=+1.00 k=1 lam_top=+0.62 align=1.00
[E7] 729/1728 (2404s) gpt2 L4H11 sign=+0.96 symD=1 V=full p=1 steps=87017: speed0=1.01e-01 speedT=1.75e-04 cos=-0.02 k=2 lam_top=+0.37 align=1.00
[E7] 730/1728 (2406s) gpt2 L5H0 sign=+0.66 symD=1 V=push p=0 steps=12051: speed0=1.34e-01 speedT=4.42e-05 cos=-0.01 k=23 lam_top=-0.08 align=0.00
[E7] 731/1728 (2408s) gpt2 L5H0 sign=+0.66 symD=1 V=push p=1 steps=11965: speed0=1.32e-01 speedT=3.93e-04 cos=+0.00 k=54 lam_top=-0.08 align=0.00
[E7] 732/1728 (2415s) gpt2 L5H1 sign=+0.43 symD=0 V=sym p=0 steps=4410: speed0=2.09e-01 speedT=2.35e-07 cos=+1.00 k=1 lam_top=+0.58 align=1.00
[E7] 733/1728 (2425s) gpt2 L5H1 sign=+0.43 symD=0 V=sym p=1 steps=4517: speed0=1.93e-01 speedT=3.05e-07 cos=+1.00 k=1 lam_top=+0.58 align=1.00
[E7] 734/1728 (2435s) gpt2 L5H1 sign=+0.43 symD=0 V=full p=0 steps=22965: speed0=1.43e-01 speedT=7.39e-02 cos=+1.00 k=1 lam_top=+0.23 align=1.00
[E7] 735/1728 (2438s) gpt2 L5H1 sign=+0.43 symD=0 V=full p=1 steps=23603: speed0=1.49e-01 speedT=7.02e-02 cos=+1.00 k=1 lam_top=+0.23 align=1.00
[E7] 736/1728 (2460s) gpt2 L5H1 sign=+0.43 symD=0 V=push p=1 steps=18812: speed0=1.13e-01 speedT=9.93e-05 cos=+0.05 k=3 lam_top=-0.10 align=0.00
[E7] 737/1728 (2464s) gpt2 L5H1 sign=+0.43 symD=0 V=push p=0 steps=29950: speed0=1.21e-01 speedT=2.51e-02 cos=+0.01 k=2 lam_top=-0.10 align=0.00
[E7] 738/1728 (2471s) gpt2 L5H1 sign=+0.43 symD=1 V=sym p=0 steps=4295: speed0=2.52e-01 speedT=2.34e-07 cos=+1.00 k=1 lam_top=+0.58 align=1.00
[E7] 739/1728 (2477s) gpt2 L5H1 sign=+0.43 symD=1 V=full p=0 steps=22858: speed0=7.37e-02 speedT=7.51e-02 cos=+1.00 k=1 lam_top=+0.23 align=1.00
[E7] 740/1728 (2479s) gpt2 L5H1 sign=+0.43 symD=1 V=sym p=1 steps=4270: speed0=2.45e-01 speedT=2.22e-07 cos=+1.00 k=1 lam_top=+0.58 align=1.00
[E7] 741/1728 (2487s) gpt2 L5H0 sign=+0.66 symD=0 V=push p=1 steps=119673: speed0=1.33e-01 speedT=1.59e-01 cos=+0.06 k=17 lam_top=-0.08 align=0.07
[E7] 742/1728 (2497s) gpt2 L5H2 sign=+0.97 symD=0 V=full p=0 steps=7601: speed0=6.80e-02 speedT=1.38e-07 cos=+1.00 k=1 lam_top=+0.64 align=1.00
[E7] 743/1728 (2498s) gpt2 L5H1 sign=+0.43 symD=1 V=full p=1 steps=23333: speed0=7.63e-02 speedT=7.02e-02 cos=+1.00 k=1 lam_top=+0.23 align=1.00
[E7] 744/1728 (2506s) gpt2 L5H2 sign=+0.97 symD=0 V=full p=1 steps=6169: speed0=7.38e-02 speedT=1.80e-07 cos=+1.00 k=1 lam_top=+0.64 align=1.00
[E7] 745/1728 (2506s) gpt2 L5H2 sign=+0.97 symD=0 V=sym p=0 steps=4278: speed0=1.72e-01 speedT=2.03e-07 cos=+1.00 k=1 lam_top=+0.78 align=1.00
[E7] 746/1728 (2507s) gpt2 L5H1 sign=+0.43 symD=1 V=push p=0 steps=17692: speed0=1.57e-01 speedT=3.37e-04 cos=-0.01 k=30 lam_top=-0.10 align=0.00
[E7] 747/1728 (2508s) gpt2 L5H1 sign=+0.43 symD=1 V=push p=1 steps=18703: speed0=1.54e-01 speedT=2.03e-04 cos=-0.02 k=6 lam_top=-0.10 align=0.00
[E7] 748/1728 (2513s) gpt2 L5H2 sign=+0.97 symD=0 V=push p=0 steps=5201: speed0=7.95e-02 speedT=3.19e-07 cos=+0.51 k=2 lam_top=-0.04 align=0.00
[E7] 749/1728 (2514s) gpt2 L5H2 sign=+0.97 symD=0 V=sym p=1 steps=4369: speed0=1.54e-01 speedT=2.46e-07 cos=+1.00 k=1 lam_top=+0.78 align=1.00
[E7] 750/1728 (2515s) gpt2 L5H2 sign=+0.97 symD=0 V=push p=1 steps=6071: speed0=6.61e-02 speedT=1.96e-07 cos=+0.65 k=2 lam_top=-0.04 align=0.00
[E7] 751/1728 (2519s) gpt2 L5H2 sign=+0.97 symD=1 V=full p=0 steps=6896: speed0=5.17e-02 speedT=1.80e-07 cos=+1.00 k=1 lam_top=+0.64 align=1.00
[E7] 752/1728 (2523s) gpt2 L5H2 sign=+0.97 symD=1 V=sym p=1 steps=4256: speed0=1.58e-01 speedT=1.90e-07 cos=+1.00 k=1 lam_top=+0.78 align=1.00
[E7] 753/1728 (2524s) gpt2 L5H2 sign=+0.97 symD=1 V=sym p=0 steps=4172: speed0=1.75e-01 speedT=1.90e-07 cos=+1.00 k=1 lam_top=+0.78 align=1.00
[E7] 754/1728 (2524s) gpt2 L5H2 sign=+0.97 symD=1 V=full p=1 steps=6782: speed0=5.39e-02 speedT=1.88e-07 cos=+1.00 k=1 lam_top=+0.64 align=1.00
[E7] 755/1728 (2527s) gpt2 L5H2 sign=+0.97 symD=1 V=push p=0 steps=4874: speed0=8.37e-02 speedT=1.82e-07 cos=+0.03 k=2 lam_top=-0.04 align=0.00
[E7] 756/1728 (2530s) gpt2 L5H2 sign=+0.97 symD=1 V=push p=1 steps=5128: speed0=7.10e-02 speedT=1.82e-07 cos=+0.02 k=2 lam_top=-0.04 align=0.00
[E7] 757/1728 (2532s) gpt2 L5H3 sign=+0.66 symD=0 V=full p=1 steps=5661: speed0=5.10e-02 speedT=1.11e-07 cos=+1.00 k=1 lam_top=+0.37 align=1.00
[E7] 758/1728 (2532s) gpt2 L5H3 sign=+0.66 symD=0 V=full p=0 steps=6348: speed0=5.01e-02 speedT=9.89e-08 cos=+1.00 k=1 lam_top=+0.37 align=1.00
[E7] 759/1728 (2533s) gpt2 L5H3 sign=+0.66 symD=0 V=sym p=0 steps=3794: speed0=1.30e-01 speedT=3.73e-07 cos=+1.00 k=1 lam_top=+0.71 align=1.00
[E7] 760/1728 (2537s) gpt2 L5H3 sign=+0.66 symD=0 V=sym p=1 steps=3999: speed0=1.17e-01 speedT=3.78e-07 cos=+1.00 k=1 lam_top=+0.71 align=1.00
[E7] 761/1728 (2542s) gpt2 L5H3 sign=+0.66 symD=1 V=full p=0 steps=6081: speed0=3.69e-02 speedT=1.20e-07 cos=+1.00 k=1 lam_top=+0.37 align=1.00
[E7] 762/1728 (2546s) gpt2 L5H3 sign=+0.66 symD=1 V=full p=1 steps=6644: speed0=4.21e-02 speedT=2.15e-07 cos=+1.00 k=1 lam_top=+0.37 align=1.00
[E7] 763/1728 (2548s) gpt2 L5H3 sign=+0.66 symD=1 V=sym p=0 steps=3970: speed0=1.32e-01 speedT=2.69e-07 cos=+1.00 k=1 lam_top=+0.71 align=1.00
[E7] 764/1728 (2555s) gpt2 L5H3 sign=+0.66 symD=1 V=sym p=1 steps=4011: speed0=1.24e-01 speedT=4.32e-07 cos=+1.00 k=1 lam_top=+0.71 align=1.00
[E7] 765/1728 (2565s) gpt2 L5H3 sign=+0.66 symD=0 V=push p=0 steps=23964: speed0=7.65e-02 speedT=1.70e-02 cos=+0.00 k=12 lam_top=-0.07 align=0.00
[E7] 766/1728 (2569s) gpt2 L5H3 sign=+0.66 symD=1 V=push p=0 steps=13988: speed0=8.33e-02 speedT=8.79e-05 cos=-0.01 k=30 lam_top=-0.07 align=0.00
[E7] 767/1728 (2571s) gpt2 L5H3 sign=+0.66 symD=0 V=push p=1 steps=29499: speed0=7.08e-02 speedT=2.39e-05 cos=-0.02 k=3 lam_top=-0.07 align=0.00
[E7] 768/1728 (2578s) gpt2 L5H4 sign=+0.12 symD=0 V=sym p=0 steps=3318: speed0=1.45e-01 speedT=2.64e-07 cos=+1.00 k=1 lam_top=+0.49 align=1.00
[E7] 769/1728 (2580s) gpt2 L5H4 sign=+0.12 symD=0 V=full p=1 steps=9844: speed0=5.42e-02 speedT=1.19e-04 cos=+1.00 k=1 lam_top=+0.21 align=1.00
[E7] 770/1728 (2583s) gpt2 L5H3 sign=+0.66 symD=1 V=push p=1 steps=18716: speed0=7.72e-02 speedT=4.52e-05 cos=+0.02 k=17 lam_top=-0.07 align=0.00
[E7] 771/1728 (2584s) gpt2 L5H4 sign=+0.12 symD=0 V=sym p=1 steps=3491: speed0=1.22e-01 speedT=2.08e-07 cos=+1.00 k=1 lam_top=+0.49 align=1.00
[E7] 772/1728 (2586s) gpt2 L5H4 sign=+0.12 symD=0 V=full p=0 steps=16720: speed0=4.40e-02 speedT=3.19e-02 cos=+1.00 k=1 lam_top=+0.21 align=0.62
[E7] 773/1728 (2602s) gpt2 L5H4 sign=+0.12 symD=1 V=full p=1 steps=11699: speed0=3.62e-02 speedT=2.17e-04 cos=+1.00 k=1 lam_top=+0.21 align=1.00
[E7] 774/1728 (2606s) gpt2 L5H4 sign=+0.12 symD=1 V=full p=0 steps=13843: speed0=3.06e-02 speedT=4.09e-04 cos=+1.00 k=1 lam_top=+0.21 align=1.00
[E7] 775/1728 (2609s) gpt2 L5H4 sign=+0.12 symD=1 V=sym p=0 steps=3186: speed0=1.58e-01 speedT=3.07e-07 cos=+1.00 k=1 lam_top=+0.49 align=1.00
[E7] 776/1728 (2613s) gpt2 L5H4 sign=+0.12 symD=1 V=sym p=1 steps=3236: speed0=1.31e-01 speedT=3.40e-07 cos=+1.00 k=1 lam_top=+0.49 align=1.00
[E7] 777/1728 (2615s) gpt2 L5H4 sign=+0.12 symD=0 V=push p=0 steps=25564: speed0=1.01e-01 speedT=6.29e-04 cos=-0.01 k=22 lam_top=-0.08 align=0.03
[E7] 778/1728 (2620s) gpt2 L5H5 sign=+0.74 symD=0 V=full p=0 steps=5049: speed0=9.69e-02 speedT=1.54e-07 cos=+1.00 k=1 lam_top=+0.49 align=1.00
[E7] 779/1728 (2623s) gpt2 L5H4 sign=+0.12 symD=1 V=push p=0 steps=9632: speed0=1.07e-01 speedT=1.88e-03 cos=+0.19 k=64 lam_top=-0.08 align=0.01
[E7] 780/1728 (2624s) gpt2 L5H5 sign=+0.74 symD=0 V=full p=1 steps=4125: speed0=9.87e-02 speedT=1.25e-07 cos=+1.00 k=1 lam_top=+0.49 align=1.00
[E7] 781/1728 (2629s) gpt2 L5H5 sign=+0.74 symD=0 V=sym p=0 steps=4679: speed0=1.74e-01 speedT=2.02e-07 cos=+1.00 k=1 lam_top=+0.67 align=1.00
[E7] 782/1728 (2630s) gpt2 L5H4 sign=+0.12 symD=1 V=push p=1 steps=9828: speed0=9.34e-02 speedT=9.66e-04 cos=+0.24 k=64 lam_top=-0.08 align=0.01
[E7] 783/1728 (2631s) gpt2 L5H5 sign=+0.74 symD=0 V=sym p=1 steps=4491: speed0=1.59e-01 speedT=2.07e-07 cos=+1.00 k=1 lam_top=+0.67 align=1.00
[E7] 784/1728 (2636s) gpt2 L5H5 sign=+0.74 symD=1 V=full p=0 steps=4670: speed0=8.13e-02 speedT=1.24e-07 cos=+1.00 k=1 lam_top=+0.49 align=1.00
[E7] 785/1728 (2638s) gpt2 L5H4 sign=+0.12 symD=0 V=push p=1 steps=46120: speed0=8.99e-02 speedT=2.53e-02 cos=+0.15 k=52 lam_top=-0.08 align=0.01
[E7] 786/1728 (2643s) gpt2 L5H5 sign=+0.74 symD=1 V=full p=1 steps=4106: speed0=7.66e-02 speedT=1.26e-07 cos=+1.00 k=1 lam_top=+0.49 align=1.00
[E7] 787/1728 (2646s) gpt2 L5H5 sign=+0.74 symD=1 V=sym p=0 steps=4612: speed0=1.76e-01 speedT=2.56e-07 cos=+1.00 k=1 lam_top=+0.67 align=1.00
[E7] 788/1728 (2652s) gpt2 L5H5 sign=+0.74 symD=1 V=sym p=1 steps=4433: speed0=1.73e-01 speedT=2.02e-07 cos=+1.00 k=1 lam_top=+0.67 align=1.00
[E7] 789/1728 (2661s) gpt2 L5H5 sign=+0.74 symD=1 V=push p=0 steps=9662: speed0=1.10e-01 speedT=9.76e-05 cos=-0.02 k=8 lam_top=-0.07 align=0.00
[E7] 790/1728 (2661s) gpt2 L5H5 sign=+0.74 symD=1 V=push p=1 steps=6000: speed0=1.10e-01 speedT=1.49e-05 cos=-0.01 k=7 lam_top=-0.07 align=0.00
[E7] 791/1728 (2668s) gpt2 L5H6 sign=+0.50 symD=0 V=full p=0 steps=8561: speed0=7.16e-02 speedT=1.31e-07 cos=+1.00 k=1 lam_top=+0.24 align=1.00
[E7] 792/1728 (2669s) gpt2 L5H6 sign=+0.50 symD=0 V=full p=1 steps=11459: speed0=8.22e-02 speedT=2.58e-07 cos=+1.00 k=1 lam_top=+0.24 align=1.00
[E7] 793/1728 (2671s) gpt2 L5H6 sign=+0.50 symD=0 V=sym p=0 steps=3261: speed0=1.93e-01 speedT=3.56e-07 cos=+1.00 k=1 lam_top=+0.55 align=1.00
[E7] 794/1728 (2672s) gpt2 L5H6 sign=+0.50 symD=0 V=sym p=1 steps=3292: speed0=1.74e-01 speedT=3.50e-07 cos=+1.00 k=1 lam_top=+0.55 align=1.00
[E7] 795/1728 (2686s) gpt2 L5H5 sign=+0.74 symD=0 V=push p=0 steps=57522: speed0=1.06e-01 speedT=2.94e-06 cos=-0.01 k=2 lam_top=-0.07 align=0.00
[E7] 796/1728 (2695s) gpt2 L5H6 sign=+0.50 symD=1 V=full p=0 steps=8313: speed0=5.99e-02 speedT=8.45e-08 cos=+1.00 k=1 lam_top=+0.24 align=1.00
[E7] 797/1728 (2697s) gpt2 L5H5 sign=+0.74 symD=0 V=push p=1 steps=65278: speed0=9.68e-02 speedT=2.62e-02 cos=+0.01 k=3 lam_top=-0.07 align=0.00
[E7] 798/1728 (2700s) gpt2 L5H6 sign=+0.50 symD=1 V=sym p=0 steps=3151: speed0=2.10e-01 speedT=2.55e-07 cos=+1.00 k=1 lam_top=+0.55 align=1.00
[E7] 799/1728 (2700s) gpt2 L5H6 sign=+0.50 symD=1 V=full p=1 steps=7334: speed0=6.07e-02 speedT=1.25e-07 cos=+1.00 k=1 lam_top=+0.24 align=1.00
[E7] 800/1728 (2704s) gpt2 L5H6 sign=+0.50 symD=1 V=sym p=1 steps=3169: speed0=1.92e-01 speedT=3.46e-07 cos=+1.00 k=1 lam_top=+0.55 align=1.00
[E7] 801/1728 (2706s) gpt2 L5H6 sign=+0.50 symD=1 V=push p=0 steps=8601: speed0=1.20e-01 speedT=1.81e-04 cos=+0.19 k=64 lam_top=-0.09 align=0.01
[E7] 802/1728 (2711s) gpt2 L5H6 sign=+0.50 symD=1 V=push p=1 steps=8747: speed0=1.09e-01 speedT=2.05e-04 cos=+0.18 k=64 lam_top=-0.09 align=0.02
[E7] 803/1728 (2712s) gpt2 L5H7 sign=+0.95 symD=0 V=full p=0 steps=7639: speed0=7.62e-02 speedT=5.41e-07 cos=+1.00 k=1 lam_top=+0.43 align=1.00
[E7] 804/1728 (2716s) gpt2 L5H7 sign=+0.95 symD=0 V=sym p=0 steps=3876: speed0=2.10e-01 speedT=3.06e-07 cos=+1.00 k=1 lam_top=+0.64 align=1.00
[E7] 805/1728 (2716s) gpt2 L5H7 sign=+0.95 symD=0 V=full p=1 steps=7124: speed0=7.89e-02 speedT=3.92e-07 cos=+1.00 k=1 lam_top=+0.43 align=1.00
[E7] 806/1728 (2719s) gpt2 L5H7 sign=+0.95 symD=0 V=sym p=1 steps=4057: speed0=1.61e-01 speedT=3.05e-07 cos=+1.00 k=1 lam_top=+0.64 align=1.00
[E7] 807/1728 (2722s) gpt2 L5H7 sign=+0.95 symD=0 V=push p=0 steps=7018: speed0=1.16e-01 speedT=3.25e-07 cos=-0.01 k=2 lam_top=-0.08 align=0.00
[E7] 808/1728 (2725s) gpt2 L5H7 sign=+0.95 symD=0 V=push p=1 steps=7499: speed0=9.43e-02 speedT=1.77e-07 cos=-0.01 k=2 lam_top=-0.08 align=0.00
[E7] 809/1728 (2732s) gpt2 L5H7 sign=+0.95 symD=1 V=full p=0 steps=12001: speed0=5.45e-02 speedT=3.30e-06 cos=+1.00 k=1 lam_top=+0.43 align=1.00
[E7] 810/1728 (2733s) gpt2 L5H6 sign=+0.50 symD=0 V=push p=1 steps=85620: speed0=9.50e-02 speedT=5.04e-02 cos=+0.11 k=60 lam_top=-0.09 align=0.02
[E7] 811/1728 (2735s) gpt2 L5H7 sign=+0.95 symD=1 V=full p=1 steps=8983: speed0=6.53e-02 speedT=1.14e-06 cos=+1.00 k=1 lam_top=+0.43 align=1.00
[E7] 812/1728 (2736s) gpt2 L5H7 sign=+0.95 symD=1 V=sym p=0 steps=3801: speed0=2.10e-01 speedT=3.09e-07 cos=+1.00 k=1 lam_top=+0.64 align=1.00
[E7] 813/1728 (2737s) gpt2 L5H7 sign=+0.95 symD=1 V=sym p=1 steps=3855: speed0=1.79e-01 speedT=2.17e-07 cos=+1.00 k=1 lam_top=+0.64 align=1.00
[E7] 814/1728 (2739s) gpt2 L5H8 sign=-0.65 symD=0 V=full p=0 steps=4464: speed0=8.22e-02 speedT=2.11e-07 cos=+1.00 k=1 lam_top=+0.14 align=1.00
[E7] 815/1728 (2740s) gpt2 L5H7 sign=+0.95 symD=1 V=push p=0 steps=5311: speed0=1.26e-01 speedT=2.01e-07 cos=+0.42 k=2 lam_top=-0.08 align=0.00
[E7] 816/1728 (2740s) gpt2 L5H7 sign=+0.95 symD=1 V=push p=1 steps=5586: speed0=1.10e-01 speedT=2.77e-07 cos=+0.06 k=2 lam_top=-0.08 align=0.00
[E7] 817/1728 (2742s) gpt2 L5H8 sign=-0.65 symD=0 V=full p=1 steps=4569: speed0=8.11e-02 speedT=9.25e-08 cos=+1.00 k=1 lam_top=+0.14 align=1.00
[E7] 818/1728 (2744s) gpt2 L5H8 sign=-0.65 symD=0 V=sym p=0 steps=4441: speed0=1.49e-01 speedT=2.47e-07 cos=+1.00 k=1 lam_top=+0.49 align=1.00
[E7] 819/1728 (2744s) gpt2 L5H8 sign=-0.65 symD=0 V=sym p=1 steps=4288: speed0=1.31e-01 speedT=2.47e-07 cos=+1.00 k=1 lam_top=+0.49 align=1.00
[E7] 820/1728 (2748s) gpt2 L5H8 sign=-0.65 symD=1 V=full p=0 steps=4168: speed0=6.57e-02 speedT=2.11e-07 cos=+1.00 k=1 lam_top=+0.14 align=1.00
[E7] 821/1728 (2751s) gpt2 L5H8 sign=-0.65 symD=1 V=full p=1 steps=4168: speed0=6.44e-02 speedT=2.11e-07 cos=+1.00 k=1 lam_top=+0.14 align=1.00
[E7] 822/1728 (2757s) gpt2 L5H8 sign=-0.65 symD=1 V=sym p=0 steps=4212: speed0=1.54e-01 speedT=2.03e-07 cos=+1.00 k=1 lam_top=+0.49 align=1.00
[E7] 823/1728 (2762s) gpt2 L5H8 sign=-0.65 symD=1 V=sym p=1 steps=4271: speed0=1.38e-01 speedT=1.91e-07 cos=+1.00 k=1 lam_top=+0.49 align=1.00
[E7] 824/1728 (2770s) gpt2 L5H8 sign=-0.65 symD=0 V=push p=1 steps=33763: speed0=9.94e-02 speedT=7.21e-07 cos=-0.02 k=2 lam_top=-0.13 align=0.00
[E7] 825/1728 (2772s) gpt2 L5H8 sign=-0.65 symD=1 V=push p=0 steps=11883: speed0=1.11e-01 speedT=1.05e-04 cos=-0.00 k=37 lam_top=-0.13 align=0.00
[E7] 826/1728 (2786s) gpt2 L5H8 sign=-0.65 symD=1 V=push p=1 steps=20707: speed0=1.03e-01 speedT=5.12e-04 cos=-0.00 k=27 lam_top=-0.13 align=0.00
[E7] 827/1728 (2788s) gpt2 L5H6 sign=+0.50 symD=0 V=push p=0 steps=146995: speed0=1.07e-01 speedT=8.45e-02 cos=+0.10 k=47 lam_top=-0.09 align=0.04
[E7] 828/1728 (2792s) gpt2 L5H9 sign=-0.93 symD=0 V=sym p=0 steps=3105: speed0=1.85e-01 speedT=2.40e-07 cos=+1.00 k=1 lam_top=+0.32 align=1.00
[E7] 829/1728 (2794s) gpt2 L5H9 sign=-0.93 symD=0 V=full p=0 steps=27765: speed0=4.47e-02 speedT=6.40e-02 cos=+1.00 k=1 lam_top=+0.06 align=1.00
[E7] 830/1728 (2795s) gpt2 L5H9 sign=-0.93 symD=0 V=sym p=1 steps=3064: speed0=1.77e-01 speedT=1.87e-07 cos=+1.00 k=1 lam_top=+0.32 align=1.00
[E7] 831/1728 (2805s) gpt2 L5H9 sign=-0.93 symD=0 V=full p=1 steps=27671: speed0=4.41e-02 speedT=6.58e-02 cos=+1.00 k=1 lam_top=+0.06 align=1.00
[E7] 832/1728 (2813s) gpt2 L5H8 sign=-0.65 symD=0 V=push p=0 steps=97758: speed0=1.08e-01 speedT=1.02e-02 cos=-0.01 k=3 lam_top=-0.13 align=0.01
[E7] 833/1728 (2825s) gpt2 L5H9 sign=-0.93 symD=1 V=full p=0 steps=27662: speed0=4.67e-02 speedT=6.29e-02 cos=+1.00 k=1 lam_top=+0.06 align=1.00
[E7] 834/1728 (2828s) gpt2 L5H9 sign=-0.93 symD=1 V=sym p=0 steps=3083: speed0=1.71e-01 speedT=1.87e-07 cos=+1.00 k=1 lam_top=+0.32 align=1.00
[E7] 835/1728 (2831s) gpt2 L5H9 sign=-0.93 symD=1 V=sym p=1 steps=3045: speed0=1.61e-01 speedT=2.04e-07 cos=+1.00 k=1 lam_top=+0.32 align=1.00
[E7] 836/1728 (2831s) gpt2 L5H9 sign=-0.93 symD=0 V=push p=1 steps=43843: speed0=1.31e-01 speedT=3.35e-03 cos=-0.01 k=15 lam_top=-0.03 align=0.00
[E7] 837/1728 (2834s) gpt2 L5H9 sign=-0.93 symD=1 V=full p=1 steps=27637: speed0=4.81e-02 speedT=6.50e-02 cos=+1.00 k=1 lam_top=+0.06 align=1.00
[E7] 838/1728 (2839s) gpt2 L5H10 sign=+0.98 symD=0 V=full p=0 steps=7362: speed0=5.75e-02 speedT=1.32e-07 cos=+0.82 k=2 lam_top=+0.74 align=1.00
[E7] 839/1728 (2842s) gpt2 L5H9 sign=-0.93 symD=0 V=push p=0 steps=61090: speed0=1.39e-01 speedT=4.47e-04 cos=-0.02 k=3 lam_top=-0.03 align=0.00
[E7] 840/1728 (2842s) gpt2 L5H10 sign=+0.98 symD=0 V=full p=1 steps=4441: speed0=6.81e-02 speedT=1.14e-07 cos=+0.94 k=2 lam_top=+0.74 align=1.00
[E7] 841/1728 (2845s) gpt2 L5H10 sign=+0.98 symD=0 V=sym p=1 steps=3964: speed0=1.69e-01 speedT=4.44e-07 cos=+1.00 k=1 lam_top=+0.87 align=1.00
[E7] 842/1728 (2848s) gpt2 L5H10 sign=+0.98 symD=0 V=sym p=0 steps=4800: speed0=1.86e-01 speedT=3.99e-07 cos=+1.00 k=1 lam_top=+0.87 align=1.00
[E7] 843/1728 (2848s) gpt2 L5H9 sign=-0.93 symD=1 V=push p=0 steps=23743: speed0=1.29e-01 speedT=3.22e-04 cos=+0.01 k=64 lam_top=-0.03 align=0.00
[E7] 844/1728 (2852s) gpt2 L5H9 sign=-0.93 symD=1 V=push p=1 steps=22926: speed0=1.20e-01 speedT=7.65e-04 cos=-0.00 k=64 lam_top=-0.03 align=0.00
[E7] 845/1728 (2853s) gpt2 L5H10 sign=+0.98 symD=1 V=full p=0 steps=6866: speed0=6.14e-02 speedT=1.30e-07 cos=+0.76 k=2 lam_top=+0.74 align=1.00
[E7] 846/1728 (2857s) gpt2 L5H10 sign=+0.98 symD=1 V=sym p=0 steps=4621: speed0=1.76e-01 speedT=2.79e-07 cos=+1.00 k=1 lam_top=+0.87 align=1.00
[E7] 847/1728 (2858s) gpt2 L5H10 sign=+0.98 symD=1 V=full p=1 steps=5649: speed0=6.96e-02 speedT=1.34e-07 cos=+0.42 k=2 lam_top=+0.74 align=1.00
[E7] 848/1728 (2861s) gpt2 L5H10 sign=+0.98 symD=1 V=sym p=1 steps=4174: speed0=1.57e-01 speedT=1.88e-07 cos=+1.00 k=1 lam_top=+0.87 align=1.00
[E7] 849/1728 (2863s) gpt2 L5H10 sign=+0.98 symD=0 V=push p=1 steps=21320: speed0=9.57e-02 speedT=2.74e-03 cos=-0.00 k=31 lam_top=-0.04 align=0.22
[E7] 850/1728 (2864s) gpt2 L5H10 sign=+0.98 symD=0 V=push p=0 steps=25259: speed0=1.08e-01 speedT=1.44e-03 cos=-0.01 k=11 lam_top=-0.04 align=0.00
[E7] 851/1728 (2867s) gpt2 L5H11 sign=-1.00 symD=0 V=full p=0 steps=5189: speed0=3.41e-02 speedT=1.16e-03 cos=+0.49 k=64 lam_top=-0.19 align=0.33
[E7] 852/1728 (2869s) gpt2 L5H11 sign=-1.00 symD=0 V=full p=1 steps=5073: speed0=4.63e-02 speedT=1.36e-03 cos=+0.49 k=64 lam_top=-0.19 align=0.42
[E7] 853/1728 (2871s) gpt2 L5H11 sign=-1.00 symD=0 V=sym p=0 steps=2532: speed0=2.79e-01 speedT=2.82e-07 cos=+1.00 k=1 lam_top=+0.37 align=1.00
[E7] 854/1728 (2871s) gpt2 L5H11 sign=-1.00 symD=0 V=sym p=1 steps=2523: speed0=2.46e-01 speedT=3.22e-07 cos=+1.00 k=1 lam_top=+0.37 align=1.00
[E7] 855/1728 (2872s) gpt2 L5H10 sign=+0.98 symD=1 V=push p=0 steps=15997: speed0=1.01e-01 speedT=1.52e-04 cos=+0.03 k=45 lam_top=-0.04 align=0.00
[E7] 856/1728 (2873s) gpt2 L5H10 sign=+0.98 symD=1 V=push p=1 steps=13862: speed0=9.15e-02 speedT=7.63e-04 cos=+0.06 k=64 lam_top=-0.04 align=0.01
[E7] 857/1728 (2877s) gpt2 L5H11 sign=-1.00 symD=1 V=full p=0 steps=2910: speed0=3.77e-02 speedT=6.80e-05 cos=+0.53 k=64 lam_top=-0.19 align=0.44
[E7] 858/1728 (2878s) gpt2 L5H11 sign=-1.00 symD=0 V=push p=1 steps=4921: speed0=1.91e-01 speedT=3.29e-04 cos=+0.53 k=64 lam_top=-0.25 align=0.01
[E7] 859/1728 (2879s) gpt2 L5H11 sign=-1.00 symD=1 V=full p=1 steps=4830: speed0=5.07e-02 speedT=1.04e-04 cos=+0.48 k=64 lam_top=-0.19 align=0.35
[E7] 860/1728 (2881s) gpt2 L5H11 sign=-1.00 symD=0 V=push p=0 steps=7606: speed0=2.12e-01 speedT=1.46e-03 cos=+0.43 k=64 lam_top=-0.25 align=0.01
[E7] 861/1728 (2886s) gpt2 L5H11 sign=-1.00 symD=1 V=sym p=0 steps=2520: speed0=2.72e-01 speedT=3.34e-07 cos=+1.00 k=1 lam_top=+0.37 align=1.00
[E7] 862/1728 (2887s) gpt2 L5H11 sign=-1.00 symD=1 V=sym p=1 steps=2536: speed0=2.40e-01 speedT=1.62e-07 cos=+1.00 k=1 lam_top=+0.37 align=1.00
[E7] 863/1728 (2897s) gpt2 L5H11 sign=-1.00 symD=1 V=push p=0 steps=4640: speed0=2.08e-01 speedT=3.97e-04 cos=+0.48 k=64 lam_top=-0.25 align=0.01
[E7] 864/1728 (2906s) gpt2 L6H0 sign=+0.96 symD=0 V=full p=1 steps=4527: speed0=6.52e-02 speedT=1.14e-07 cos=+1.00 k=1 lam_top=+0.58 align=1.00
[E7] 865/1728 (2907s) gpt2 L6H0 sign=+0.96 symD=0 V=full p=0 steps=4494: speed0=5.26e-02 speedT=1.13e-07 cos=+1.00 k=1 lam_top=+0.58 align=1.00
[E7] 866/1728 (2909s) gpt2 L5H11 sign=-1.00 symD=1 V=push p=1 steps=5127: speed0=1.87e-01 speedT=1.12e-04 cos=+0.49 k=64 lam_top=-0.25 align=0.01
[E7] 867/1728 (2927s) gpt2 L6H0 sign=+0.96 symD=0 V=sym p=0 steps=4173: speed0=1.63e-01 speedT=4.39e-07 cos=+1.00 k=1 lam_top=+0.74 align=1.00
[E7] 868/1728 (2934s) gpt2 L6H0 sign=+0.96 symD=0 V=sym p=1 steps=4028: speed0=1.44e-01 speedT=3.81e-07 cos=+1.00 k=1 lam_top=+0.74 align=1.00
[E7] 869/1728 (2952s) gpt2 L6H0 sign=+0.96 symD=0 V=push p=1 steps=7428: speed0=7.39e-02 speedT=2.65e-08 cos=+0.13 k=2 lam_top=-0.04 align=0.00
[E7] 870/1728 (2954s) gpt2 L6H0 sign=+0.96 symD=0 V=push p=0 steps=7920: speed0=8.65e-02 speedT=3.78e-08 cos=-0.01 k=2 lam_top=-0.04 align=0.00
[E7] 871/1728 (2964s) gpt2 L6H0 sign=+0.96 symD=1 V=full p=1 steps=4429: speed0=4.96e-02 speedT=1.07e-07 cos=+1.00 k=1 lam_top=+0.58 align=1.00
[E7] 872/1728 (2967s) gpt2 L6H0 sign=+0.96 symD=1 V=full p=0 steps=5499: speed0=4.01e-02 speedT=1.06e-07 cos=+1.00 k=1 lam_top=+0.58 align=1.00
[E7] 873/1728 (2991s) gpt2 L6H0 sign=+0.96 symD=1 V=sym p=0 steps=4018: speed0=1.67e-01 speedT=4.92e-07 cos=+1.00 k=1 lam_top=+0.74 align=1.00
[E7] 874/1728 (2991s) gpt2 L6H0 sign=+0.96 symD=1 V=sym p=1 steps=3966: speed0=1.51e-01 speedT=4.62e-07 cos=+1.00 k=1 lam_top=+0.74 align=1.00
[E7] 875/1728 (3012s) gpt2 L6H1 sign=+0.75 symD=0 V=full p=1 steps=4862: speed0=8.04e-02 speedT=1.18e-07 cos=+1.00 k=1 lam_top=+0.34 align=1.00
[E7] 876/1728 (3019s) gpt2 L6H1 sign=+0.75 symD=0 V=full p=0 steps=5744: speed0=6.30e-02 speedT=1.57e-07 cos=+1.00 k=1 lam_top=+0.34 align=1.00
[E7] 877/1728 (3038s) gpt2 L6H1 sign=+0.75 symD=0 V=sym p=0 steps=3377: speed0=1.31e-01 speedT=2.90e-07 cos=+1.00 k=1 lam_top=+0.59 align=1.00
[E7] 878/1728 (3045s) gpt2 L6H1 sign=+0.75 symD=0 V=sym p=1 steps=3543: speed0=1.13e-01 speedT=1.99e-07 cos=+1.00 k=1 lam_top=+0.59 align=1.00
[E7] 879/1728 (3057s) gpt2 L6H0 sign=+0.96 symD=1 V=push p=1 steps=13497: speed0=8.10e-02 speedT=5.29e-06 cos=+0.27 k=11 lam_top=-0.04 align=0.00
[E7] 880/1728 (3067s) gpt2 L6H0 sign=+0.96 symD=1 V=push p=0 steps=16524: speed0=8.93e-02 speedT=2.42e-05 cos=+0.21 k=4 lam_top=-0.04 align=0.00
[E7] 881/1728 (3074s) gpt2 L6H1 sign=+0.75 symD=0 V=push p=0 steps=6252: speed0=7.64e-02 speedT=2.00e-07 cos=-0.02 k=2 lam_top=-0.10 align=0.00
[E7] 882/1728 (3078s) gpt2 L6H1 sign=+0.75 symD=0 V=push p=1 steps=5755: speed0=6.84e-02 speedT=2.00e-07 cos=+0.05 k=2 lam_top=-0.10 align=0.00
[E7] 883/1728 (3098s) gpt2 L6H1 sign=+0.75 symD=1 V=full p=0 steps=6914: speed0=4.79e-02 speedT=1.95e-07 cos=+1.00 k=1 lam_top=+0.34 align=1.00
[E7] 884/1728 (3099s) gpt2 L6H1 sign=+0.75 symD=1 V=full p=1 steps=5481: speed0=5.92e-02 speedT=5.30e-08 cos=+1.00 k=1 lam_top=+0.34 align=1.00
[E7] 885/1728 (3100s) gpt2 L6H1 sign=+0.75 symD=1 V=sym p=0 steps=3364: speed0=1.27e-01 speedT=2.56e-07 cos=+1.00 k=1 lam_top=+0.59 align=1.00
[E7] 886/1728 (3106s) gpt2 L6H1 sign=+0.75 symD=1 V=sym p=1 steps=3398: speed0=1.12e-01 speedT=2.61e-07 cos=+1.00 k=1 lam_top=+0.59 align=1.00
[E7] 887/1728 (3124s) gpt2 L6H2 sign=-0.38 symD=0 V=full p=1 steps=3216: speed0=2.42e-02 speedT=1.12e-07 cos=+1.00 k=1 lam_top=+0.31 align=1.00
[E7] 888/1728 (3128s) gpt2 L6H2 sign=-0.38 symD=0 V=full p=0 steps=4823: speed0=2.75e-02 speedT=1.13e-07 cos=+1.00 k=1 lam_top=+0.31 align=1.00
[E7] 889/1728 (3139s) gpt2 L6H1 sign=+0.75 symD=1 V=push p=1 steps=5895: speed0=6.75e-02 speedT=1.61e-07 cos=+0.56 k=2 lam_top=-0.10 align=0.00
[E7] 890/1728 (3145s) gpt2 L6H2 sign=-0.38 symD=0 V=sym p=0 steps=3343: speed0=1.54e-01 speedT=2.44e-07 cos=+1.00 k=1 lam_top=+0.67 align=1.00
[E7] 891/1728 (3146s) gpt2 L6H1 sign=+0.75 symD=1 V=push p=0 steps=7546: speed0=7.70e-02 speedT=2.00e-07 cos=+0.06 k=2 lam_top=-0.10 align=0.00
[E7] 892/1728 (3149s) gpt2 L6H2 sign=-0.38 symD=0 V=sym p=1 steps=3247: speed0=1.44e-01 speedT=2.86e-07 cos=+1.00 k=1 lam_top=+0.67 align=1.00
[E7] 893/1728 (3167s) gpt2 L6H2 sign=-0.38 symD=1 V=full p=0 steps=3183: speed0=2.60e-02 speedT=1.27e-07 cos=+1.00 k=1 lam_top=+0.31 align=1.00
[E7] 894/1728 (3169s) gpt2 L6H2 sign=-0.38 symD=1 V=full p=1 steps=3168: speed0=2.48e-02 speedT=1.12e-07 cos=+1.00 k=1 lam_top=+0.31 align=1.00
[E7] 895/1728 (3195s) gpt2 L6H2 sign=-0.38 symD=0 V=push p=1 steps=8155: speed0=9.83e-02 speedT=2.03e-03 cos=+0.01 k=46 lam_top=-0.04 align=0.01
[E7] 896/1728 (3196s) gpt2 L6H2 sign=-0.38 symD=1 V=sym p=0 steps=3309: speed0=1.62e-01 speedT=2.18e-07 cos=+1.00 k=1 lam_top=+0.67 align=1.00
[E7] 897/1728 (3197s) gpt2 L6H2 sign=-0.38 symD=1 V=sym p=1 steps=3237: speed0=1.49e-01 speedT=2.44e-07 cos=+1.00 k=1 lam_top=+0.67 align=1.00
[E7] 898/1728 (3220s) gpt2 L6H3 sign=+0.64 symD=0 V=full p=0 steps=4291: speed0=4.46e-02 speedT=1.23e-07 cos=+1.00 k=1 lam_top=+0.39 align=1.00
[E7] 899/1728 (3245s) gpt2 L6H3 sign=+0.64 symD=0 V=full p=1 steps=4340: speed0=5.43e-02 speedT=1.20e-07 cos=+1.00 k=1 lam_top=+0.39 align=1.00
[E7] 900/1728 (3249s) gpt2 L6H2 sign=-0.38 symD=1 V=push p=0 steps=7594: speed0=1.11e-01 speedT=8.94e-04 cos=+0.25 k=64 lam_top=-0.04 align=0.01
[E7] 901/1728 (3261s) gpt2 L6H2 sign=-0.38 symD=1 V=push p=1 steps=8798: speed0=1.01e-01 speedT=5.86e-04 cos=+0.19 k=64 lam_top=-0.04 align=0.01
[E7] 902/1728 (3275s) gpt2 L6H3 sign=+0.64 symD=0 V=sym p=0 steps=3827: speed0=1.27e-01 speedT=2.18e-07 cos=+1.00 k=1 lam_top=+0.63 align=1.00
[E7] 903/1728 (3283s) gpt2 L6H3 sign=+0.64 symD=0 V=sym p=1 steps=4043: speed0=1.18e-01 speedT=2.43e-07 cos=+1.00 k=1 lam_top=+0.63 align=1.00
[E7] 904/1728 (3303s) gpt2 L6H3 sign=+0.64 symD=0 V=push p=0 steps=6832: speed0=7.26e-02 speedT=1.72e-07 cos=+0.01 k=2 lam_top=-0.09 align=0.00
[E7] 905/1728 (3308s) gpt2 L6H2 sign=-0.38 symD=0 V=push p=0 steps=29467: speed0=1.07e-01 speedT=4.69e-03 cos=+0.02 k=48 lam_top=-0.04 align=0.04
[E7] 906/1728 (3313s) gpt2 L6H3 sign=+0.64 symD=0 V=push p=1 steps=6474: speed0=6.69e-02 speedT=1.88e-07 cos=+0.02 k=2 lam_top=-0.09 align=0.00
[E7] 907/1728 (3318s) gpt2 L6H3 sign=+0.64 symD=1 V=full p=0 steps=5330: speed0=3.82e-02 speedT=1.15e-07 cos=+1.00 k=1 lam_top=+0.39 align=1.00
[E7] 908/1728 (3333s) gpt2 L6H3 sign=+0.64 symD=1 V=full p=1 steps=4422: speed0=5.38e-02 speedT=1.44e-07 cos=+1.00 k=1 lam_top=+0.39 align=1.00
[E7] 909/1728 (3340s) gpt2 L6H3 sign=+0.64 symD=1 V=sym p=0 steps=3751: speed0=1.28e-01 speedT=2.43e-07 cos=+1.00 k=1 lam_top=+0.63 align=1.00
[E7] 910/1728 (3348s) gpt2 L6H3 sign=+0.64 symD=1 V=sym p=1 steps=4059: speed0=1.21e-01 speedT=2.08e-07 cos=+1.00 k=1 lam_top=+0.63 align=1.00
[E7] 911/1728 (3359s) gpt2 L6H4 sign=+0.96 symD=0 V=full p=0 steps=3488: speed0=3.66e-02 speedT=1.04e-07 cos=+1.00 k=1 lam_top=+0.53 align=1.00
[E7] 912/1728 (3363s) gpt2 L6H3 sign=+0.64 symD=1 V=push p=0 steps=6352: speed0=7.38e-02 speedT=2.15e-07 cos=+0.18 k=2 lam_top=-0.09 align=0.00
[E7] 913/1728 (3370s) gpt2 L6H4 sign=+0.96 symD=0 V=full p=1 steps=3910: speed0=4.21e-02 speedT=1.17e-07 cos=+1.00 k=1 lam_top=+0.53 align=1.00
[E7] 914/1728 (3382s) gpt2 L6H3 sign=+0.64 symD=1 V=push p=1 steps=6874: speed0=6.63e-02 speedT=1.73e-07 cos=+0.08 k=2 lam_top=-0.09 align=0.00
[E7] 915/1728 (3385s) gpt2 L6H4 sign=+0.96 symD=0 V=sym p=0 steps=3825: speed0=1.82e-01 speedT=3.07e-07 cos=+1.00 k=1 lam_top=+0.73 align=1.00
[E7] 916/1728 (3392s) gpt2 L6H4 sign=+0.96 symD=0 V=sym p=1 steps=3960: speed0=1.66e-01 speedT=2.39e-07 cos=+1.00 k=1 lam_top=+0.73 align=1.00
[E7] 917/1728 (3406s) gpt2 L6H4 sign=+0.96 symD=1 V=full p=0 steps=3480: speed0=3.99e-02 speedT=1.08e-07 cos=+1.00 k=1 lam_top=+0.53 align=1.00
[E7] 918/1728 (3417s) gpt2 L6H4 sign=+0.96 symD=1 V=full p=1 steps=3882: speed0=5.45e-02 speedT=6.89e-08 cos=+1.00 k=1 lam_top=+0.53 align=1.00
[E7] 919/1728 (3436s) gpt2 L6H4 sign=+0.96 symD=1 V=sym p=0 steps=3788: speed0=1.69e-01 speedT=1.87e-07 cos=+1.00 k=1 lam_top=+0.73 align=1.00
[E7] 920/1728 (3452s) gpt2 L6H4 sign=+0.96 symD=1 V=sym p=1 steps=3916: speed0=1.57e-01 speedT=2.84e-07 cos=+1.00 k=1 lam_top=+0.73 align=1.00
[E7] 921/1728 (3467s) gpt2 L6H4 sign=+0.96 symD=0 V=push p=1 steps=14441: speed0=9.27e-02 speedT=4.35e-02 cos=+0.13 k=39 lam_top=-0.06 align=0.05
[E7] 922/1728 (3512s) gpt2 L6H4 sign=+0.96 symD=1 V=push p=0 steps=11002: speed0=9.27e-02 speedT=9.74e-04 cos=+0.11 k=64 lam_top=-0.06 align=0.01
[E7] 923/1728 (3515s) gpt2 L6H4 sign=+0.96 symD=1 V=push p=1 steps=9238: speed0=8.53e-02 speedT=9.63e-04 cos=+0.14 k=64 lam_top=-0.06 align=0.01
[E7] 924/1728 (3544s) gpt2 L6H5 sign=-0.94 symD=0 V=sym p=0 steps=3783: speed0=1.58e-01 speedT=2.08e-07 cos=+1.00 k=1 lam_top=+0.39 align=1.00
[E7] 925/1728 (3573s) gpt2 L6H5 sign=-0.94 symD=0 V=sym p=1 steps=3734: speed0=1.63e-01 speedT=2.58e-07 cos=+1.00 k=1 lam_top=+0.39 align=1.00
[E7] 926/1728 (3609s) gpt2 L6H4 sign=+0.96 symD=0 V=push p=0 steps=41844: speed0=1.01e-01 speedT=1.32e-03 cos=+0.09 k=41 lam_top=-0.06 align=0.00
[E7] 927/1728 (3660s) gpt2 L6H5 sign=-0.94 symD=0 V=full p=1 steps=27439: speed0=8.91e-02 speedT=3.60e-03 cos=+0.44 k=60 lam_top=-0.04 align=0.59
[E7] 928/1728 (3734s) gpt2 L6H5 sign=-0.94 symD=1 V=full p=0 steps=11956: speed0=5.56e-02 speedT=3.85e-04 cos=+0.21 k=64 lam_top=-0.04 align=0.38
[E7] 929/1728 (3783s) gpt2 L6H5 sign=-0.94 symD=1 V=full p=1 steps=7567: speed0=7.59e-02 speedT=4.27e-04 cos=+0.58 k=64 lam_top=-0.04 align=0.66
[E7] 930/1728 (3797s) gpt2 L6H5 sign=-0.94 symD=0 V=full p=0 steps=59500: speed0=6.50e-02 speedT=1.66e-02 cos=+0.03 k=4 lam_top=-0.04 align=0.16
[E7] 931/1728 (3813s) gpt2 L6H5 sign=-0.94 symD=1 V=sym p=0 steps=3701: speed0=1.65e-01 speedT=2.05e-07 cos=+1.00 k=1 lam_top=+0.39 align=1.00
[E7] 932/1728 (3819s) gpt2 L6H5 sign=-0.94 symD=0 V=push p=1 steps=37239: speed0=1.41e-01 speedT=9.93e-04 cos=-0.02 k=4 lam_top=-0.18 align=0.04
[E7] 933/1728 (3826s) gpt2 L6H5 sign=-0.94 symD=0 V=push p=0 steps=43630: speed0=1.30e-01 speedT=1.92e-04 cos=-0.01 k=4 lam_top=-0.18 align=0.01
[E7] 934/1728 (3829s) gpt2 L6H5 sign=-0.94 symD=1 V=sym p=1 steps=3678: speed0=1.62e-01 speedT=2.05e-07 cos=+1.00 k=1 lam_top=+0.39 align=1.00
[E7] 935/1728 (3855s) gpt2 L6H6 sign=-0.99 symD=0 V=full p=1 steps=4088: speed0=5.18e-02 speedT=8.81e-04 cos=+0.56 k=64 lam_top=-0.08 align=0.30
[E7] 936/1728 (3859s) gpt2 L6H6 sign=-0.99 symD=0 V=full p=0 steps=5713: speed0=3.19e-02 speedT=1.23e-03 cos=+0.46 k=64 lam_top=-0.08 align=0.19
[E7] 937/1728 (3878s) gpt2 L6H6 sign=-0.99 symD=0 V=sym p=0 steps=2842: speed0=2.82e-01 speedT=4.39e-07 cos=+1.00 k=1 lam_top=+0.38 align=1.00
[E7] 938/1728 (3882s) gpt2 L6H6 sign=-0.99 symD=0 V=sym p=1 steps=2870: speed0=2.40e-01 speedT=2.36e-07 cos=+1.00 k=1 lam_top=+0.38 align=1.00
[E7] 939/1728 (3892s) gpt2 L6H5 sign=-0.94 symD=1 V=push p=0 steps=11096: speed0=1.36e-01 speedT=4.01e-04 cos=+0.05 k=63 lam_top=-0.18 align=0.01
[E7] 940/1728 (3897s) gpt2 L6H5 sign=-0.94 symD=1 V=push p=1 steps=10754: speed0=1.38e-01 speedT=2.91e-04 cos=+0.12 k=64 lam_top=-0.18 align=0.01
[E7] 941/1728 (3903s) gpt2 L6H6 sign=-0.99 symD=0 V=push p=0 steps=3930: speed0=2.22e-01 speedT=2.08e-04 cos=+0.52 k=64 lam_top=-0.23 align=0.01
[E7] 942/1728 (3909s) gpt2 L6H6 sign=-0.99 symD=0 V=push p=1 steps=4423: speed0=1.93e-01 speedT=3.89e-04 cos=+0.54 k=64 lam_top=-0.23 align=0.05
[E7] 943/1728 (3910s) gpt2 L6H6 sign=-0.99 symD=1 V=full p=0 steps=2507: speed0=4.53e-02 speedT=3.36e-05 cos=+0.49 k=64 lam_top=-0.08 align=0.26
[E7] 944/1728 (3914s) gpt2 L6H6 sign=-0.99 symD=1 V=full p=1 steps=2406: speed0=6.37e-02 speedT=3.49e-05 cos=+0.52 k=64 lam_top=-0.08 align=0.15
[E7] 945/1728 (3928s) gpt2 L6H6 sign=-0.99 symD=1 V=push p=0 steps=2432: speed0=2.00e-01 speedT=1.89e-05 cos=+0.52 k=64 lam_top=-0.23 align=0.01
[E7] 946/1728 (3928s) gpt2 L6H6 sign=-0.99 symD=1 V=sym p=0 steps=2803: speed0=2.53e-01 speedT=3.31e-07 cos=+1.00 k=1 lam_top=+0.38 align=1.00
[E7] 947/1728 (3935s) gpt2 L6H6 sign=-0.99 symD=1 V=push p=1 steps=2821: speed0=1.80e-01 speedT=1.64e-05 cos=+0.54 k=64 lam_top=-0.23 align=0.01
[E7] 948/1728 (3935s) gpt2 L6H6 sign=-0.99 symD=1 V=sym p=1 steps=2824: speed0=2.21e-01 speedT=3.98e-07 cos=+1.00 k=1 lam_top=+0.38 align=1.00
[E7] 949/1728 (3947s) gpt2 L6H7 sign=+0.79 symD=0 V=full p=0 steps=3423: speed0=3.55e-02 speedT=2.16e-07 cos=+1.00 k=1 lam_top=+0.66 align=1.00
[E7] 950/1728 (3953s) gpt2 L6H7 sign=+0.79 symD=0 V=full p=1 steps=4315: speed0=3.79e-02 speedT=2.72e-07 cos=+1.00 k=1 lam_top=+0.66 align=1.00
[E7] 951/1728 (3966s) gpt2 L6H7 sign=+0.79 symD=0 V=sym p=0 steps=4210: speed0=7.72e-02 speedT=3.69e-07 cos=+1.00 k=1 lam_top=+0.82 align=1.00
[E7] 952/1728 (3967s) gpt2 L6H7 sign=+0.79 symD=0 V=sym p=1 steps=4168: speed0=6.85e-02 speedT=2.31e-07 cos=+1.00 k=1 lam_top=+0.82 align=1.00
[E7] 953/1728 (3991s) gpt2 L6H7 sign=+0.79 symD=1 V=full p=0 steps=3644: speed0=2.43e-02 speedT=2.16e-07 cos=+1.00 k=1 lam_top=+0.66 align=1.00
[E7] 954/1728 (3991s) gpt2 L6H7 sign=+0.79 symD=1 V=full p=1 steps=3592: speed0=3.55e-02 speedT=2.16e-07 cos=+1.00 k=1 lam_top=+0.66 align=1.00
[E7] 955/1728 (4027s) gpt2 L6H7 sign=+0.79 symD=1 V=sym p=1 steps=4440: speed0=6.71e-02 speedT=2.43e-07 cos=+1.00 k=1 lam_top=+0.82 align=1.00
[E7] 956/1728 (4028s) gpt2 L6H7 sign=+0.79 symD=1 V=sym p=0 steps=4581: speed0=7.53e-02 speedT=2.18e-07 cos=+1.00 k=1 lam_top=+0.82 align=1.00
[E7] 957/1728 (4058s) gpt2 L6H7 sign=+0.79 symD=0 V=push p=1 steps=17777: speed0=4.07e-02 speedT=5.91e-04 cos=+0.01 k=28 lam_top=-0.04 align=0.00
[E7] 958/1728 (4095s) gpt2 L6H7 sign=+0.79 symD=1 V=push p=1 steps=9796: speed0=4.10e-02 speedT=4.92e-05 cos=+0.01 k=35 lam_top=-0.04 align=0.00
[E7] 959/1728 (4098s) gpt2 L6H7 sign=+0.79 symD=0 V=push p=0 steps=27705: speed0=4.71e-02 speedT=5.33e-02 cos=+0.05 k=5 lam_top=-0.04 align=0.00
[E7] 960/1728 (4110s) gpt2 L6H7 sign=+0.79 symD=1 V=push p=0 steps=12117: speed0=4.90e-02 speedT=1.92e-04 cos=-0.01 k=43 lam_top=-0.04 align=0.00
[E7] 961/1728 (4127s) gpt2 L6H8 sign=+0.97 symD=0 V=sym p=0 steps=3998: speed0=1.42e-01 speedT=1.92e-07 cos=+1.00 k=1 lam_top=+0.71 align=1.00
[E7] 962/1728 (4143s) gpt2 L6H8 sign=+0.97 symD=0 V=sym p=1 steps=4119: speed0=1.35e-01 speedT=2.11e-07 cos=+1.00 k=1 lam_top=+0.71 align=1.00
[E7] 963/1728 (4170s) gpt2 L6H8 sign=+0.97 symD=0 V=full p=0 steps=19943: speed0=5.85e-02 speedT=4.71e-02 cos=+1.00 k=1 lam_top=+0.51 align=1.00
[E7] 964/1728 (4178s) gpt2 L6H8 sign=+0.97 symD=0 V=push p=0 steps=9264: speed0=6.06e-02 speedT=1.28e-07 cos=+0.24 k=2 lam_top=-0.03 align=0.00
[E7] 965/1728 (4212s) gpt2 L6H8 sign=+0.97 symD=0 V=full p=1 steps=21025: speed0=6.72e-02 speedT=3.53e-02 cos=+1.00 k=1 lam_top=+0.51 align=1.00
[E7] 966/1728 (4248s) gpt2 L6H8 sign=+0.97 symD=1 V=sym p=0 steps=3932: speed0=1.43e-01 speedT=2.89e-07 cos=+1.00 k=1 lam_top=+0.71 align=1.00
[E7] 967/1728 (4280s) gpt2 L6H8 sign=+0.97 symD=1 V=sym p=1 steps=3992: speed0=1.37e-01 speedT=2.82e-07 cos=+1.00 k=1 lam_top=+0.71 align=1.00
[E7] 968/1728 (4305s) gpt2 L6H8 sign=+0.97 symD=1 V=full p=0 steps=21024: speed0=4.61e-02 speedT=3.91e-02 cos=+1.00 k=1 lam_top=+0.51 align=1.00
[E7] 969/1728 (4310s) gpt2 L6H8 sign=+0.97 symD=1 V=full p=1 steps=20432: speed0=5.54e-02 speedT=3.57e-02 cos=+1.00 k=1 lam_top=+0.51 align=1.00
[E7] 970/1728 (4324s) gpt2 L6H8 sign=+0.97 symD=1 V=push p=0 steps=6675: speed0=6.36e-02 speedT=1.55e-07 cos=+0.18 k=2 lam_top=-0.03 align=0.00
[E7] 971/1728 (4337s) gpt2 L6H9 sign=+0.71 symD=0 V=full p=0 steps=4895: speed0=1.24e-01 speedT=1.47e-07 cos=+1.00 k=1 lam_top=+0.42 align=1.00
[E7] 972/1728 (4343s) gpt2 L6H8 sign=+0.97 symD=0 V=push p=1 steps=34616: speed0=5.67e-02 speedT=5.40e-05 cos=-0.01 k=3 lam_top=-0.03 align=0.00
[E7] 973/1728 (4351s) gpt2 L6H9 sign=+0.71 symD=0 V=full p=1 steps=4675: speed0=1.28e-01 speedT=1.51e-07 cos=+1.00 k=1 lam_top=+0.42 align=1.00
[E7] 974/1728 (4359s) gpt2 L6H8 sign=+0.97 symD=1 V=push p=1 steps=7791: speed0=5.87e-02 speedT=2.51e-07 cos=+0.00 k=2 lam_top=-0.03 align=0.00
[E7] 975/1728 (4363s) gpt2 L6H9 sign=+0.71 symD=0 V=sym p=0 steps=3895: speed0=1.43e-01 speedT=2.16e-07 cos=+1.00 k=1 lam_top=+0.70 align=1.00
[E7] 976/1728 (4373s) gpt2 L6H9 sign=+0.71 symD=0 V=sym p=1 steps=4012: speed0=1.36e-01 speedT=2.34e-07 cos=+1.00 k=1 lam_top=+0.70 align=1.00
[E7] 977/1728 (4391s) gpt2 L6H9 sign=+0.71 symD=1 V=full p=0 steps=4523: speed0=9.57e-02 speedT=1.27e-07 cos=+1.00 k=1 lam_top=+0.42 align=1.00
[E7] 978/1728 (4400s) gpt2 L6H9 sign=+0.71 symD=0 V=push p=0 steps=8673: speed0=8.14e-02 speedT=2.12e-02 cos=-0.01 k=31 lam_top=-0.12 align=0.00
[E7] 979/1728 (4402s) gpt2 L6H9 sign=+0.71 symD=1 V=full p=1 steps=4491: speed0=9.93e-02 speedT=1.49e-07 cos=+1.00 k=1 lam_top=+0.42 align=1.00
[E7] 980/1728 (4426s) gpt2 L6H9 sign=+0.71 symD=1 V=sym p=0 steps=3776: speed0=1.34e-01 speedT=2.16e-07 cos=+1.00 k=1 lam_top=+0.70 align=1.00
[E7] 981/1728 (4436s) gpt2 L6H9 sign=+0.71 symD=1 V=sym p=1 steps=3847: speed0=1.30e-01 speedT=2.34e-07 cos=+1.00 k=1 lam_top=+0.70 align=1.00
[E7] 982/1728 (4510s) gpt2 L6H9 sign=+0.71 symD=1 V=push p=1 steps=12269: speed0=7.09e-02 speedT=8.06e-05 cos=-0.01 k=14 lam_top=-0.12 align=0.00
[E7] 983/1728 (4521s) gpt2 L6H10 sign=+0.37 symD=0 V=full p=0 steps=14533: speed0=2.04e-02 speedT=9.88e-03 cos=+1.00 k=1 lam_top=+0.24 align=1.00
[E7] 984/1728 (4535s) gpt2 L6H9 sign=+0.71 symD=1 V=push p=0 steps=18033: speed0=7.55e-02 speedT=6.31e-04 cos=-0.01 k=62 lam_top=-0.12 align=0.00
[E7] 985/1728 (4542s) gpt2 L6H10 sign=+0.37 symD=0 V=sym p=0 steps=2696: speed0=2.03e-01 speedT=3.62e-07 cos=+1.00 k=1 lam_top=+0.59 align=1.00
[E7] 986/1728 (4553s) gpt2 L6H10 sign=+0.37 symD=0 V=sym p=1 steps=2672: speed0=1.79e-01 speedT=2.36e-07 cos=+1.00 k=1 lam_top=+0.59 align=1.00
[E7] 987/1728 (4569s) gpt2 L6H9 sign=+0.71 symD=0 V=push p=1 steps=35127: speed0=7.46e-02 speedT=1.92e-04 cos=-0.01 k=5 lam_top=-0.12 align=0.00
[E7] 988/1728 (4590s) gpt2 L6H10 sign=+0.37 symD=0 V=full p=1 steps=14736: speed0=2.57e-02 speedT=3.29e-02 cos=+1.00 k=1 lam_top=+0.24 align=1.00
[E7] 989/1728 (4631s) gpt2 L6H10 sign=+0.37 symD=0 V=push p=0 steps=14750: speed0=1.26e-01 speedT=1.48e-02 cos=+0.17 k=64 lam_top=-0.06 align=0.02
[E7] 990/1728 (4651s) gpt2 L6H10 sign=+0.37 symD=0 V=push p=1 steps=16731: speed0=1.12e-01 speedT=3.76e-03 cos=+0.37 k=64 lam_top=-0.06 align=0.02
[E7] 991/1728 (4656s) gpt2 L6H10 sign=+0.37 symD=1 V=sym p=0 steps=2697: speed0=1.97e-01 speedT=3.84e-07 cos=+1.00 k=1 lam_top=+0.59 align=1.00
[E7] 992/1728 (4671s) gpt2 L6H10 sign=+0.37 symD=1 V=full p=0 steps=14585: speed0=2.10e-02 speedT=9.67e-03 cos=+1.00 k=1 lam_top=+0.24 align=1.00
[E7] 993/1728 (4676s) gpt2 L6H10 sign=+0.37 symD=1 V=sym p=1 steps=2663: speed0=1.75e-01 speedT=3.37e-07 cos=+1.00 k=1 lam_top=+0.59 align=1.00
[E7] 994/1728 (4691s) gpt2 L6H10 sign=+0.37 symD=1 V=full p=1 steps=14683: speed0=2.68e-02 speedT=3.57e-02 cos=+1.00 k=1 lam_top=+0.24 align=1.00
[E7] 995/1728 (4711s) gpt2 L6H10 sign=+0.37 symD=1 V=push p=0 steps=7318: speed0=1.22e-01 speedT=4.51e-04 cos=+0.27 k=64 lam_top=-0.06 align=0.02
[E7] 996/1728 (4713s) gpt2 L6H11 sign=+0.81 symD=0 V=full p=0 steps=6226: speed0=7.01e-02 speedT=2.17e-07 cos=+1.00 k=1 lam_top=+0.46 align=1.00
[E7] 997/1728 (4718s) gpt2 L6H11 sign=+0.81 symD=0 V=full p=1 steps=4670: speed0=9.52e-02 speedT=1.73e-07 cos=+1.00 k=1 lam_top=+0.46 align=1.00
[E7] 998/1728 (4727s) gpt2 L6H10 sign=+0.37 symD=1 V=push p=1 steps=7567: speed0=1.09e-01 speedT=4.42e-04 cos=+0.31 k=64 lam_top=-0.06 align=0.01
[E7] 999/1728 (4741s) gpt2 L6H11 sign=+0.81 symD=0 V=sym p=0 steps=4111: speed0=1.57e-01 speedT=2.61e-07 cos=+1.00 k=1 lam_top=+0.68 align=1.00
[E7] 1000/1728 (4748s) gpt2 L6H11 sign=+0.81 symD=0 V=sym p=1 steps=4546: speed0=1.33e-01 speedT=2.09e-07 cos=+1.00 k=1 lam_top=+0.68 align=1.00
[E7] 1001/1728 (4778s) gpt2 L6H11 sign=+0.81 symD=1 V=full p=0 steps=5449: speed0=4.83e-02 speedT=1.67e-07 cos=+1.00 k=1 lam_top=+0.46 align=1.00
[E7] 1002/1728 (4795s) gpt2 L6H11 sign=+0.81 symD=1 V=full p=1 steps=7193: speed0=6.03e-02 speedT=2.17e-07 cos=+1.00 k=1 lam_top=+0.46 align=1.00
[E7] 1003/1728 (4810s) gpt2 L6H11 sign=+0.81 symD=1 V=sym p=0 steps=4046: speed0=1.52e-01 speedT=2.37e-07 cos=+1.00 k=1 lam_top=+0.68 align=1.00
[E7] 1004/1728 (4830s) gpt2 L6H11 sign=+0.81 symD=1 V=sym p=1 steps=4067: speed0=1.29e-01 speedT=2.87e-07 cos=+1.00 k=1 lam_top=+0.68 align=1.00
[E7] 1005/1728 (4833s) gpt2 L6H11 sign=+0.81 symD=0 V=push p=1 steps=18160: speed0=7.27e-02 speedT=3.31e-04 cos=-0.01 k=5 lam_top=-0.09 align=0.00
[E7] 1006/1728 (4859s) gpt2 L6H11 sign=+0.81 symD=1 V=push p=0 steps=6725: speed0=8.96e-02 speedT=1.50e-05 cos=-0.01 k=9 lam_top=-0.09 align=0.00
[E7] 1007/1728 (4869s) gpt2 L7H0 sign=+0.97 symD=0 V=full p=0 steps=6291: speed0=5.88e-02 speedT=3.51e-08 cos=+1.00 k=1 lam_top=+0.38 align=1.00
[E7] 1008/1728 (4880s) gpt2 L6H11 sign=+0.81 symD=0 V=push p=0 steps=28771: speed0=8.90e-02 speedT=1.29e-03 cos=+0.03 k=3 lam_top=-0.09 align=0.00
[E7] 1009/1728 (4889s) gpt2 L7H0 sign=+0.97 symD=0 V=full p=1 steps=5348: speed0=5.82e-02 speedT=3.95e-08 cos=+1.00 k=1 lam_top=+0.38 align=1.00
[E7] 1010/1728 (4890s) gpt2 L6H11 sign=+0.81 symD=1 V=push p=1 steps=8508: speed0=7.76e-02 speedT=1.40e-06 cos=-0.01 k=2 lam_top=-0.09 align=0.00
[E7] 1011/1728 (4891s) gpt2 L7H0 sign=+0.97 symD=0 V=sym p=0 steps=2969: speed0=1.53e-01 speedT=2.95e-07 cos=+1.00 k=1 lam_top=+0.64 align=1.00
[E7] 1012/1728 (4903s) gpt2 L7H0 sign=+0.97 symD=0 V=sym p=1 steps=3203: speed0=1.17e-01 speedT=3.10e-07 cos=+1.00 k=1 lam_top=+0.64 align=1.00
[E7] 1013/1728 (4926s) gpt2 L7H0 sign=+0.97 symD=1 V=full p=0 steps=5488: speed0=4.45e-02 speedT=3.85e-08 cos=+1.00 k=1 lam_top=+0.38 align=1.00
[E7] 1014/1728 (4933s) gpt2 L7H0 sign=+0.97 symD=1 V=full p=1 steps=4771: speed0=4.36e-02 speedT=3.59e-08 cos=+1.00 k=1 lam_top=+0.38 align=1.00
[E7] 1015/1728 (4950s) gpt2 L7H0 sign=+0.97 symD=1 V=sym p=0 steps=2956: speed0=1.59e-01 speedT=2.47e-07 cos=+1.00 k=1 lam_top=+0.64 align=1.00
[E7] 1016/1728 (4955s) gpt2 L7H0 sign=+0.97 symD=1 V=sym p=1 steps=3074: speed0=1.24e-01 speedT=1.76e-07 cos=+1.00 k=1 lam_top=+0.64 align=1.00
[E7] 1017/1728 (5061s) gpt2 L7H0 sign=+0.97 symD=1 V=push p=0 steps=15961: speed0=7.94e-02 speedT=6.90e-04 cos=+0.06 k=64 lam_top=-0.03 align=0.01
[E7] 1018/1728 (5072s) gpt2 L7H0 sign=+0.97 symD=0 V=push p=0 steps=31836: speed0=7.48e-02 speedT=3.72e-04 cos=-0.02 k=11 lam_top=-0.03 align=0.02
[E7] 1019/1728 (5093s) gpt2 L7H1 sign=+0.97 symD=0 V=full p=0 steps=6200: speed0=7.04e-02 speedT=1.37e-07 cos=+0.18 k=2 lam_top=+0.55 align=1.00
[E7] 1020/1728 (5102s) gpt2 L7H1 sign=+0.97 symD=0 V=full p=1 steps=6471: speed0=6.77e-02 speedT=1.52e-07 cos=+0.34 k=2 lam_top=+0.55 align=1.00
[E7] 1021/1728 (5104s) gpt2 L7H0 sign=+0.97 symD=1 V=push p=1 steps=23301: speed0=6.33e-02 speedT=6.21e-03 cos=+0.02 k=55 lam_top=-0.03 align=0.00
[E7] 1022/1728 (5117s) gpt2 L7H1 sign=+0.97 symD=0 V=sym p=0 steps=4174: speed0=1.73e-01 speedT=2.16e-07 cos=+1.00 k=1 lam_top=+0.69 align=1.00
[E7] 1023/1728 (5133s) gpt2 L7H1 sign=+0.97 symD=0 V=sym p=1 steps=4916: speed0=1.50e-01 speedT=2.26e-07 cos=+1.00 k=1 lam_top=+0.69 align=1.00
[E7] 1024/1728 (5139s) gpt2 L7H0 sign=+0.97 symD=0 V=push p=1 steps=44958: speed0=6.03e-02 speedT=4.30e-03 cos=+0.05 k=10 lam_top=-0.03 align=0.01
[E7] 1025/1728 (5146s) gpt2 L7H1 sign=+0.97 symD=0 V=push p=0 steps=8755: speed0=9.15e-02 speedT=1.05e-07 cos=-0.01 k=2 lam_top=-0.04 align=0.00
[E7] 1026/1728 (5150s) gpt2 L7H1 sign=+0.97 symD=0 V=push p=1 steps=6155: speed0=7.71e-02 speedT=1.01e-07 cos=+0.03 k=2 lam_top=-0.04 align=0.00
[E7] 1027/1728 (5175s) gpt2 L7H1 sign=+0.97 symD=1 V=full p=0 steps=6658: speed0=7.13e-02 speedT=2.89e-07 cos=+0.31 k=2 lam_top=+0.55 align=1.00
[E7] 1028/1728 (5178s) gpt2 L7H1 sign=+0.97 symD=1 V=sym p=0 steps=4164: speed0=1.70e-01 speedT=2.01e-07 cos=+1.00 k=1 lam_top=+0.69 align=1.00
[E7] 1029/1728 (5178s) gpt2 L7H1 sign=+0.97 symD=1 V=full p=1 steps=6400: speed0=7.70e-02 speedT=5.27e-08 cos=+0.24 k=2 lam_top=+0.55 align=1.00
[E7] 1030/1728 (5193s) gpt2 L7H1 sign=+0.97 symD=1 V=sym p=1 steps=4883: speed0=1.51e-01 speedT=2.26e-07 cos=+1.00 k=1 lam_top=+0.69 align=1.00
[E7] 1031/1728 (5221s) gpt2 L7H1 sign=+0.97 symD=1 V=push p=0 steps=6581: speed0=8.97e-02 speedT=1.13e-07 cos=-0.02 k=2 lam_top=-0.04 align=0.00
[E7] 1032/1728 (5231s) gpt2 L7H1 sign=+0.97 symD=1 V=push p=1 steps=8088: speed0=7.52e-02 speedT=1.45e-07 cos=+0.00 k=2 lam_top=-0.04 align=0.00
[E7] 1033/1728 (5244s) gpt2 L7H2 sign=+0.32 symD=0 V=sym p=0 steps=3275: speed0=2.02e-01 speedT=3.02e-07 cos=+1.00 k=1 lam_top=+0.55 align=1.00
[E7] 1034/1728 (5252s) gpt2 L7H2 sign=+0.32 symD=0 V=sym p=1 steps=3259: speed0=1.71e-01 speedT=2.98e-07 cos=+1.00 k=1 lam_top=+0.55 align=1.00
[E7] 1035/1728 (5298s) gpt2 L7H2 sign=+0.32 symD=0 V=push p=1 steps=8699: speed0=9.75e-02 speedT=1.78e-07 cos=-0.01 k=2 lam_top=-0.15 align=0.00
[E7] 1036/1728 (5304s) gpt2 L7H2 sign=+0.32 symD=0 V=full p=0 steps=23656: speed0=1.17e-01 speedT=1.95e-02 cos=+1.00 k=1 lam_top=+0.23 align=1.00
[E7] 1037/1728 (5310s) gpt2 L7H2 sign=+0.32 symD=0 V=push p=0 steps=12064: speed0=1.19e-01 speedT=3.27e-07 cos=+0.15 k=4 lam_top=-0.15 align=0.00
[E7] 1038/1728 (5317s) gpt2 L7H2 sign=+0.32 symD=0 V=full p=1 steps=23226: speed0=1.21e-01 speedT=2.36e-02 cos=+1.00 k=1 lam_top=+0.23 align=1.00
[E7] 1039/1728 (5337s) gpt2 L7H2 sign=+0.32 symD=1 V=sym p=0 steps=3205: speed0=1.94e-01 speedT=2.87e-07 cos=+1.00 k=1 lam_top=+0.55 align=1.00
[E7] 1040/1728 (5344s) gpt2 L7H2 sign=+0.32 symD=1 V=sym p=1 steps=3199: speed0=1.63e-01 speedT=2.11e-07 cos=+1.00 k=1 lam_top=+0.55 align=1.00
[E7] 1041/1728 (5390s) gpt2 L7H2 sign=+0.32 symD=1 V=push p=0 steps=7943: speed0=1.12e-01 speedT=1.89e-07 cos=+0.21 k=2 lam_top=-0.15 align=0.00
[E7] 1042/1728 (5398s) gpt2 L7H2 sign=+0.32 symD=1 V=push p=1 steps=7580: speed0=9.10e-02 speedT=1.63e-07 cos=+0.00 k=2 lam_top=-0.15 align=0.00
[E7] 1043/1728 (5410s) gpt2 L7H3 sign=-0.30 symD=0 V=full p=0 steps=3296: speed0=5.05e-02 speedT=2.04e-07 cos=+1.00 k=1 lam_top=+0.27 align=1.00
[E7] 1044/1728 (5416s) gpt2 L7H3 sign=-0.30 symD=0 V=full p=1 steps=3338: speed0=7.65e-02 speedT=2.31e-07 cos=+1.00 k=1 lam_top=+0.27 align=1.00
[E7] 1045/1728 (5438s) gpt2 L7H3 sign=-0.30 symD=0 V=sym p=0 steps=3927: speed0=1.42e-01 speedT=2.58e-07 cos=+1.00 k=1 lam_top=+0.56 align=1.00
[E7] 1046/1728 (5443s) gpt2 L7H3 sign=-0.30 symD=0 V=sym p=1 steps=3832: speed0=1.24e-01 speedT=2.43e-07 cos=+1.00 k=1 lam_top=+0.56 align=1.00
[E7] 1047/1728 (5448s) gpt2 L7H2 sign=+0.32 symD=1 V=full p=0 steps=23745: speed0=8.84e-02 speedT=3.15e-02 cos=+1.00 k=1 lam_top=+0.23 align=1.00
[E7] 1048/1728 (5451s) gpt2 L7H2 sign=+0.32 symD=1 V=full p=1 steps=23188: speed0=9.32e-02 speedT=2.91e-02 cos=+1.00 k=1 lam_top=+0.23 align=1.00
[E7] 1049/1728 (5470s) gpt2 L7H3 sign=-0.30 symD=1 V=full p=0 steps=3323: speed0=4.48e-02 speedT=2.32e-07 cos=+1.00 k=1 lam_top=+0.27 align=1.00
[E7] 1050/1728 (5474s) gpt2 L7H3 sign=-0.30 symD=1 V=full p=1 steps=3408: speed0=5.96e-02 speedT=1.95e-07 cos=+1.00 k=1 lam_top=+0.27 align=1.00
[E7] 1051/1728 (5500s) gpt2 L7H3 sign=-0.30 symD=1 V=sym p=0 steps=3993: speed0=1.43e-01 speedT=2.38e-07 cos=+1.00 k=1 lam_top=+0.56 align=1.00
[E7] 1052/1728 (5506s) gpt2 L7H3 sign=-0.30 symD=1 V=sym p=1 steps=3962: speed0=1.26e-01 speedT=1.98e-07 cos=+1.00 k=1 lam_top=+0.56 align=1.00
[E7] 1053/1728 (5571s) gpt2 L7H3 sign=-0.30 symD=1 V=push p=0 steps=11414: speed0=9.59e-02 speedT=3.64e-04 cos=+0.07 k=64 lam_top=-0.04 align=0.00
[E7] 1054/1728 (5571s) gpt2 L7H3 sign=-0.30 symD=1 V=push p=1 steps=9772: speed0=8.53e-02 speedT=1.10e-03 cos=+0.09 k=62 lam_top=-0.04 align=0.01
[E7] 1055/1728 (5596s) gpt2 L7H4 sign=+0.98 symD=0 V=full p=1 steps=4361: speed0=6.34e-02 speedT=1.33e-07 cos=+1.00 k=1 lam_top=+0.71 align=1.00
[E7] 1056/1728 (5598s) gpt2 L7H4 sign=+0.98 symD=0 V=full p=0 steps=4906: speed0=6.48e-02 speedT=1.48e-07 cos=+1.00 k=1 lam_top=+0.71 align=1.00
[E7] 1057/1728 (5627s) gpt2 L7H4 sign=+0.98 symD=0 V=sym p=1 steps=4680: speed0=1.29e-01 speedT=2.32e-07 cos=+1.00 k=1 lam_top=+0.85 align=1.00
[E7] 1058/1728 (5635s) gpt2 L7H4 sign=+0.98 symD=0 V=sym p=0 steps=5626: speed0=1.63e-01 speedT=1.83e-07 cos=+1.00 k=1 lam_top=+0.85 align=1.00
[E7] 1059/1728 (5669s) gpt2 L7H4 sign=+0.98 symD=0 V=push p=1 steps=6374: speed0=6.11e-02 speedT=1.46e-07 cos=+0.06 k=2 lam_top=-0.05 align=0.00
[E7] 1060/1728 (5676s) gpt2 L7H4 sign=+0.98 symD=0 V=push p=0 steps=9357: speed0=7.76e-02 speedT=1.14e-07 cos=+0.05 k=2 lam_top=-0.05 align=0.00
[E7] 1061/1728 (5696s) gpt2 L7H4 sign=+0.98 symD=1 V=full p=0 steps=4219: speed0=4.77e-02 speedT=1.49e-07 cos=+1.00 k=1 lam_top=+0.71 align=1.00
[E7] 1062/1728 (5705s) gpt2 L7H4 sign=+0.98 symD=1 V=full p=1 steps=4524: speed0=5.74e-02 speedT=1.55e-07 cos=+1.00 k=1 lam_top=+0.71 align=1.00
[E7] 1063/1728 (5734s) gpt2 L7H4 sign=+0.98 symD=1 V=sym p=0 steps=4714: speed0=1.69e-01 speedT=1.83e-07 cos=+1.00 k=1 lam_top=+0.85 align=1.00
[E7] 1064/1728 (5741s) gpt2 L7H4 sign=+0.98 symD=1 V=sym p=1 steps=4669: speed0=1.40e-01 speedT=2.03e-07 cos=+1.00 k=1 lam_top=+0.85 align=1.00
[E7] 1065/1728 (5769s) gpt2 L7H4 sign=+0.98 symD=1 V=push p=0 steps=5374: speed0=8.36e-02 speedT=3.96e-08 cos=+0.65 k=2 lam_top=-0.05 align=0.00
[E7] 1066/1728 (5772s) gpt2 L7H4 sign=+0.98 symD=1 V=push p=1 steps=4797: speed0=6.75e-02 speedT=1.26e-07 cos=+0.34 k=2 lam_top=-0.05 align=0.00
[E7] 1067/1728 (5779s) gpt2 L7H3 sign=-0.30 symD=0 V=push p=1 steps=60525: speed0=8.76e-02 speedT=7.38e-03 cos=-0.00 k=47 lam_top=-0.04 align=0.04
[E7] 1068/1728 (5788s) gpt2 L7H5 sign=+0.94 symD=0 V=full p=0 steps=3882: speed0=6.30e-02 speedT=1.12e-07 cos=+1.00 k=1 lam_top=+0.57 align=1.00
[E7] 1069/1728 (5790s) gpt2 L7H3 sign=-0.30 symD=0 V=push p=0 steps=64263: speed0=9.49e-02 speedT=4.06e-03 cos=-0.00 k=28 lam_top=-0.04 align=0.11
[E7] 1070/1728 (5792s) gpt2 L7H5 sign=+0.94 symD=0 V=full p=1 steps=4069: speed0=6.09e-02 speedT=1.11e-07 cos=+1.00 k=1 lam_top=+0.57 align=1.00
[E7] 1071/1728 (5806s) gpt2 L7H5 sign=+0.94 symD=0 V=sym p=0 steps=3953: speed0=2.06e-01 speedT=3.90e-07 cos=+1.00 k=1 lam_top=+0.82 align=1.00
[E7] 1072/1728 (5816s) gpt2 L7H5 sign=+0.94 symD=0 V=sym p=1 steps=3958: speed0=1.72e-01 speedT=3.41e-07 cos=+1.00 k=1 lam_top=+0.82 align=1.00
[E7] 1073/1728 (5822s) gpt2 L7H5 sign=+0.94 symD=0 V=push p=0 steps=5703: speed0=1.12e-01 speedT=1.97e-07 cos=+0.05 k=2 lam_top=-0.07 align=0.00
[E7] 1074/1728 (5830s) gpt2 L7H5 sign=+0.94 symD=1 V=full p=0 steps=3773: speed0=6.22e-02 speedT=1.12e-07 cos=+1.00 k=1 lam_top=+0.57 align=1.00
[E7] 1075/1728 (5835s) gpt2 L7H5 sign=+0.94 symD=0 V=push p=1 steps=8129: speed0=1.02e-01 speedT=1.92e-07 cos=+0.10 k=2 lam_top=-0.07 align=0.00
[E7] 1076/1728 (5842s) gpt2 L7H5 sign=+0.94 symD=1 V=full p=1 steps=4173: speed0=6.23e-02 speedT=1.07e-07 cos=+1.00 k=1 lam_top=+0.57 align=1.00
[E7] 1077/1728 (5854s) gpt2 L7H5 sign=+0.94 symD=1 V=sym p=0 steps=3988: speed0=2.05e-01 speedT=2.95e-07 cos=+1.00 k=1 lam_top=+0.82 align=1.00
[E7] 1078/1728 (5862s) gpt2 L7H5 sign=+0.94 symD=1 V=sym p=1 steps=4013: speed0=1.74e-01 speedT=3.11e-07 cos=+1.00 k=1 lam_top=+0.82 align=1.00
[E7] 1079/1728 (5872s) gpt2 L7H6 sign=-0.56 symD=0 V=full p=0 steps=3280: speed0=2.90e-02 speedT=8.88e-08 cos=+1.00 k=1 lam_top=+0.17 align=1.00
[E7] 1080/1728 (5873s) gpt2 L7H5 sign=+0.94 symD=1 V=push p=0 steps=5885: speed0=1.11e-01 speedT=1.03e-07 cos=+0.31 k=2 lam_top=-0.07 align=0.00
[E7] 1081/1728 (5878s) gpt2 L7H6 sign=-0.56 symD=0 V=full p=1 steps=2894: speed0=3.52e-02 speedT=9.02e-08 cos=+1.00 k=1 lam_top=+0.17 align=1.00
[E7] 1082/1728 (5886s) gpt2 L7H5 sign=+0.94 symD=1 V=push p=1 steps=6624: speed0=1.02e-01 speedT=1.97e-07 cos=+0.05 k=2 lam_top=-0.07 align=0.00
[E7] 1083/1728 (5890s) gpt2 L7H6 sign=-0.56 symD=0 V=sym p=0 steps=2524: speed0=2.19e-01 speedT=3.42e-07 cos=+1.00 k=1 lam_top=+0.55 align=1.00
[E7] 1084/1728 (5891s) gpt2 L7H6 sign=-0.56 symD=0 V=sym p=1 steps=2511: speed0=1.83e-01 speedT=3.30e-07 cos=+1.00 k=1 lam_top=+0.55 align=1.00
[E7] 1085/1728 (5908s) gpt2 L7H6 sign=-0.56 symD=1 V=full p=1 steps=2805: speed0=4.01e-02 speedT=1.39e-07 cos=+1.00 k=1 lam_top=+0.17 align=1.00
[E7] 1086/1728 (5911s) gpt2 L7H6 sign=-0.56 symD=1 V=full p=0 steps=3254: speed0=3.05e-02 speedT=5.32e-08 cos=+1.00 k=1 lam_top=+0.17 align=1.00
[E7] 1087/1728 (5931s) gpt2 L7H6 sign=-0.56 symD=1 V=sym p=0 steps=2521: speed0=2.19e-01 speedT=3.41e-07 cos=+1.00 k=1 lam_top=+0.55 align=1.00
[E7] 1088/1728 (5934s) gpt2 L7H6 sign=-0.56 symD=1 V=sym p=1 steps=2505: speed0=1.85e-01 speedT=2.73e-07 cos=+1.00 k=1 lam_top=+0.55 align=1.00
[E7] 1089/1728 (5973s) gpt2 L7H6 sign=-0.56 symD=0 V=push p=1 steps=14716: speed0=1.19e-01 speedT=7.85e-04 cos=-0.01 k=26 lam_top=-0.05 align=0.01
[E7] 1090/1728 (5991s) gpt2 L7H6 sign=-0.56 symD=1 V=push p=1 steps=8652: speed0=1.19e-01 speedT=5.62e-04 cos=+0.21 k=64 lam_top=-0.05 align=0.01
[E7] 1091/1728 (5998s) gpt2 L7H6 sign=-0.56 symD=1 V=push p=0 steps=10384: speed0=1.40e-01 speedT=5.90e-04 cos=+0.12 k=64 lam_top=-0.05 align=0.01
[E7] 1092/1728 (6000s) gpt2 L7H6 sign=-0.56 symD=0 V=push p=0 steps=21023: speed0=1.41e-01 speedT=1.76e-03 cos=-0.01 k=38 lam_top=-0.05 align=0.00
[E7] 1093/1728 (6006s) gpt2 L7H7 sign=-0.01 symD=0 V=full p=0 steps=6373: speed0=6.36e-02 speedT=1.39e-07 cos=+0.24 k=2 lam_top=+0.24 align=1.00
[E7] 1094/1728 (6015s) gpt2 L7H7 sign=-0.01 symD=0 V=full p=1 steps=4588: speed0=6.73e-02 speedT=8.97e-08 cos=+1.00 k=1 lam_top=+0.24 align=1.00
[E7] 1095/1728 (6019s) gpt2 L7H7 sign=-0.01 symD=0 V=sym p=0 steps=3050: speed0=1.79e-01 speedT=3.33e-07 cos=+1.00 k=1 lam_top=+0.56 align=1.00
[E7] 1096/1728 (6024s) gpt2 L7H7 sign=-0.01 symD=0 V=sym p=1 steps=3100: speed0=1.55e-01 speedT=4.67e-07 cos=+1.00 k=1 lam_top=+0.56 align=1.00
[E7] 1097/1728 (6053s) gpt2 L7H7 sign=-0.01 symD=1 V=full p=1 steps=4456: speed0=6.55e-02 speedT=1.58e-07 cos=+1.00 k=1 lam_top=+0.24 align=1.00
[E7] 1098/1728 (6056s) gpt2 L7H7 sign=-0.01 symD=1 V=full p=0 steps=5766: speed0=5.73e-02 speedT=1.35e-07 cos=+0.34 k=2 lam_top=+0.24 align=1.00
[E7] 1099/1728 (6074s) gpt2 L7H7 sign=-0.01 symD=1 V=sym p=0 steps=3026: speed0=1.77e-01 speedT=2.54e-07 cos=+1.00 k=1 lam_top=+0.56 align=1.00
[E7] 1100/1728 (6079s) gpt2 L7H7 sign=-0.01 symD=1 V=sym p=1 steps=3099: speed0=1.56e-01 speedT=4.33e-07 cos=+1.00 k=1 lam_top=+0.56 align=1.00
[E7] 1101/1728 (6167s) gpt2 L7H7 sign=-0.01 symD=0 V=push p=1 steps=27701: speed0=9.44e-02 speedT=7.53e-04 cos=-0.01 k=7 lam_top=-0.14 align=0.00
[E7] 1102/1728 (6181s) gpt2 L7H7 sign=-0.01 symD=1 V=push p=0 steps=16615: speed0=1.10e-01 speedT=6.47e-06 cos=-0.02 k=14 lam_top=-0.14 align=0.00
[E7] 1103/1728 (6224s) gpt2 L7H7 sign=-0.01 symD=1 V=push p=1 steps=23657: speed0=9.47e-02 speedT=2.44e-06 cos=-0.02 k=10 lam_top=-0.14 align=0.00
[E7] 1104/1728 (6237s) gpt2 L7H8 sign=+0.99 symD=0 V=full p=0 steps=13747: speed0=7.70e-02 speedT=2.44e-02 cos=+1.00 k=1 lam_top=+0.51 align=1.00
[E7] 1105/1728 (6246s) gpt2 L7H8 sign=+0.99 symD=0 V=sym p=0 steps=3351: speed0=1.92e-01 speedT=3.49e-07 cos=+1.00 k=1 lam_top=+0.70 align=1.00
[E7] 1106/1728 (6251s) gpt2 L7H8 sign=+0.99 symD=0 V=full p=1 steps=13549: speed0=9.15e-02 speedT=3.07e-02 cos=+1.00 k=1 lam_top=+0.51 align=1.00
[E7] 1107/1728 (6259s) gpt2 L7H8 sign=+0.99 symD=0 V=sym p=1 steps=3473: speed0=1.54e-01 speedT=4.31e-07 cos=+1.00 k=1 lam_top=+0.70 align=1.00
[E7] 1108/1728 (6353s) gpt2 L7H8 sign=+0.99 symD=1 V=full p=0 steps=14643: speed0=5.00e-02 speedT=2.48e-02 cos=+1.00 k=1 lam_top=+0.51 align=1.00
[E7] 1109/1728 (6357s) gpt2 L7H8 sign=+0.99 symD=0 V=push p=1 steps=18355: speed0=6.28e-02 speedT=9.83e-05 cos=-0.02 k=14 lam_top=-0.04 align=0.00
[E7] 1110/1728 (6370s) gpt2 L7H8 sign=+0.99 symD=0 V=push p=0 steps=23189: speed0=8.39e-02 speedT=1.53e-03 cos=-0.01 k=5 lam_top=-0.04 align=0.00
[E7] 1111/1728 (6383s) gpt2 L7H8 sign=+0.99 symD=1 V=sym p=0 steps=3328: speed0=1.84e-01 speedT=3.42e-07 cos=+1.00 k=1 lam_top=+0.70 align=1.00
[E7] 1112/1728 (6398s) gpt2 L7H8 sign=+0.99 symD=1 V=sym p=1 steps=3368: speed0=1.54e-01 speedT=3.44e-07 cos=+1.00 k=1 lam_top=+0.70 align=1.00
[E7] 1113/1728 (6402s) gpt2 L7H7 sign=-0.01 symD=0 V=push p=0 steps=71751: speed0=1.12e-01 speedT=3.86e-04 cos=+0.01 k=2 lam_top=-0.14 align=0.01
[E7] 1114/1728 (6422s) gpt2 L7H9 sign=+0.82 symD=0 V=full p=0 steps=4048: speed0=6.83e-02 speedT=1.14e-07 cos=+1.00 k=1 lam_top=+0.46 align=1.00
[E7] 1115/1728 (6442s) gpt2 L7H8 sign=+0.99 symD=1 V=full p=1 steps=14246: speed0=6.33e-02 speedT=2.84e-02 cos=+1.00 k=1 lam_top=+0.51 align=1.00
[E7] 1116/1728 (6444s) gpt2 L7H9 sign=+0.82 symD=0 V=full p=1 steps=4123: speed0=6.67e-02 speedT=1.66e-07 cos=+1.00 k=1 lam_top=+0.46 align=1.00
[E7] 1117/1728 (6476s) gpt2 L7H9 sign=+0.82 symD=0 V=sym p=0 steps=4660: speed0=1.56e-01 speedT=2.52e-07 cos=+1.00 k=1 lam_top=+0.70 align=1.00
[E7] 1118/1728 (6477s) gpt2 L7H9 sign=+0.82 symD=0 V=sym p=1 steps=4629: speed0=1.38e-01 speedT=2.05e-07 cos=+1.00 k=1 lam_top=+0.70 align=1.00
[E7] 1119/1728 (6481s) gpt2 L7H8 sign=+0.99 symD=1 V=push p=0 steps=14778: speed0=8.74e-02 speedT=7.13e-06 cos=-0.02 k=22 lam_top=-0.04 align=0.00
[E7] 1120/1728 (6510s) gpt2 L7H9 sign=+0.82 symD=1 V=full p=0 steps=4763: speed0=5.65e-02 speedT=1.83e-07 cos=+1.00 k=1 lam_top=+0.46 align=1.00
[E7] 1121/1728 (6521s) gpt2 L7H8 sign=+0.99 symD=1 V=push p=1 steps=20566: speed0=7.14e-02 speedT=1.56e-05 cos=-0.02 k=23 lam_top=-0.04 align=0.00
[E7] 1122/1728 (6533s) gpt2 L7H9 sign=+0.82 symD=0 V=push p=0 steps=10940: speed0=9.41e-02 speedT=1.22e-07 cos=-0.01 k=2 lam_top=-0.09 align=0.00
[E7] 1123/1728 (6536s) gpt2 L7H9 sign=+0.82 symD=1 V=full p=1 steps=4143: speed0=5.66e-02 speedT=1.28e-07 cos=+1.00 k=1 lam_top=+0.46 align=1.00
[E7] 1124/1728 (6559s) gpt2 L7H9 sign=+0.82 symD=1 V=sym p=0 steps=4778: speed0=1.63e-01 speedT=2.05e-07 cos=+1.00 k=1 lam_top=+0.70 align=1.00
[E7] 1125/1728 (6573s) gpt2 L7H9 sign=+0.82 symD=1 V=sym p=1 steps=4957: speed0=1.41e-01 speedT=2.07e-07 cos=+1.00 k=1 lam_top=+0.70 align=1.00
[E7] 1126/1728 (6580s) gpt2 L7H9 sign=+0.82 symD=0 V=push p=1 steps=19091: speed0=7.92e-02 speedT=1.77e-07 cos=-0.01 k=2 lam_top=-0.09 align=0.00
[E7] 1127/1728 (6603s) gpt2 L7H9 sign=+0.82 symD=1 V=push p=1 steps=7076: speed0=8.29e-02 speedT=7.04e-08 cos=-0.01 k=2 lam_top=-0.09 align=0.00
[E7] 1128/1728 (6606s) gpt2 L7H10 sign=+0.57 symD=0 V=full p=0 steps=6330: speed0=9.85e-02 speedT=3.53e-07 cos=+1.00 k=1 lam_top=+0.28 align=1.00
[E7] 1129/1728 (6609s) gpt2 L7H10 sign=+0.57 symD=0 V=full p=1 steps=5701: speed0=1.10e-01 speedT=3.67e-07 cos=+1.00 k=1 lam_top=+0.28 align=1.00
[E7] 1130/1728 (6627s) gpt2 L7H10 sign=+0.57 symD=0 V=sym p=0 steps=3237: speed0=1.73e-01 speedT=2.18e-07 cos=+1.00 k=1 lam_top=+0.55 align=1.00
[E7] 1131/1728 (6632s) gpt2 L7H10 sign=+0.57 symD=0 V=sym p=1 steps=3368: speed0=1.54e-01 speedT=3.52e-07 cos=+1.00 k=1 lam_top=+0.55 align=1.00
[E7] 1132/1728 (6673s) gpt2 L7H10 sign=+0.57 symD=1 V=full p=0 steps=6485: speed0=8.04e-02 speedT=2.59e-07 cos=+1.00 k=1 lam_top=+0.28 align=1.00
[E7] 1133/1728 (6708s) gpt2 L7H10 sign=+0.57 symD=1 V=full p=1 steps=5461: speed0=9.16e-02 speedT=2.04e-07 cos=+1.00 k=1 lam_top=+0.28 align=1.00
[E7] 1134/1728 (6716s) gpt2 L7H10 sign=+0.57 symD=0 V=push p=1 steps=16388: speed0=1.00e-01 speedT=2.07e-06 cos=-0.00 k=3 lam_top=-0.15 align=0.00
[E7] 1135/1728 (6735s) gpt2 L7H10 sign=+0.57 symD=1 V=sym p=0 steps=3234: speed0=1.66e-01 speedT=2.61e-07 cos=+1.00 k=1 lam_top=+0.55 align=1.00
[E7] 1136/1728 (6740s) gpt2 L7H9 sign=+0.82 symD=1 V=push p=0 steps=31298: speed0=9.80e-02 speedT=3.93e-04 cos=+0.03 k=3 lam_top=-0.09 align=0.00
[E7] 1137/1728 (6741s) gpt2 L7H10 sign=+0.57 symD=1 V=sym p=1 steps=3349: speed0=1.48e-01 speedT=1.91e-07 cos=+1.00 k=1 lam_top=+0.55 align=1.00
[E7] 1138/1728 (6771s) gpt2 L7H10 sign=+0.57 symD=0 V=push p=0 steps=28872: speed0=1.11e-01 speedT=3.96e-05 cos=-0.01 k=2 lam_top=-0.15 align=0.00
[E7] 1139/1728 (6886s) gpt2 L7H10 sign=+0.57 symD=1 V=push p=0 steps=22773: speed0=1.06e-01 speedT=1.21e-07 cos=-0.02 k=2 lam_top=-0.15 align=0.00
[E7] 1140/1728 (6904s) gpt2 L7H10 sign=+0.57 symD=1 V=push p=1 steps=24469: speed0=9.56e-02 speedT=9.37e-06 cos=-0.02 k=14 lam_top=-0.15 align=0.00
[E7] 1141/1728 (6905s) gpt2 L7H11 sign=+0.10 symD=0 V=sym p=0 steps=2824: speed0=2.10e-01 speedT=2.78e-07 cos=+1.00 k=1 lam_top=+0.51 align=1.00
[E7] 1142/1728 (6922s) gpt2 L7H11 sign=+0.10 symD=0 V=sym p=1 steps=2896: speed0=1.75e-01 speedT=2.88e-07 cos=+1.00 k=1 lam_top=+0.51 align=1.00
[E7] 1143/1728 (6940s) gpt2 L7H11 sign=+0.10 symD=0 V=push p=0 steps=6512: speed0=1.39e-01 speedT=1.71e-07 cos=-0.01 k=2 lam_top=-0.09 align=0.00
[E7] 1144/1728 (6948s) gpt2 L7H11 sign=+0.10 symD=0 V=full p=0 steps=40377: speed0=4.62e-02 speedT=1.12e-01 cos=+1.00 k=1 lam_top=+0.15 align=1.00
[E7] 1145/1728 (6961s) gpt2 L7H11 sign=+0.10 symD=0 V=push p=1 steps=6857: speed0=1.16e-01 speedT=1.62e-07 cos=+0.00 k=2 lam_top=-0.09 align=0.00
[E7] 1146/1728 (6984s) gpt2 L7H11 sign=+0.10 symD=1 V=sym p=0 steps=2833: speed0=2.07e-01 speedT=2.22e-07 cos=+1.00 k=1 lam_top=+0.51 align=1.00
[E7] 1147/1728 (6986s) gpt2 L7H11 sign=+0.10 symD=0 V=full p=1 steps=41781: speed0=5.04e-02 speedT=1.13e-01 cos=+1.00 k=1 lam_top=+0.15 align=1.00
[E7] 1148/1728 (7008s) gpt2 L7H11 sign=+0.10 symD=1 V=sym p=1 steps=2859: speed0=1.67e-01 speedT=3.17e-07 cos=+1.00 k=1 lam_top=+0.51 align=1.00
[E7] 1149/1728 (7024s) gpt2 L7H11 sign=+0.10 symD=1 V=push p=0 steps=6094: speed0=1.37e-01 speedT=1.58e-07 cos=+0.03 k=2 lam_top=-0.09 align=0.00
[E7] 1150/1728 (7041s) gpt2 L7H11 sign=+0.10 symD=1 V=push p=1 steps=5368: speed0=1.09e-01 speedT=2.19e-07 cos=+0.03 k=2 lam_top=-0.09 align=0.00
[E7] 1151/1728 (7049s) gpt2 L8H0 sign=-0.95 symD=0 V=full p=0 steps=4734: speed0=8.13e-02 speedT=4.61e-05 cos=+1.00 k=1 lam_top=+0.03 align=1.00
[E7] 1152/1728 (7066s) gpt2 L8H0 sign=-0.95 symD=0 V=full p=1 steps=4792: speed0=6.71e-02 speedT=4.76e-05 cos=+1.00 k=1 lam_top=+0.03 align=1.00
[E7] 1153/1728 (7067s) gpt2 L8H0 sign=-0.95 symD=0 V=sym p=0 steps=2314: speed0=2.75e-01 speedT=2.95e-07 cos=+1.00 k=1 lam_top=+0.49 align=1.00
[E7] 1154/1728 (7084s) gpt2 L8H0 sign=-0.95 symD=0 V=sym p=1 steps=2401: speed0=2.03e-01 speedT=3.42e-07 cos=+1.00 k=1 lam_top=+0.49 align=1.00
[E7] 1155/1728 (7119s) gpt2 L8H0 sign=-0.95 symD=0 V=push p=1 steps=6323: speed0=1.16e-01 speedT=4.64e-05 cos=+0.86 k=64 lam_top=-0.07 align=0.01
[E7] 1156/1728 (7146s) gpt2 L8H0 sign=-0.95 symD=0 V=push p=0 steps=14764: speed0=1.52e-01 speedT=4.30e-04 cos=+0.46 k=64 lam_top=-0.07 align=0.05
[E7] 1157/1728 (7148s) gpt2 L8H0 sign=-0.95 symD=1 V=full p=0 steps=4784: speed0=6.05e-02 speedT=4.83e-05 cos=+1.00 k=1 lam_top=+0.03 align=1.00
[E7] 1158/1728 (7166s) gpt2 L8H0 sign=-0.95 symD=1 V=sym p=0 steps=2328: speed0=2.66e-01 speedT=3.30e-07 cos=+1.00 k=1 lam_top=+0.49 align=1.00
[E7] 1159/1728 (7176s) gpt2 L8H0 sign=-0.95 symD=1 V=full p=1 steps=4926: speed0=4.17e-02 speedT=5.40e-05 cos=+1.00 k=1 lam_top=+0.03 align=1.00
[E7] 1160/1728 (7186s) gpt2 L8H0 sign=-0.95 symD=1 V=sym p=1 steps=2416: speed0=2.08e-01 speedT=3.08e-07 cos=+1.00 k=1 lam_top=+0.49 align=1.00
[E7] 1161/1728 (7190s) gpt2 L7H11 sign=+0.10 symD=1 V=full p=0 steps=40632: speed0=3.72e-02 speedT=1.05e-01 cos=+1.00 k=1 lam_top=+0.15 align=1.00
[E7] 1162/1728 (7194s) gpt2 L7H11 sign=+0.10 symD=1 V=full p=1 steps=41217: speed0=4.45e-02 speedT=1.13e-01 cos=+1.00 k=1 lam_top=+0.15 align=1.00
[E7] 1163/1728 (7224s) gpt2 L8H0 sign=-0.95 symD=1 V=push p=0 steps=7795: speed0=1.54e-01 speedT=1.23e-04 cos=+0.80 k=64 lam_top=-0.07 align=0.01
[E7] 1164/1728 (7241s) gpt2 L8H0 sign=-0.95 symD=1 V=push p=1 steps=8227: speed0=1.30e-01 speedT=9.71e-05 cos=+0.81 k=64 lam_top=-0.07 align=0.01
[E7] 1165/1728 (7246s) gpt2 L8H1 sign=-0.25 symD=0 V=sym p=0 steps=2956: speed0=2.27e-01 speedT=3.34e-07 cos=+1.00 k=1 lam_top=+0.50 align=1.00
[E7] 1166/1728 (7261s) gpt2 L8H1 sign=-0.25 symD=0 V=sym p=1 steps=3053: speed0=1.73e-01 speedT=3.07e-07 cos=+1.00 k=1 lam_top=+0.50 align=1.00
[E7] 1167/1728 (7308s) gpt2 L8H1 sign=-0.25 symD=0 V=full p=1 steps=23047: speed0=9.17e-02 speedT=8.64e-03 cos=+1.00 k=1 lam_top=+0.13 align=0.99
[E7] 1168/1728 (7331s) gpt2 L8H1 sign=-0.25 symD=0 V=full p=0 steps=27941: speed0=8.57e-02 speedT=1.19e-02 cos=+1.00 k=1 lam_top=+0.13 align=0.96
[E7] 1169/1728 (7346s) gpt2 L8H1 sign=-0.25 symD=0 V=push p=1 steps=15973: speed0=1.12e-01 speedT=1.78e-05 cos=-0.01 k=5 lam_top=-0.19 align=0.00
[E7] 1170/1728 (7370s) gpt2 L8H1 sign=-0.25 symD=1 V=sym p=0 steps=2877: speed0=2.22e-01 speedT=3.20e-07 cos=+1.00 k=1 lam_top=+0.50 align=1.00
[E7] 1171/1728 (7383s) gpt2 L8H1 sign=-0.25 symD=0 V=push p=0 steps=25164: speed0=1.47e-01 speedT=2.71e-04 cos=-0.01 k=6 lam_top=-0.19 align=0.00
[E7] 1172/1728 (7396s) gpt2 L8H1 sign=-0.25 symD=1 V=sym p=1 steps=2964: speed0=1.69e-01 speedT=2.96e-07 cos=+1.00 k=1 lam_top=+0.50 align=1.00
[E7] 1173/1728 (7451s) gpt2 L8H1 sign=-0.25 symD=1 V=full p=0 steps=23438: speed0=6.71e-02 speedT=6.70e-03 cos=+1.00 k=1 lam_top=+0.13 align=0.99
[E7] 1174/1728 (7471s) gpt2 L8H2 sign=+0.65 symD=0 V=full p=0 steps=3657: speed0=2.91e-02 speedT=9.22e-08 cos=+1.00 k=1 lam_top=+0.30 align=1.00
[E7] 1175/1728 (7486s) gpt2 L8H1 sign=-0.25 symD=1 V=full p=1 steps=24873: speed0=7.44e-02 speedT=1.03e-02 cos=+1.00 k=1 lam_top=+0.13 align=0.97
[E7] 1176/1728 (7491s) gpt2 L8H2 sign=+0.65 symD=0 V=full p=1 steps=3637: speed0=3.42e-02 speedT=5.64e-08 cos=+1.00 k=1 lam_top=+0.30 align=1.00
[E7] 1177/1728 (7510s) gpt2 L8H2 sign=+0.65 symD=0 V=sym p=0 steps=3232: speed0=1.92e-01 speedT=3.40e-07 cos=+1.00 k=1 lam_top=+0.65 align=1.00
[E7] 1178/1728 (7514s) gpt2 L8H2 sign=+0.65 symD=0 V=sym p=1 steps=3194: speed0=1.52e-01 speedT=3.59e-07 cos=+1.00 k=1 lam_top=+0.65 align=1.00
[E7] 1179/1728 (7520s) gpt2 L8H1 sign=-0.25 symD=1 V=push p=0 steps=19900: speed0=1.43e-01 speedT=1.23e-04 cos=-0.01 k=14 lam_top=-0.19 align=0.00
[E7] 1180/1728 (7526s) gpt2 L8H1 sign=-0.25 symD=1 V=push p=1 steps=18991: speed0=1.09e-01 speedT=1.04e-05 cos=-0.02 k=15 lam_top=-0.19 align=0.00
[E7] 1181/1728 (7543s) gpt2 L8H2 sign=+0.65 symD=1 V=full p=0 steps=3660: speed0=2.80e-02 speedT=1.36e-07 cos=+1.00 k=1 lam_top=+0.30 align=1.00
[E7] 1182/1728 (7549s) gpt2 L8H2 sign=+0.65 symD=1 V=full p=1 steps=3652: speed0=3.37e-02 speedT=6.57e-08 cos=+1.00 k=1 lam_top=+0.30 align=1.00
[E7] 1183/1728 (7570s) gpt2 L8H2 sign=+0.65 symD=1 V=sym p=0 steps=3225: speed0=1.94e-01 speedT=2.81e-07 cos=+1.00 k=1 lam_top=+0.65 align=1.00
[E7] 1184/1728 (7574s) gpt2 L8H2 sign=+0.65 symD=1 V=sym p=1 steps=3191: speed0=1.56e-01 speedT=3.03e-07 cos=+1.00 k=1 lam_top=+0.65 align=1.00
[E7] 1185/1728 (7635s) gpt2 L8H2 sign=+0.65 symD=1 V=push p=0 steps=10014: speed0=1.17e-01 speedT=1.57e-03 cos=+0.12 k=64 lam_top=-0.03 align=0.01
[E7] 1186/1728 (7639s) gpt2 L8H2 sign=+0.65 symD=0 V=push p=1 steps=23769: speed0=9.40e-02 speedT=2.05e-03 cos=-0.01 k=35 lam_top=-0.03 align=0.01
[E7] 1187/1728 (7640s) gpt2 L8H2 sign=+0.65 symD=1 V=push p=1 steps=9907: speed0=9.66e-02 speedT=1.47e-03 cos=+0.20 k=64 lam_top=-0.03 align=0.02
[E7] 1188/1728 (7664s) gpt2 L8H3 sign=+0.14 symD=0 V=sym p=0 steps=3701: speed0=1.65e-01 speedT=2.54e-07 cos=+1.00 k=1 lam_top=+0.54 align=1.00
[E7] 1189/1728 (7672s) gpt2 L8H3 sign=+0.14 symD=0 V=full p=0 steps=7382: speed0=7.04e-02 speedT=1.10e-07 cos=-0.01 k=2 lam_top=+0.23 align=1.00
[E7] 1190/1728 (7681s) gpt2 L8H3 sign=+0.14 symD=0 V=full p=1 steps=8213: speed0=7.65e-02 speedT=9.08e-08 cos=+1.00 k=1 lam_top=+0.23 align=1.00
[E7] 1191/1728 (7692s) gpt2 L8H3 sign=+0.14 symD=0 V=sym p=1 steps=3742: speed0=1.42e-01 speedT=4.00e-07 cos=+1.00 k=1 lam_top=+0.54 align=1.00
[E7] 1192/1728 (7717s) gpt2 L8H3 sign=+0.14 symD=0 V=push p=1 steps=6642: speed0=8.47e-02 speedT=1.80e-07 cos=-0.01 k=2 lam_top=-0.11 align=0.00
[E7] 1193/1728 (7719s) gpt2 L8H2 sign=+0.65 symD=0 V=push p=0 steps=38481: speed0=1.15e-01 speedT=5.10e-02 cos=+0.02 k=34 lam_top=-0.03 align=0.38
[E7] 1194/1728 (7728s) gpt2 L8H3 sign=+0.14 symD=1 V=full p=0 steps=5486: speed0=5.90e-02 speedT=1.41e-07 cos=+0.03 k=2 lam_top=+0.23 align=1.00
[E7] 1195/1728 (7738s) gpt2 L8H3 sign=+0.14 symD=0 V=push p=0 steps=11491: speed0=1.01e-01 speedT=5.79e-07 cos=+0.01 k=2 lam_top=-0.11 align=0.00
[E7] 1196/1728 (7747s) gpt2 L8H3 sign=+0.14 symD=1 V=full p=1 steps=4659: speed0=6.87e-02 speedT=1.39e-07 cos=+1.00 k=1 lam_top=+0.23 align=1.00
[E7] 1197/1728 (7748s) gpt2 L8H3 sign=+0.14 symD=1 V=sym p=0 steps=3683: speed0=1.62e-01 speedT=3.58e-07 cos=+1.00 k=1 lam_top=+0.54 align=1.00
[E7] 1198/1728 (7759s) gpt2 L8H3 sign=+0.14 symD=1 V=sym p=1 steps=3721: speed0=1.43e-01 speedT=2.64e-07 cos=+1.00 k=1 lam_top=+0.54 align=1.00
[E7] 1199/1728 (7770s) gpt2 L8H4 sign=+0.99 symD=0 V=full p=0 steps=4072: speed0=8.34e-02 speedT=1.72e-07 cos=+1.00 k=1 lam_top=+0.67 align=1.00
[E7] 1200/1728 (7782s) gpt2 L8H3 sign=+0.14 symD=1 V=push p=0 steps=6758: speed0=1.04e-01 speedT=1.41e-05 cos=+0.24 k=2 lam_top=-0.11 align=0.00
[E7] 1201/1728 (7785s) gpt2 L8H4 sign=+0.99 symD=0 V=full p=1 steps=5116: speed0=1.24e-01 speedT=1.74e-07 cos=+1.00 k=1 lam_top=+0.67 align=1.00
[E7] 1202/1728 (7799s) gpt2 L8H4 sign=+0.99 symD=0 V=sym p=0 steps=4135: speed0=1.85e-01 speedT=2.36e-07 cos=+1.00 k=1 lam_top=+0.79 align=1.00
[E7] 1203/1728 (7814s) gpt2 L8H4 sign=+0.99 symD=0 V=sym p=1 steps=4454: speed0=1.52e-01 speedT=2.41e-07 cos=+1.00 k=1 lam_top=+0.79 align=1.00
[E7] 1204/1728 (7821s) gpt2 L8H3 sign=+0.14 symD=1 V=push p=1 steps=12087: speed0=8.77e-02 speedT=2.06e-07 cos=+0.06 k=2 lam_top=-0.11 align=0.00
[E7] 1205/1728 (7837s) gpt2 L8H4 sign=+0.99 symD=1 V=full p=0 steps=3890: speed0=5.55e-02 speedT=1.78e-07 cos=+1.00 k=1 lam_top=+0.67 align=1.00
[E7] 1206/1728 (7856s) gpt2 L8H4 sign=+0.99 symD=1 V=full p=1 steps=5448: speed0=6.97e-02 speedT=1.78e-07 cos=+1.00 k=1 lam_top=+0.67 align=1.00
[E7] 1207/1728 (7871s) gpt2 L8H4 sign=+0.99 symD=1 V=sym p=0 steps=4093: speed0=1.90e-01 speedT=2.05e-07 cos=+1.00 k=1 lam_top=+0.79 align=1.00
[E7] 1208/1728 (7884s) gpt2 L8H4 sign=+0.99 symD=1 V=sym p=1 steps=4272: speed0=1.50e-01 speedT=2.82e-07 cos=+1.00 k=1 lam_top=+0.79 align=1.00
[E7] 1209/1728 (7887s) gpt2 L8H4 sign=+0.99 symD=0 V=push p=1 steps=16547: speed0=5.82e-02 speedT=1.85e-07 cos=+0.34 k=2 lam_top=-0.06 align=0.00
[E7] 1210/1728 (7900s) gpt2 L8H4 sign=+0.99 symD=0 V=push p=0 steps=20816: speed0=8.50e-02 speedT=1.12e-02 cos=-0.01 k=17 lam_top=-0.06 align=0.07
[E7] 1211/1728 (7907s) gpt2 L8H4 sign=+0.99 symD=1 V=push p=0 steps=5881: speed0=9.26e-02 speedT=1.94e-07 cos=-0.01 k=2 lam_top=-0.06 align=0.00
[E7] 1212/1728 (7908s) gpt2 L8H5 sign=+0.99 symD=0 V=full p=0 steps=4099: speed0=7.60e-02 speedT=2.27e-07 cos=+1.00 k=1 lam_top=+0.67 align=1.00
[E7] 1213/1728 (7926s) gpt2 L8H5 sign=+0.99 symD=0 V=full p=1 steps=4494: speed0=8.09e-02 speedT=1.89e-07 cos=+1.00 k=1 lam_top=+0.67 align=1.00
[E7] 1214/1728 (7934s) gpt2 L8H5 sign=+0.99 symD=0 V=sym p=0 steps=3820: speed0=1.76e-01 speedT=2.41e-07 cos=+1.00 k=1 lam_top=+0.85 align=1.00
[E7] 1215/1728 (7935s) gpt2 L8H5 sign=+0.99 symD=0 V=sym p=1 steps=3901: speed0=1.36e-01 speedT=2.44e-07 cos=+1.00 k=1 lam_top=+0.85 align=1.00
[E7] 1216/1728 (7950s) gpt2 L8H4 sign=+0.99 symD=1 V=push p=1 steps=10575: speed0=7.08e-02 speedT=2.10e-07 cos=-0.01 k=2 lam_top=-0.06 align=0.00
[E7] 1217/1728 (7961s) gpt2 L8H5 sign=+0.99 symD=1 V=full p=0 steps=4026: speed0=6.21e-02 speedT=1.72e-07 cos=+1.00 k=1 lam_top=+0.67 align=1.00
[E7] 1218/1728 (7976s) gpt2 L8H5 sign=+0.99 symD=1 V=full p=1 steps=4297: speed0=7.34e-02 speedT=1.64e-07 cos=+1.00 k=1 lam_top=+0.67 align=1.00
[E7] 1219/1728 (7995s) gpt2 L8H5 sign=+0.99 symD=1 V=sym p=0 steps=4219: speed0=1.83e-01 speedT=2.18e-07 cos=+1.00 k=1 lam_top=+0.85 align=1.00
[E7] 1220/1728 (8004s) gpt2 L8H5 sign=+0.99 symD=1 V=sym p=1 steps=3824: speed0=1.45e-01 speedT=2.09e-07 cos=+1.00 k=1 lam_top=+0.85 align=1.00
[E7] 1221/1728 (8040s) gpt2 L8H5 sign=+0.99 symD=0 V=push p=0 steps=20357: speed0=7.59e-02 speedT=8.00e-03 cos=+0.02 k=39 lam_top=-0.04 align=0.00
[E7] 1222/1728 (8067s) gpt2 L8H6 sign=+0.70 symD=0 V=full p=0 steps=4736: speed0=5.57e-02 speedT=8.37e-08 cos=+1.00 k=1 lam_top=+0.25 align=1.00
[E7] 1223/1728 (8074s) gpt2 L8H5 sign=+0.99 symD=1 V=push p=1 steps=11062: speed0=6.29e-02 speedT=5.78e-05 cos=-0.02 k=8 lam_top=-0.04 align=0.00
[E7] 1224/1728 (8091s) gpt2 L8H6 sign=+0.70 symD=0 V=full p=1 steps=4497: speed0=6.86e-02 speedT=8.48e-08 cos=+1.00 k=1 lam_top=+0.25 align=1.00
[E7] 1225/1728 (8092s) gpt2 L8H5 sign=+0.99 symD=0 V=push p=1 steps=28281: speed0=5.43e-02 speedT=1.01e-03 cos=-0.01 k=19 lam_top=-0.04 align=0.00
[E7] 1226/1728 (8092s) gpt2 L8H6 sign=+0.70 symD=0 V=sym p=0 steps=2952: speed0=2.48e-01 speedT=3.14e-07 cos=+1.00 k=1 lam_top=+0.54 align=1.00
[E7] 1227/1728 (8102s) gpt2 L8H5 sign=+0.99 symD=1 V=push p=0 steps=16303: speed0=8.05e-02 speedT=9.98e-06 cos=-0.02 k=17 lam_top=-0.04 align=0.00
[E7] 1228/1728 (8110s) gpt2 L8H6 sign=+0.70 symD=0 V=sym p=1 steps=2963: speed0=2.03e-01 speedT=2.50e-07 cos=+1.00 k=1 lam_top=+0.54 align=1.00
[E7] 1229/1728 (8134s) gpt2 L8H6 sign=+0.70 symD=1 V=full p=0 steps=5041: speed0=5.53e-02 speedT=5.01e-08 cos=+1.00 k=1 lam_top=+0.25 align=1.00
[E7] 1230/1728 (8145s) gpt2 L8H6 sign=+0.70 symD=1 V=full p=1 steps=5502: speed0=6.70e-02 speedT=6.28e-08 cos=+1.00 k=1 lam_top=+0.25 align=1.00
[E7] 1231/1728 (8151s) gpt2 L8H6 sign=+0.70 symD=0 V=push p=1 steps=10981: speed0=1.21e-01 speedT=1.96e-07 cos=+0.01 k=2 lam_top=-0.09 align=0.00
[E7] 1232/1728 (8158s) gpt2 L8H6 sign=+0.70 symD=1 V=sym p=0 steps=2970: speed0=2.48e-01 speedT=3.19e-07 cos=+1.00 k=1 lam_top=+0.54 align=1.00
[E7] 1233/1728 (8171s) gpt2 L8H6 sign=+0.70 symD=1 V=sym p=1 steps=2965: speed0=2.07e-01 speedT=2.96e-07 cos=+1.00 k=1 lam_top=+0.54 align=1.00
[E7] 1234/1728 (8197s) gpt2 L8H7 sign=+0.99 symD=0 V=full p=0 steps=4665: speed0=8.06e-02 speedT=1.44e-07 cos=+1.00 k=1 lam_top=+0.66 align=1.00
[E7] 1235/1728 (8197s) gpt2 L8H6 sign=+0.70 symD=1 V=push p=0 steps=7012: speed0=1.49e-01 speedT=4.80e-06 cos=+0.03 k=2 lam_top=-0.09 align=0.00
[E7] 1236/1728 (8200s) gpt2 L8H6 sign=+0.70 symD=1 V=push p=1 steps=6340: speed0=1.26e-01 speedT=8.13e-08 cos=+0.00 k=2 lam_top=-0.09 align=0.00
[E7] 1237/1728 (8209s) gpt2 L8H6 sign=+0.70 symD=0 V=push p=0 steps=21611: speed0=1.49e-01 speedT=1.85e-04 cos=-0.01 k=3 lam_top=-0.09 align=0.00
[E7] 1238/1728 (8221s) gpt2 L8H7 sign=+0.99 symD=0 V=full p=1 steps=4328: speed0=8.78e-02 speedT=9.12e-08 cos=+1.00 k=1 lam_top=+0.66 align=1.00
[E7] 1239/1728 (8229s) gpt2 L8H7 sign=+0.99 symD=0 V=sym p=0 steps=4620: speed0=2.03e-01 speedT=2.01e-07 cos=+1.00 k=1 lam_top=+0.79 align=1.00
[E7] 1240/1728 (8236s) gpt2 L8H7 sign=+0.99 symD=0 V=sym p=1 steps=4816: speed0=1.46e-01 speedT=2.41e-07 cos=+1.00 k=1 lam_top=+0.79 align=1.00
[E7] 1241/1728 (8266s) gpt2 L8H7 sign=+0.99 symD=1 V=full p=0 steps=5627: speed0=6.68e-02 speedT=2.44e-07 cos=+1.00 k=1 lam_top=+0.66 align=1.00
[E7] 1242/1728 (8269s) gpt2 L8H7 sign=+0.99 symD=1 V=full p=1 steps=5366: speed0=7.24e-02 speedT=2.59e-07 cos=+1.00 k=1 lam_top=+0.66 align=1.00
[E7] 1243/1728 (8304s) gpt2 L8H7 sign=+0.99 symD=1 V=sym p=0 steps=4528: speed0=2.08e-01 speedT=2.86e-07 cos=+1.00 k=1 lam_top=+0.79 align=1.00
[E7] 1244/1728 (8312s) gpt2 L8H7 sign=+0.99 symD=1 V=sym p=1 steps=5102: speed0=1.54e-01 speedT=3.07e-07 cos=+1.00 k=1 lam_top=+0.79 align=1.00
[E7] 1245/1728 (8380s) gpt2 L8H7 sign=+0.99 symD=0 V=push p=1 steps=26357: speed0=6.34e-02 speedT=2.22e-03 cos=+0.02 k=11 lam_top=-0.03 align=0.00
[E7] 1246/1728 (8457s) gpt2 L8H7 sign=+0.99 symD=1 V=push p=0 steps=22350: speed0=9.73e-02 speedT=9.70e-05 cos=+0.05 k=25 lam_top=-0.03 align=0.00
[E7] 1247/1728 (8490s) gpt2 L8H7 sign=+0.99 symD=0 V=push p=0 steps=48273: speed0=9.14e-02 speedT=5.38e-03 cos=+0.00 k=10 lam_top=-0.03 align=0.12
[E7] 1248/1728 (8490s) gpt2 L8H7 sign=+0.99 symD=1 V=push p=1 steps=25360: speed0=7.24e-02 speedT=3.66e-04 cos=+0.09 k=48 lam_top=-0.03 align=0.00
[E7] 1249/1728 (8496s) gpt2 L8H8 sign=+0.98 symD=0 V=full p=0 steps=21207: speed0=8.84e-02 speedT=3.55e-02 cos=+1.00 k=1 lam_top=+0.58 align=1.00
[E7] 1250/1728 (8518s) gpt2 L8H8 sign=+0.98 symD=0 V=sym p=1 steps=4683: speed0=1.75e-01 speedT=1.02e-05 cos=+1.00 k=1 lam_top=+0.78 align=1.00
[E7] 1251/1728 (8520s) gpt2 L8H8 sign=+0.98 symD=0 V=sym p=0 steps=4870: speed0=1.79e-01 speedT=1.04e-05 cos=+1.00 k=1 lam_top=+0.78 align=1.00
[E7] 1252/1728 (8565s) gpt2 L8H8 sign=+0.98 symD=0 V=full p=1 steps=21129: speed0=1.25e-01 speedT=5.29e-02 cos=+1.00 k=1 lam_top=+0.58 align=1.00
[E7] 1253/1728 (8573s) gpt2 L8H8 sign=+0.98 symD=0 V=push p=0 steps=13816: speed0=9.19e-02 speedT=2.27e-04 cos=+0.00 k=2 lam_top=-0.09 align=0.00
[E7] 1254/1728 (8575s) gpt2 L8H8 sign=+0.98 symD=0 V=push p=1 steps=10087: speed0=6.98e-02 speedT=5.81e-06 cos=+0.00 k=2 lam_top=-0.09 align=0.00
[E7] 1255/1728 (8613s) gpt2 L8H8 sign=+0.98 symD=1 V=sym p=1 steps=4465: speed0=1.77e-01 speedT=4.35e-06 cos=+1.00 k=1 lam_top=+0.78 align=1.00
[E7] 1256/1728 (8614s) gpt2 L8H8 sign=+0.98 symD=1 V=sym p=0 steps=4792: speed0=1.77e-01 speedT=8.97e-06 cos=+1.00 k=1 lam_top=+0.78 align=1.00
[E7] 1257/1728 (8660s) gpt2 L8H8 sign=+0.98 symD=1 V=push p=0 steps=6754: speed0=9.59e-02 speedT=1.83e-05 cos=-0.01 k=2 lam_top=-0.09 align=0.00
[E7] 1258/1728 (8660s) gpt2 L8H8 sign=+0.98 symD=1 V=push p=1 steps=6333: speed0=7.59e-02 speedT=5.34e-06 cos=-0.01 k=2 lam_top=-0.09 align=0.00
[E7] 1259/1728 (8662s) gpt2 L8H8 sign=+0.98 symD=1 V=full p=0 steps=21442: speed0=7.01e-02 speedT=3.04e-02 cos=+1.00 k=1 lam_top=+0.58 align=1.00
[E7] 1260/1728 (8688s) gpt2 L8H9 sign=-0.24 symD=0 V=sym p=0 steps=3364: speed0=2.04e-01 speedT=2.04e-07 cos=+1.00 k=1 lam_top=+0.52 align=1.00
[E7] 1261/1728 (8705s) gpt2 L8H8 sign=+0.98 symD=1 V=full p=1 steps=21230: speed0=1.07e-01 speedT=5.12e-02 cos=+1.00 k=1 lam_top=+0.58 align=1.00
[E7] 1262/1728 (8713s) gpt2 L8H9 sign=-0.24 symD=0 V=sym p=1 steps=3665: speed0=1.71e-01 speedT=2.83e-07 cos=+1.00 k=1 lam_top=+0.52 align=1.00
[E7] 1263/1728 (8741s) gpt2 L8H9 sign=-0.24 symD=0 V=full p=0 steps=15187: speed0=6.71e-02 speedT=9.00e-03 cos=+1.00 k=1 lam_top=+0.14 align=1.00
[E7] 1264/1728 (8750s) gpt2 L8H9 sign=-0.24 symD=0 V=full p=1 steps=16518: speed0=9.53e-02 speedT=7.31e-03 cos=+1.00 k=1 lam_top=+0.14 align=1.00
[E7] 1265/1728 (8821s) gpt2 L8H9 sign=-0.24 symD=0 V=push p=1 steps=18887: speed0=1.22e-01 speedT=6.72e-04 cos=-0.00 k=13 lam_top=-0.16 align=0.00
[E7] 1266/1728 (8840s) gpt2 L8H9 sign=-0.24 symD=1 V=full p=0 steps=15165: speed0=6.12e-02 speedT=1.09e-02 cos=+1.00 k=1 lam_top=+0.14 align=1.00
[E7] 1267/1728 (8851s) gpt2 L8H9 sign=-0.24 symD=1 V=sym p=0 steps=3327: speed0=2.06e-01 speedT=2.58e-07 cos=+1.00 k=1 lam_top=+0.52 align=1.00
[E7] 1268/1728 (8869s) gpt2 L8H9 sign=-0.24 symD=1 V=full p=1 steps=17624: speed0=9.74e-02 speedT=9.10e-03 cos=+1.00 k=1 lam_top=+0.14 align=1.00
[E7] 1269/1728 (8872s) gpt2 L8H9 sign=-0.24 symD=1 V=sym p=1 steps=3639: speed0=1.70e-01 speedT=2.94e-07 cos=+1.00 k=1 lam_top=+0.52 align=1.00
[E7] 1270/1728 (8921s) gpt2 L8H10 sign=-0.98 symD=0 V=full p=0 steps=8944: speed0=1.21e-01 speedT=7.72e-04 cos=+0.43 k=64 lam_top=-0.04 align=0.25
[E7] 1271/1728 (8934s) gpt2 L8H9 sign=-0.24 symD=1 V=push p=0 steps=12421: speed0=1.35e-01 speedT=1.21e-03 cos=+0.05 k=64 lam_top=-0.16 align=0.02
[E7] 1272/1728 (8957s) gpt2 L8H10 sign=-0.98 symD=0 V=sym p=0 steps=2960: speed0=2.31e-01 speedT=2.25e-07 cos=+1.00 k=1 lam_top=+0.40 align=1.00
[E7] 1273/1728 (8975s) gpt2 L8H9 sign=-0.24 symD=1 V=push p=1 steps=14808: speed0=1.19e-01 speedT=1.52e-03 cos=+0.02 k=64 lam_top=-0.16 align=0.01
[E7] 1274/1728 (8981s) gpt2 L8H10 sign=-0.98 symD=0 V=sym p=1 steps=3073: speed0=1.98e-01 speedT=2.21e-07 cos=+1.00 k=1 lam_top=+0.40 align=1.00
[E7] 1275/1728 (8986s) gpt2 L8H10 sign=-0.98 symD=0 V=full p=1 steps=11257: speed0=1.28e-01 speedT=2.36e-03 cos=+0.36 k=64 lam_top=-0.04 align=0.16
[E7] 1276/1728 (9007s) gpt2 L8H10 sign=-0.98 symD=1 V=full p=0 steps=2973: speed0=1.09e-01 speedT=1.34e-04 cos=+0.51 k=64 lam_top=-0.04 align=0.11
[E7] 1277/1728 (9026s) gpt2 L8H10 sign=-0.98 symD=1 V=full p=1 steps=3031: speed0=1.15e-01 speedT=1.46e-04 cos=+0.55 k=64 lam_top=-0.04 align=0.20
[E7] 1278/1728 (9037s) gpt2 L8H10 sign=-0.98 symD=0 V=push p=0 steps=10608: speed0=1.77e-01 speedT=9.26e-04 cos=+0.44 k=64 lam_top=-0.25 align=0.04
[E7] 1279/1728 (9048s) gpt2 L8H10 sign=-0.98 symD=1 V=sym p=0 steps=2950: speed0=2.33e-01 speedT=2.09e-07 cos=+1.00 k=1 lam_top=+0.40 align=1.00
[E7] 1280/1728 (9059s) gpt2 L8H10 sign=-0.98 symD=1 V=sym p=1 steps=3034: speed0=2.02e-01 speedT=2.82e-07 cos=+1.00 k=1 lam_top=+0.40 align=1.00
[E7] 1281/1728 (9074s) gpt2 L8H10 sign=-0.98 symD=1 V=push p=0 steps=3796: speed0=1.78e-01 speedT=1.00e-04 cos=+0.46 k=64 lam_top=-0.25 align=0.02
[E7] 1282/1728 (9078s) gpt2 L8H10 sign=-0.98 symD=0 V=push p=1 steps=17483: speed0=1.60e-01 speedT=6.99e-03 cos=+0.34 k=64 lam_top=-0.25 align=0.03
[E7] 1283/1728 (9081s) gpt2 L8H10 sign=-0.98 symD=1 V=push p=1 steps=3139: speed0=1.63e-01 speedT=7.96e-05 cos=+0.47 k=64 lam_top=-0.25 align=0.02
[E7] 1284/1728 (9095s) gpt2 L8H11 sign=+0.65 symD=0 V=full p=0 steps=4086: speed0=6.07e-02 speedT=6.25e-08 cos=+1.00 k=1 lam_top=+0.39 align=1.00
[E7] 1285/1728 (9098s) gpt2 L8H11 sign=+0.65 symD=0 V=full p=1 steps=3755: speed0=7.93e-02 speedT=1.44e-07 cos=+1.00 k=1 lam_top=+0.39 align=1.00
[E7] 1286/1728 (9107s) gpt2 L8H11 sign=+0.65 symD=0 V=sym p=0 steps=4119: speed0=1.46e-01 speedT=2.02e-07 cos=+1.00 k=1 lam_top=+0.63 align=1.00
[E7] 1287/1728 (9119s) gpt2 L8H11 sign=+0.65 symD=0 V=sym p=1 steps=4016: speed0=1.20e-01 speedT=1.86e-07 cos=+1.00 k=1 lam_top=+0.63 align=1.00
[E7] 1288/1728 (9145s) gpt2 L8H11 sign=+0.65 symD=1 V=full p=0 steps=4344: speed0=4.39e-02 speedT=1.97e-07 cos=+1.00 k=1 lam_top=+0.39 align=1.00
[E7] 1289/1728 (9149s) gpt2 L8H9 sign=-0.24 symD=0 V=push p=0 steps=83103: speed0=1.33e-01 speedT=9.09e-04 cos=+0.01 k=37 lam_top=-0.16 align=0.03
[E7] 1290/1728 (9168s) gpt2 L8H11 sign=+0.65 symD=1 V=full p=1 steps=3827: speed0=7.21e-02 speedT=1.54e-07 cos=+1.00 k=1 lam_top=+0.39 align=1.00
[E7] 1291/1728 (9178s) gpt2 L8H11 sign=+0.65 symD=1 V=sym p=0 steps=4097: speed0=1.49e-01 speedT=1.86e-07 cos=+1.00 k=1 lam_top=+0.63 align=1.00
[E7] 1292/1728 (9190s) gpt2 L8H11 sign=+0.65 symD=0 V=push p=0 steps=17489: speed0=8.90e-02 speedT=1.25e-04 cos=-0.01 k=3 lam_top=-0.10 align=0.00
[E7] 1293/1728 (9201s) gpt2 L8H11 sign=+0.65 symD=1 V=sym p=1 steps=4034: speed0=1.23e-01 speedT=1.86e-07 cos=+1.00 k=1 lam_top=+0.63 align=1.00
[E7] 1294/1728 (9229s) gpt2 L8H11 sign=+0.65 symD=0 V=push p=1 steps=22195: speed0=7.71e-02 speedT=2.71e-02 cos=+0.01 k=19 lam_top=-0.10 align=0.00
[E7] 1295/1728 (9236s) gpt2 L9H0 sign=+0.99 symD=0 V=full p=0 steps=6740: speed0=7.47e-02 speedT=1.30e-07 cos=+1.00 k=1 lam_top=+0.60 align=1.00
[E7] 1296/1728 (9259s) gpt2 L9H0 sign=+0.99 symD=0 V=full p=1 steps=5677: speed0=1.02e-01 speedT=1.25e-07 cos=+1.00 k=1 lam_top=+0.60 align=1.00
[E7] 1297/1728 (9267s) gpt2 L9H0 sign=+0.99 symD=0 V=sym p=0 steps=4367: speed0=2.47e-01 speedT=2.06e-07 cos=+1.00 k=1 lam_top=+0.77 align=1.00
[E7] 1298/1728 (9294s) gpt2 L9H0 sign=+0.99 symD=0 V=sym p=1 steps=4645: speed0=2.08e-01 speedT=1.86e-07 cos=+1.00 k=1 lam_top=+0.77 align=1.00
[E7] 1299/1728 (9321s) gpt2 L8H11 sign=+0.65 symD=1 V=push p=0 steps=23051: speed0=9.18e-02 speedT=1.55e-03 cos=-0.02 k=3 lam_top=-0.10 align=0.00
[E7] 1300/1728 (9362s) gpt2 L9H0 sign=+0.99 symD=1 V=full p=0 steps=6363: speed0=6.59e-02 speedT=1.24e-07 cos=+1.00 k=1 lam_top=+0.60 align=1.00
[E7] 1301/1728 (9365s) gpt2 L8H11 sign=+0.65 symD=1 V=push p=1 steps=27239: speed0=8.06e-02 speedT=1.51e-03 cos=-0.01 k=2 lam_top=-0.10 align=0.00
[E7] 1302/1728 (9391s) gpt2 L9H0 sign=+0.99 symD=1 V=full p=1 steps=5746: speed0=9.90e-02 speedT=1.33e-07 cos=+1.00 k=1 lam_top=+0.60 align=1.00
[E7] 1303/1728 (9395s) gpt2 L9H0 sign=+0.99 symD=1 V=sym p=0 steps=4397: speed0=2.46e-01 speedT=1.86e-07 cos=+1.00 k=1 lam_top=+0.77 align=1.00
[E7] 1304/1728 (9419s) gpt2 L9H0 sign=+0.99 symD=1 V=sym p=1 steps=4774: speed0=1.98e-01 speedT=2.25e-07 cos=+1.00 k=1 lam_top=+0.77 align=1.00
[E7] 1305/1728 (9459s) gpt2 L9H0 sign=+0.99 symD=0 V=push p=0 steps=38199: speed0=1.30e-01 speedT=1.52e-03 cos=-0.01 k=24 lam_top=-0.06 align=0.07
[E7] 1306/1728 (9475s) gpt2 L9H0 sign=+0.99 symD=0 V=push p=1 steps=36424: speed0=1.11e-01 speedT=3.36e-02 cos=-0.00 k=6 lam_top=-0.06 align=0.00
[E7] 1307/1728 (9486s) gpt2 L9H0 sign=+0.99 symD=1 V=push p=0 steps=15442: speed0=1.31e-01 speedT=5.53e-04 cos=-0.00 k=36 lam_top=-0.06 align=0.00
[E7] 1308/1728 (9488s) gpt2 L9H0 sign=+0.99 symD=1 V=push p=1 steps=11743: speed0=1.04e-01 speedT=1.87e-03 cos=+0.08 k=62 lam_top=-0.06 align=0.01
[E7] 1309/1728 (9501s) gpt2 L9H1 sign=-0.29 symD=0 V=sym p=0 steps=2638: speed0=2.63e-01 speedT=2.20e-07 cos=+1.00 k=1 lam_top=+0.51 align=1.00
[E7] 1310/1728 (9504s) gpt2 L9H1 sign=-0.29 symD=0 V=sym p=1 steps=2681: speed0=1.97e-01 speedT=4.03e-07 cos=+1.00 k=1 lam_top=+0.51 align=1.00
[E7] 1311/1728 (9535s) gpt2 L9H1 sign=-0.29 symD=0 V=full p=0 steps=16211: speed0=4.68e-02 speedT=5.80e-03 cos=+1.00 k=1 lam_top=+0.12 align=1.00
[E7] 1312/1728 (9542s) gpt2 L9H1 sign=-0.29 symD=0 V=full p=1 steps=13842: speed0=5.74e-02 speedT=2.39e-03 cos=+1.00 k=1 lam_top=+0.12 align=1.00
[E7] 1313/1728 (9604s) gpt2 L9H1 sign=-0.29 symD=0 V=push p=0 steps=19890: speed0=1.65e-01 speedT=3.49e-04 cos=-0.02 k=4 lam_top=-0.14 align=0.00
[E7] 1314/1728 (9622s) gpt2 L9H1 sign=-0.29 symD=1 V=full p=0 steps=14729: speed0=4.05e-02 speedT=3.34e-03 cos=+1.00 k=1 lam_top=+0.12 align=1.00
[E7] 1315/1728 (9628s) gpt2 L9H1 sign=-0.29 symD=1 V=sym p=0 steps=2648: speed0=2.62e-01 speedT=3.16e-07 cos=+1.00 k=1 lam_top=+0.51 align=1.00
[E7] 1316/1728 (9635s) gpt2 L9H1 sign=-0.29 symD=1 V=full p=1 steps=15259: speed0=5.48e-02 speedT=2.02e-03 cos=+1.00 k=1 lam_top=+0.12 align=1.00
[E7] 1317/1728 (9645s) gpt2 L9H1 sign=-0.29 symD=1 V=sym p=1 steps=2671: speed0=1.99e-01 speedT=2.12e-07 cos=+1.00 k=1 lam_top=+0.51 align=1.00
[E7] 1318/1728 (9651s) gpt2 L9H1 sign=-0.29 symD=0 V=push p=1 steps=28461: speed0=1.21e-01 speedT=5.09e-04 cos=-0.01 k=4 lam_top=-0.14 align=0.00
[E7] 1319/1728 (9683s) gpt2 L9H2 sign=+0.97 symD=0 V=full p=0 steps=7709: speed0=7.24e-02 speedT=1.50e-07 cos=+1.00 k=1 lam_top=+0.55 align=1.00
[E7] 1320/1728 (9687s) gpt2 L9H2 sign=+0.97 symD=0 V=full p=1 steps=7839: speed0=6.49e-02 speedT=1.05e-07 cos=+1.00 k=1 lam_top=+0.55 align=1.00
[E7] 1321/1728 (9705s) gpt2 L9H1 sign=-0.29 symD=1 V=push p=1 steps=11440: speed0=1.22e-01 speedT=2.76e-04 cos=-0.01 k=46 lam_top=-0.14 align=0.00
[E7] 1322/1728 (9711s) gpt2 L9H2 sign=+0.97 symD=0 V=sym p=0 steps=4417: speed0=2.05e-01 speedT=2.03e-07 cos=+1.00 k=1 lam_top=+0.76 align=1.00
[E7] 1323/1728 (9711s) gpt2 L9H2 sign=+0.97 symD=0 V=sym p=1 steps=4268: speed0=1.78e-01 speedT=2.03e-07 cos=+1.00 k=1 lam_top=+0.76 align=1.00
[E7] 1324/1728 (9734s) gpt2 L9H1 sign=-0.29 symD=1 V=push p=0 steps=16924: speed0=1.65e-01 speedT=3.67e-03 cos=-0.01 k=64 lam_top=-0.14 align=0.01
[E7] 1325/1728 (9769s) gpt2 L9H2 sign=+0.97 symD=1 V=full p=0 steps=8478: speed0=7.47e-02 speedT=9.03e-08 cos=+1.00 k=1 lam_top=+0.55 align=1.00
[E7] 1326/1728 (9785s) gpt2 L9H2 sign=+0.97 symD=1 V=full p=1 steps=7581: speed0=8.60e-02 speedT=1.19e-07 cos=+1.00 k=1 lam_top=+0.55 align=1.00
[E7] 1327/1728 (9807s) gpt2 L9H2 sign=+0.97 symD=1 V=sym p=0 steps=4275: speed0=2.08e-01 speedT=2.03e-07 cos=+1.00 k=1 lam_top=+0.76 align=1.00
[E7] 1328/1728 (9822s) gpt2 L9H2 sign=+0.97 symD=1 V=sym p=1 steps=4196: speed0=1.76e-01 speedT=1.90e-07 cos=+1.00 k=1 lam_top=+0.76 align=1.00
[E7] 1329/1728 (9888s) gpt2 L9H2 sign=+0.97 symD=0 V=push p=1 steps=30076: speed0=1.01e-01 speedT=1.29e-03 cos=-0.01 k=16 lam_top=-0.09 align=0.06
[E7] 1330/1728 (9897s) gpt2 L9H2 sign=+0.97 symD=1 V=push p=0 steps=13479: speed0=1.14e-01 speedT=1.41e-04 cos=-0.01 k=57 lam_top=-0.09 align=0.00
[E7] 1331/1728 (9903s) gpt2 L9H2 sign=+0.97 symD=0 V=push p=0 steps=33853: speed0=1.12e-01 speedT=9.17e-04 cos=-0.01 k=3 lam_top=-0.09 align=0.00
[E7] 1332/1728 (9905s) gpt2 L9H2 sign=+0.97 symD=1 V=push p=1 steps=12122: speed0=9.82e-02 speedT=1.69e-04 cos=+0.01 k=41 lam_top=-0.09 align=0.00
[E7] 1333/1728 (9923s) gpt2 L9H3 sign=+1.00 symD=0 V=sym p=0 steps=2548: speed0=2.90e-01 speedT=2.70e-07 cos=+1.00 k=1 lam_top=+0.62 align=1.00
[E7] 1334/1728 (9927s) gpt2 L9H3 sign=+1.00 symD=0 V=sym p=1 steps=2695: speed0=2.02e-01 speedT=3.74e-07 cos=+1.00 k=1 lam_top=+0.62 align=1.00
[E7] 1335/1728 (9944s) gpt2 L9H3 sign=+1.00 symD=0 V=full p=0 steps=10440: speed0=8.14e-02 speedT=1.71e-02 cos=+1.00 k=1 lam_top=+0.40 align=1.00
[E7] 1336/1728 (9949s) gpt2 L9H3 sign=+1.00 symD=0 V=full p=1 steps=9480: speed0=7.61e-02 speedT=1.20e-02 cos=+1.00 k=1 lam_top=+0.40 align=1.00
[E7] 1337/1728 (10002s) gpt2 L9H3 sign=+1.00 symD=1 V=full p=0 steps=9729: speed0=6.77e-02 speedT=6.98e-03 cos=+1.00 k=1 lam_top=+0.40 align=1.00
[E7] 1338/1728 (10005s) gpt2 L9H3 sign=+1.00 symD=1 V=full p=1 steps=9555: speed0=6.73e-02 speedT=1.87e-02 cos=+1.00 k=1 lam_top=+0.40 align=1.00
[E7] 1339/1728 (10026s) gpt2 L9H3 sign=+1.00 symD=1 V=sym p=0 steps=2567: speed0=2.92e-01 speedT=2.43e-07 cos=+1.00 k=1 lam_top=+0.62 align=1.00
[E7] 1340/1728 (10029s) gpt2 L9H3 sign=+1.00 symD=1 V=sym p=1 steps=2676: speed0=2.18e-01 speedT=2.85e-07 cos=+1.00 k=1 lam_top=+0.62 align=1.00
[E7] 1341/1728 (10140s) gpt2 L9H3 sign=+1.00 symD=0 V=push p=1 steps=38362: speed0=1.05e-01 speedT=1.57e-04 cos=+0.07 k=5 lam_top=-0.02 align=0.00
[E7] 1342/1728 (10152s) gpt2 L9H3 sign=+1.00 symD=1 V=push p=1 steps=18365: speed0=1.17e-01 speedT=1.92e-04 cos=+0.02 k=62 lam_top=-0.02 align=0.00
[E7] 1343/1728 (10153s) gpt2 L9H3 sign=+1.00 symD=1 V=push p=0 steps=18259: speed0=1.45e-01 speedT=6.96e-05 cos=-0.01 k=30 lam_top=-0.02 align=0.00
[E7] 1344/1728 (10163s) gpt2 L9H4 sign=+0.19 symD=0 V=full p=0 steps=3990: speed0=6.66e-02 speedT=1.19e-07 cos=+1.00 k=1 lam_top=+0.33 align=1.00
[E7] 1345/1728 (10173s) gpt2 L9H4 sign=+0.19 symD=0 V=full p=1 steps=3835: speed0=7.26e-02 speedT=1.19e-07 cos=+1.00 k=1 lam_top=+0.33 align=1.00
[E7] 1346/1728 (10175s) gpt2 L9H4 sign=+0.19 symD=0 V=sym p=0 steps=3045: speed0=2.51e-01 speedT=4.04e-04 cos=+1.00 k=1 lam_top=+0.52 align=0.77
[E7] 1347/1728 (10185s) gpt2 L9H4 sign=+0.19 symD=0 V=sym p=1 steps=3013: speed0=2.02e-01 speedT=4.10e-04 cos=+1.00 k=1 lam_top=+0.52 align=0.71
[E7] 1348/1728 (10202s) gpt2 L9H3 sign=+1.00 symD=0 V=push p=0 steps=49539: speed0=1.40e-01 speedT=1.18e-02 cos=+0.00 k=4 lam_top=-0.02 align=0.00
[E7] 1349/1728 (10209s) gpt2 L9H4 sign=+0.19 symD=1 V=full p=0 steps=3929: speed0=5.89e-02 speedT=1.17e-07 cos=+1.00 k=1 lam_top=+0.33 align=1.00
[E7] 1350/1728 (10226s) gpt2 L9H4 sign=+0.19 symD=1 V=full p=1 steps=3858: speed0=6.90e-02 speedT=1.50e-07 cos=+1.00 k=1 lam_top=+0.33 align=1.00
[E7] 1351/1728 (10234s) gpt2 L9H4 sign=+0.19 symD=1 V=sym p=0 steps=3031: speed0=2.45e-01 speedT=4.05e-04 cos=+1.00 k=1 lam_top=+0.52 align=0.76
[E7] 1352/1728 (10253s) gpt2 L9H4 sign=+0.19 symD=1 V=sym p=1 steps=3045: speed0=1.98e-01 speedT=4.10e-04 cos=+1.00 k=1 lam_top=+0.52 align=0.71
[E7] 1353/1728 (10298s) gpt2 L9H4 sign=+0.19 symD=1 V=push p=1 steps=6389: speed0=1.29e-01 speedT=2.26e-04 cos=-0.01 k=15 lam_top=-0.09 align=0.00
[E7] 1354/1728 (10304s) gpt2 L9H4 sign=+0.19 symD=0 V=push p=0 steps=24327: speed0=1.57e-01 speedT=8.36e-05 cos=-0.02 k=3 lam_top=-0.09 align=0.00
[E7] 1355/1728 (10306s) gpt2 L9H4 sign=+0.19 symD=0 V=push p=1 steps=23693: speed0=1.32e-01 speedT=4.68e-05 cos=-0.02 k=4 lam_top=-0.09 align=0.00
[E7] 1356/1728 (10325s) gpt2 L9H5 sign=-0.95 symD=0 V=sym p=0 steps=2456: speed0=2.85e-01 speedT=3.13e-07 cos=+1.00 k=1 lam_top=+0.45 align=1.00
[E7] 1357/1728 (10346s) gpt2 L9H5 sign=-0.95 symD=0 V=sym p=1 steps=2528: speed0=2.13e-01 speedT=2.63e-07 cos=+1.00 k=1 lam_top=+0.45 align=1.00
[E7] 1358/1728 (10352s) gpt2 L9H4 sign=+0.19 symD=1 V=push p=0 steps=16922: speed0=1.56e-01 speedT=1.51e-05 cos=-0.02 k=13 lam_top=-0.09 align=0.00
[E7] 1359/1728 (10361s) gpt2 L9H5 sign=-0.95 symD=0 V=full p=1 steps=9981: speed0=6.67e-02 speedT=2.36e-03 cos=+0.51 k=64 lam_top=-0.01 align=0.75
[E7] 1360/1728 (10398s) gpt2 L9H5 sign=-0.95 symD=1 V=full p=0 steps=5404: speed0=5.62e-02 speedT=4.27e-04 cos=+0.28 k=64 lam_top=-0.01 align=0.43
[E7] 1361/1728 (10404s) gpt2 L9H5 sign=-0.95 symD=0 V=push p=0 steps=9984: speed0=2.01e-01 speedT=3.17e-03 cos=+0.32 k=64 lam_top=-0.17 align=0.04
[E7] 1362/1728 (10416s) gpt2 L9H5 sign=-0.95 symD=0 V=full p=0 steps=20706: speed0=6.37e-02 speedT=1.48e-03 cos=+0.37 k=48 lam_top=-0.01 align=0.60
[E7] 1363/1728 (10417s) gpt2 L9H5 sign=-0.95 symD=0 V=push p=1 steps=10843: speed0=1.54e-01 speedT=4.03e-03 cos=+0.25 k=64 lam_top=-0.17 align=0.06
[E7] 1364/1728 (10424s) gpt2 L9H5 sign=-0.95 symD=1 V=full p=1 steps=3931: speed0=6.41e-02 speedT=2.50e-04 cos=+0.78 k=64 lam_top=-0.01 align=0.85
[E7] 1365/1728 (10427s) gpt2 L9H5 sign=-0.95 symD=1 V=sym p=0 steps=2473: speed0=2.84e-01 speedT=2.06e-07 cos=+1.00 k=1 lam_top=+0.45 align=1.00
[E7] 1366/1728 (10439s) gpt2 L9H5 sign=-0.95 symD=1 V=sym p=1 steps=2531: speed0=2.22e-01 speedT=4.06e-07 cos=+1.00 k=1 lam_top=+0.45 align=1.00
[E7] 1367/1728 (10472s) gpt2 L9H5 sign=-0.95 symD=1 V=push p=1 steps=6802: speed0=1.61e-01 speedT=6.18e-04 cos=+0.31 k=64 lam_top=-0.17 align=0.03
[E7] 1368/1728 (10483s) gpt2 L9H5 sign=-0.95 symD=1 V=push p=0 steps=9176: speed0=2.00e-01 speedT=5.11e-04 cos=+0.23 k=64 lam_top=-0.17 align=0.01
[E7] 1369/1728 (10505s) gpt2 L9H6 sign=+0.48 symD=0 V=sym p=0 steps=5031: speed0=2.17e-01 speedT=2.84e-07 cos=+1.00 k=1 lam_top=+0.62 align=1.00
[E7] 1370/1728 (10516s) gpt2 L9H6 sign=+0.48 symD=0 V=sym p=1 steps=4710: speed0=1.64e-01 speedT=2.09e-07 cos=+1.00 k=1 lam_top=+0.62 align=1.00
[E7] 1371/1728 (10617s) gpt2 L9H6 sign=+0.48 symD=0 V=push p=1 steps=18225: speed0=9.48e-02 speedT=7.48e-04 cos=-0.02 k=8 lam_top=-0.15 align=0.00
[E7] 1372/1728 (10651s) gpt2 L9H6 sign=+0.48 symD=0 V=full p=0 steps=43083: speed0=7.46e-02 speedT=7.61e-02 cos=+1.00 k=1 lam_top=+0.30 align=1.00
[E7] 1373/1728 (10675s) gpt2 L9H6 sign=+0.48 symD=0 V=full p=1 steps=43187: speed0=8.64e-02 speedT=7.31e-02 cos=+1.00 k=1 lam_top=+0.30 align=1.00
[E7] 1374/1728 (10720s) gpt2 L9H6 sign=+0.48 symD=0 V=push p=0 steps=38810: speed0=1.33e-01 speedT=6.47e-04 cos=-0.01 k=4 lam_top=-0.15 align=0.00
[E7] 1375/1728 (10722s) gpt2 L9H6 sign=+0.48 symD=1 V=sym p=0 steps=5185: speed0=2.12e-01 speedT=2.83e-07 cos=+1.00 k=1 lam_top=+0.62 align=1.00
[E7] 1376/1728 (10760s) gpt2 L9H6 sign=+0.48 symD=1 V=sym p=1 steps=4609: speed0=1.62e-01 speedT=2.37e-07 cos=+1.00 k=1 lam_top=+0.62 align=1.00
[E7] 1377/1728 (10832s) gpt2 L9H6 sign=+0.48 symD=1 V=push p=1 steps=10818: speed0=9.22e-02 speedT=3.89e-04 cos=-0.01 k=16 lam_top=-0.15 align=0.00
[E7] 1378/1728 (10852s) gpt2 L9H7 sign=-0.25 symD=0 V=full p=0 steps=4004: speed0=6.16e-02 speedT=1.45e-07 cos=+1.00 k=1 lam_top=+0.24 align=1.00
[E7] 1379/1728 (10871s) gpt2 L9H6 sign=+0.48 symD=1 V=push p=0 steps=21250: speed0=1.28e-01 speedT=2.55e-04 cos=-0.01 k=34 lam_top=-0.15 align=0.00
[E7] 1380/1728 (10885s) gpt2 L9H7 sign=-0.25 symD=0 V=full p=1 steps=5786: speed0=7.36e-02 speedT=1.45e-07 cos=+1.00 k=1 lam_top=+0.24 align=1.00
[E7] 1381/1728 (10902s) gpt2 L9H7 sign=-0.25 symD=0 V=sym p=0 steps=3774: speed0=2.04e-01 speedT=2.31e-07 cos=+1.00 k=1 lam_top=+0.60 align=1.00
[E7] 1382/1728 (10907s) gpt2 L9H6 sign=+0.48 symD=1 V=full p=0 steps=43302: speed0=6.68e-02 speedT=7.65e-02 cos=+1.00 k=1 lam_top=+0.30 align=1.00
[E7] 1383/1728 (10916s) gpt2 L9H7 sign=-0.25 symD=0 V=sym p=1 steps=4297: speed0=1.51e-01 speedT=1.83e-07 cos=+1.00 k=1 lam_top=+0.60 align=1.00
[E7] 1384/1728 (10935s) gpt2 L9H6 sign=+0.48 symD=1 V=full p=1 steps=43194: speed0=8.04e-02 speedT=7.30e-02 cos=+1.00 k=1 lam_top=+0.30 align=1.00
[E7] 1385/1728 (10939s) gpt2 L9H7 sign=-0.25 symD=1 V=full p=0 steps=3919: speed0=5.92e-02 speedT=1.45e-07 cos=+1.00 k=1 lam_top=+0.24 align=1.00
[E7] 1386/1728 (10939s) gpt2 L9H7 sign=-0.25 symD=0 V=push p=0 steps=6724: speed0=1.26e-01 speedT=1.61e-07 cos=+0.06 k=2 lam_top=-0.09 align=0.00
[E7] 1387/1728 (10966s) gpt2 L9H7 sign=-0.25 symD=1 V=full p=1 steps=4824: speed0=6.07e-02 speedT=1.48e-07 cos=+1.00 k=1 lam_top=+0.24 align=1.00
[E7] 1388/1728 (10970s) gpt2 L9H7 sign=-0.25 symD=1 V=sym p=0 steps=3761: speed0=2.03e-01 speedT=1.83e-07 cos=+1.00 k=1 lam_top=+0.60 align=1.00
[E7] 1389/1728 (10976s) gpt2 L9H7 sign=-0.25 symD=1 V=sym p=1 steps=4227: speed0=1.59e-01 speedT=2.03e-07 cos=+1.00 k=1 lam_top=+0.60 align=1.00
[E7] 1390/1728 (10997s) gpt2 L9H8 sign=+0.94 symD=0 V=full p=0 steps=3970: speed0=5.23e-02 speedT=1.36e-07 cos=+1.00 k=1 lam_top=+0.43 align=1.00
[E7] 1391/1728 (11012s) gpt2 L9H7 sign=-0.25 symD=0 V=push p=1 steps=18935: speed0=9.76e-02 speedT=2.25e-07 cos=-0.01 k=2 lam_top=-0.09 align=0.00
[E7] 1392/1728 (11013s) gpt2 L9H7 sign=-0.25 symD=1 V=push p=0 steps=7114: speed0=1.25e-01 speedT=2.17e-07 cos=-0.01 k=2 lam_top=-0.09 align=0.00
[E7] 1393/1728 (11023s) gpt2 L9H8 sign=+0.94 symD=0 V=full p=1 steps=4207: speed0=5.58e-02 speedT=1.61e-07 cos=+1.00 k=1 lam_top=+0.43 align=1.00
[E7] 1394/1728 (11026s) gpt2 L9H7 sign=-0.25 symD=1 V=push p=1 steps=8064: speed0=1.04e-01 speedT=3.09e-07 cos=-0.01 k=2 lam_top=-0.09 align=0.00
[E7] 1395/1728 (11045s) gpt2 L9H8 sign=+0.94 symD=0 V=sym p=0 steps=4394: speed0=2.63e-01 speedT=2.42e-07 cos=+1.00 k=1 lam_top=+0.63 align=1.00
[E7] 1396/1728 (11048s) gpt2 L9H8 sign=+0.94 symD=0 V=sym p=1 steps=4717: speed0=2.03e-01 speedT=2.65e-07 cos=+1.00 k=1 lam_top=+0.63 align=1.00
[E7] 1397/1728 (11075s) gpt2 L9H8 sign=+0.94 symD=1 V=full p=0 steps=4216: speed0=4.81e-02 speedT=1.47e-07 cos=+1.00 k=1 lam_top=+0.43 align=1.00
[E7] 1398/1728 (11077s) gpt2 L9H8 sign=+0.94 symD=1 V=full p=1 steps=4356: speed0=5.52e-02 speedT=8.78e-08 cos=+1.00 k=1 lam_top=+0.43 align=1.00
[E7] 1399/1728 (11105s) gpt2 L9H8 sign=+0.94 symD=0 V=push p=1 steps=13882: speed0=1.30e-01 speedT=4.47e-03 cos=+0.42 k=62 lam_top=-0.07 align=0.02
[E7] 1400/1728 (11112s) gpt2 L9H8 sign=+0.94 symD=1 V=sym p=0 steps=4385: speed0=2.58e-01 speedT=2.85e-07 cos=+1.00 k=1 lam_top=+0.63 align=1.00
[E7] 1401/1728 (11116s) gpt2 L9H8 sign=+0.94 symD=1 V=sym p=1 steps=4753: speed0=1.94e-01 speedT=2.67e-07 cos=+1.00 k=1 lam_top=+0.63 align=1.00
[E7] 1402/1728 (11144s) gpt2 L9H9 sign=+0.12 symD=0 V=full p=0 steps=5380: speed0=6.80e-02 speedT=4.18e-08 cos=+1.00 k=1 lam_top=+0.22 align=1.00
[E7] 1403/1728 (11171s) gpt2 L9H8 sign=+0.94 symD=0 V=push p=0 steps=24956: speed0=1.60e-01 speedT=3.04e-03 cos=-0.00 k=45 lam_top=-0.07 align=0.01
[E7] 1404/1728 (11184s) gpt2 L9H9 sign=+0.12 symD=0 V=full p=1 steps=7344: speed0=8.23e-02 speedT=4.10e-08 cos=+1.00 k=1 lam_top=+0.22 align=1.00
[E7] 1405/1728 (11185s) gpt2 L9H8 sign=+0.94 symD=1 V=push p=0 steps=12312: speed0=1.65e-01 speedT=1.12e-03 cos=+0.04 k=64 lam_top=-0.07 align=0.01
[E7] 1406/1728 (11204s) gpt2 L9H8 sign=+0.94 symD=1 V=push p=1 steps=13476: speed0=1.32e-01 speedT=2.68e-04 cos=+0.22 k=63 lam_top=-0.07 align=0.01
[E7] 1407/1728 (11206s) gpt2 L9H9 sign=+0.12 symD=0 V=sym p=0 steps=4463: speed0=1.67e-01 speedT=1.25e-06 cos=+1.00 k=1 lam_top=+0.55 align=1.00
[E7] 1408/1728 (11219s) gpt2 L9H9 sign=+0.12 symD=0 V=sym p=1 steps=4529: speed0=1.35e-01 speedT=2.11e-06 cos=+1.00 k=1 lam_top=+0.55 align=1.00
[E7] 1409/1728 (11242s) gpt2 L9H9 sign=+0.12 symD=1 V=full p=0 steps=5349: speed0=6.15e-02 speedT=4.05e-08 cos=+1.00 k=1 lam_top=+0.22 align=1.00
[E7] 1410/1728 (11260s) gpt2 L9H9 sign=+0.12 symD=1 V=full p=1 steps=6184: speed0=7.33e-02 speedT=4.11e-08 cos=+1.00 k=1 lam_top=+0.22 align=1.00
[E7] 1411/1728 (11267s) gpt2 L9H9 sign=+0.12 symD=0 V=push p=0 steps=13965: speed0=1.10e-01 speedT=5.58e-05 cos=-0.01 k=6 lam_top=-0.19 align=0.00
[E7] 1412/1728 (11280s) gpt2 L9H9 sign=+0.12 symD=1 V=sym p=0 steps=4461: speed0=1.64e-01 speedT=1.20e-06 cos=+1.00 k=1 lam_top=+0.55 align=1.00
[E7] 1413/1728 (11300s) gpt2 L9H9 sign=+0.12 symD=1 V=sym p=1 steps=4522: speed0=1.31e-01 speedT=2.17e-06 cos=+1.00 k=1 lam_top=+0.55 align=1.00
[E7] 1414/1728 (11351s) gpt2 L9H9 sign=+0.12 symD=1 V=push p=0 steps=11804: speed0=1.08e-01 speedT=2.57e-04 cos=+0.01 k=49 lam_top=-0.19 align=0.00
[E7] 1415/1728 (11358s) gpt2 L9H10 sign=+0.99 symD=0 V=full p=0 steps=9948: speed0=7.49e-02 speedT=8.07e-03 cos=+1.00 k=1 lam_top=+0.61 align=1.00
[E7] 1416/1728 (11372s) gpt2 L9H9 sign=+0.12 symD=1 V=push p=1 steps=12333: speed0=8.12e-02 speedT=3.91e-04 cos=+0.02 k=61 lam_top=-0.19 align=0.01
[E7] 1417/1728 (11386s) gpt2 L9H10 sign=+0.99 symD=0 V=sym p=0 steps=3592: speed0=2.46e-01 speedT=2.25e-07 cos=+1.00 k=1 lam_top=+0.75 align=1.00
[E7] 1418/1728 (11400s) gpt2 L9H10 sign=+0.99 symD=0 V=sym p=1 steps=3755: speed0=1.78e-01 speedT=3.08e-07 cos=+1.00 k=1 lam_top=+0.75 align=1.00
[E7] 1419/1728 (11405s) gpt2 L9H10 sign=+0.99 symD=0 V=full p=1 steps=9523: speed0=9.46e-02 speedT=9.36e-03 cos=+1.00 k=1 lam_top=+0.61 align=1.00
[E7] 1420/1728 (11422s) gpt2 L9H10 sign=+0.99 symD=0 V=push p=0 steps=6266: speed0=1.15e-01 speedT=2.09e-07 cos=+0.60 k=2 lam_top=-0.03 align=0.00
[E7] 1421/1728 (11441s) gpt2 L9H10 sign=+0.99 symD=0 V=push p=1 steps=6742: speed0=7.33e-02 speedT=1.27e-07 cos=+0.18 k=2 lam_top=-0.03 align=0.00
[E7] 1422/1728 (11446s) gpt2 L9H9 sign=+0.12 symD=0 V=push p=1 steps=41450: speed0=8.36e-02 speedT=2.08e-04 cos=-0.00 k=12 lam_top=-0.19 align=0.00
[E7] 1423/1728 (11467s) gpt2 L9H10 sign=+0.99 symD=1 V=full p=0 steps=9786: speed0=5.89e-02 speedT=7.06e-03 cos=+1.00 k=1 lam_top=+0.61 align=1.00
[E7] 1424/1728 (11471s) gpt2 L9H10 sign=+0.99 symD=1 V=sym p=0 steps=3601: speed0=2.40e-01 speedT=2.38e-07 cos=+1.00 k=1 lam_top=+0.75 align=1.00
[E7] 1425/1728 (11479s) gpt2 L9H10 sign=+0.99 symD=1 V=sym p=1 steps=3676: speed0=1.85e-01 speedT=2.85e-07 cos=+1.00 k=1 lam_top=+0.75 align=1.00
[E7] 1426/1728 (11483s) gpt2 L9H10 sign=+0.99 symD=1 V=full p=1 steps=9701: speed0=7.25e-02 speedT=1.34e-02 cos=+1.00 k=1 lam_top=+0.61 align=1.00
[E7] 1427/1728 (11499s) gpt2 L9H11 sign=-0.38 symD=0 V=full p=0 steps=3593: speed0=5.15e-02 speedT=4.23e-08 cos=+1.00 k=1 lam_top=+0.14 align=1.00
[E7] 1428/1728 (11505s) gpt2 L9H11 sign=-0.38 symD=0 V=full p=1 steps=3784: speed0=6.57e-02 speedT=7.20e-08 cos=+1.00 k=1 lam_top=+0.14 align=1.00
[E7] 1429/1728 (11514s) gpt2 L9H10 sign=+0.99 symD=1 V=push p=0 steps=6576: speed0=1.12e-01 speedT=2.50e-07 cos=+0.00 k=2 lam_top=-0.03 align=0.00
[E7] 1430/1728 (11523s) gpt2 L9H10 sign=+0.99 symD=1 V=push p=1 steps=7148: speed0=8.43e-02 speedT=2.15e-07 cos=+0.06 k=2 lam_top=-0.03 align=0.00
[E7] 1431/1728 (11524s) gpt2 L9H11 sign=-0.38 symD=0 V=sym p=0 steps=3288: speed0=2.63e-01 speedT=2.35e-07 cos=+1.00 k=1 lam_top=+0.53 align=1.00
[E7] 1432/1728 (11530s) gpt2 L9H11 sign=-0.38 symD=0 V=sym p=1 steps=3310: speed0=2.00e-01 speedT=2.76e-07 cos=+1.00 k=1 lam_top=+0.53 align=1.00
[E7] 1433/1728 (11547s) gpt2 L9H11 sign=-0.38 symD=1 V=full p=0 steps=3468: speed0=4.99e-02 speedT=3.14e-08 cos=+1.00 k=1 lam_top=+0.14 align=1.00
[E7] 1434/1728 (11555s) gpt2 L9H11 sign=-0.38 symD=1 V=full p=1 steps=3742: speed0=6.37e-02 speedT=4.20e-08 cos=+1.00 k=1 lam_top=+0.14 align=1.00
[E7] 1435/1728 (11575s) gpt2 L9H11 sign=-0.38 symD=1 V=sym p=0 steps=3277: speed0=2.58e-01 speedT=3.07e-07 cos=+1.00 k=1 lam_top=+0.53 align=1.00
[E7] 1436/1728 (11583s) gpt2 L9H11 sign=-0.38 symD=1 V=sym p=1 steps=3308: speed0=2.00e-01 speedT=2.67e-07 cos=+1.00 k=1 lam_top=+0.53 align=1.00
[E7] 1437/1728 (11663s) gpt2 L9H11 sign=-0.38 symD=1 V=push p=0 steps=11912: speed0=1.60e-01 speedT=3.94e-04 cos=+0.11 k=64 lam_top=-0.11 align=0.01
[E7] 1438/1728 (11669s) gpt2 L9H11 sign=-0.38 symD=1 V=push p=1 steps=12048: speed0=1.30e-01 speedT=1.35e-03 cos=+0.10 k=64 lam_top=-0.11 align=0.01
[E7] 1439/1728 (11707s) gpt2 L10H0 sign=+0.96 symD=0 V=full p=0 steps=8339: speed0=6.56e-02 speedT=1.93e-07 cos=+1.00 k=1 lam_top=+0.49 align=1.00
[E7] 1440/1728 (11707s) gpt2 L10H0 sign=+0.96 symD=0 V=full p=1 steps=7421: speed0=8.44e-02 speedT=1.88e-07 cos=+1.00 k=1 lam_top=+0.49 align=1.00
[E7] 1441/1728 (11745s) gpt2 L9H11 sign=-0.38 symD=0 V=push p=0 steps=40868: speed0=1.64e-01 speedT=1.39e-02 cos=+0.01 k=19 lam_top=-0.11 align=0.04
[E7] 1442/1728 (11745s) gpt2 L10H0 sign=+0.96 symD=0 V=sym p=0 steps=4852: speed0=1.81e-01 speedT=2.87e-06 cos=+1.00 k=1 lam_top=+0.73 align=1.00
[E7] 1443/1728 (11745s) gpt2 L10H0 sign=+0.96 symD=0 V=sym p=1 steps=4836: speed0=1.52e-01 speedT=1.52e-06 cos=+1.00 k=1 lam_top=+0.73 align=1.00
[E7] 1444/1728 (11798s) gpt2 L10H0 sign=+0.96 symD=1 V=full p=0 steps=8626: speed0=5.12e-02 speedT=5.47e-08 cos=+1.00 k=1 lam_top=+0.49 align=1.00
[E7] 1445/1728 (11851s) gpt2 L10H0 sign=+0.96 symD=1 V=full p=1 steps=8216: speed0=7.93e-02 speedT=1.73e-07 cos=+1.00 k=1 lam_top=+0.49 align=1.00
[E7] 1446/1728 (11878s) gpt2 L10H0 sign=+0.96 symD=0 V=push p=1 steps=22969: speed0=8.64e-02 speedT=4.25e-04 cos=-0.01 k=9 lam_top=-0.12 align=0.00
[E7] 1447/1728 (11892s) gpt2 L9H11 sign=-0.38 symD=0 V=push p=1 steps=61195: speed0=1.30e-01 speedT=1.52e-02 cos=+0.01 k=43 lam_top=-0.11 align=0.01
[E7] 1448/1728 (11897s) gpt2 L10H0 sign=+0.96 symD=1 V=sym p=0 steps=4904: speed0=1.82e-01 speedT=3.50e-06 cos=+1.00 k=1 lam_top=+0.73 align=1.00
[E7] 1449/1728 (11922s) gpt2 L10H0 sign=+0.96 symD=1 V=sym p=1 steps=4701: speed0=1.56e-01 speedT=1.49e-06 cos=+1.00 k=1 lam_top=+0.73 align=1.00
[E7] 1450/1728 (11954s) gpt2 L10H0 sign=+0.96 symD=1 V=push p=0 steps=9603: speed0=1.08e-01 speedT=2.07e-04 cos=+0.07 k=60 lam_top=-0.12 align=0.01
[E7] 1451/1728 (11956s) gpt2 L10H1 sign=+0.55 symD=0 V=full p=0 steps=6622: speed0=7.83e-02 speedT=2.09e-07 cos=+1.00 k=1 lam_top=+0.34 align=1.00
[E7] 1452/1728 (11960s) gpt2 L10H0 sign=+0.96 symD=1 V=push p=1 steps=9360: speed0=8.80e-02 speedT=8.36e-05 cos=+0.02 k=45 lam_top=-0.12 align=0.00
[E7] 1453/1728 (11979s) gpt2 L10H1 sign=+0.55 symD=0 V=sym p=0 steps=4169: speed0=2.33e-01 speedT=5.58e-06 cos=+1.00 k=1 lam_top=+0.62 align=1.00
[E7] 1454/1728 (11986s) gpt2 L10H1 sign=+0.55 symD=0 V=full p=1 steps=7109: speed0=1.04e-01 speedT=1.37e-07 cos=+1.00 k=1 lam_top=+0.34 align=1.00
[E7] 1455/1728 (11988s) gpt2 L10H1 sign=+0.55 symD=0 V=sym p=1 steps=4461: speed0=1.87e-01 speedT=6.65e-06 cos=+1.00 k=1 lam_top=+0.62 align=1.00
[E7] 1456/1728 (12027s) gpt2 L10H1 sign=+0.55 symD=1 V=full p=0 steps=7217: speed0=7.00e-02 speedT=1.09e-07 cos=+1.00 k=1 lam_top=+0.34 align=1.00
[E7] 1457/1728 (12060s) gpt2 L10H0 sign=+0.96 symD=0 V=push p=0 steps=61497: speed0=1.06e-01 speedT=4.00e-02 cos=+0.04 k=55 lam_top=-0.12 align=0.02
[E7] 1458/1728 (12066s) gpt2 L10H1 sign=+0.55 symD=1 V=full p=1 steps=7036: speed0=9.92e-02 speedT=1.60e-07 cos=+1.00 k=1 lam_top=+0.34 align=1.00
[E7] 1459/1728 (12074s) gpt2 L10H1 sign=+0.55 symD=0 V=push p=0 steps=18910: speed0=1.37e-01 speedT=1.01e-04 cos=-0.01 k=5 lam_top=-0.16 align=0.00
[E7] 1460/1728 (12087s) gpt2 L10H1 sign=+0.55 symD=0 V=push p=1 steps=20980: speed0=1.06e-01 speedT=1.61e-03 cos=-0.01 k=11 lam_top=-0.16 align=0.01
[E7] 1461/1728 (12088s) gpt2 L10H1 sign=+0.55 symD=1 V=sym p=0 steps=4189: speed0=2.31e-01 speedT=5.80e-06 cos=+1.00 k=1 lam_top=+0.62 align=1.00
[E7] 1462/1728 (12095s) gpt2 L10H1 sign=+0.55 symD=1 V=sym p=1 steps=4458: speed0=1.84e-01 speedT=7.93e-06 cos=+1.00 k=1 lam_top=+0.62 align=1.00
[E7] 1463/1728 (12117s) gpt2 L10H1 sign=+0.55 symD=1 V=push p=0 steps=7578: speed0=1.36e-01 speedT=5.17e-07 cos=-0.02 k=2 lam_top=-0.16 align=0.00
[E7] 1464/1728 (12142s) gpt2 L10H2 sign=+0.42 symD=0 V=sym p=0 steps=3948: speed0=2.63e-01 speedT=5.57e-07 cos=+1.00 k=1 lam_top=+0.57 align=1.00
[E7] 1465/1728 (12148s) gpt2 L10H1 sign=+0.55 symD=1 V=push p=1 steps=10553: speed0=1.04e-01 speedT=1.77e-05 cos=-0.01 k=15 lam_top=-0.16 align=0.00
[E7] 1466/1728 (12165s) gpt2 L10H2 sign=+0.42 symD=0 V=full p=0 steps=16878: speed0=6.19e-02 speedT=3.49e-02 cos=+1.00 k=1 lam_top=+0.27 align=1.00
[E7] 1467/1728 (12168s) gpt2 L10H2 sign=+0.42 symD=0 V=sym p=1 steps=4038: speed0=2.09e-01 speedT=5.28e-07 cos=+1.00 k=1 lam_top=+0.57 align=1.00
[E7] 1468/1728 (12176s) gpt2 L10H2 sign=+0.42 symD=0 V=full p=1 steps=17212: speed0=9.26e-02 speedT=4.16e-02 cos=+1.00 k=1 lam_top=+0.27 align=1.00
[E7] 1469/1728 (12261s) gpt2 L10H2 sign=+0.42 symD=0 V=push p=1 steps=20104: speed0=1.20e-01 speedT=1.95e-03 cos=+0.03 k=43 lam_top=-0.16 align=0.04
[E7] 1470/1728 (12269s) gpt2 L10H2 sign=+0.42 symD=1 V=full p=0 steps=16912: speed0=6.40e-02 speedT=3.55e-02 cos=+1.00 k=1 lam_top=+0.27 align=1.00
[E7] 1471/1728 (12273s) gpt2 L10H2 sign=+0.42 symD=1 V=full p=1 steps=17230: speed0=9.31e-02 speedT=3.96e-02 cos=+1.00 k=1 lam_top=+0.27 align=1.00
[E7] 1472/1728 (12288s) gpt2 L10H2 sign=+0.42 symD=1 V=sym p=0 steps=3960: speed0=2.62e-01 speedT=6.24e-07 cos=+1.00 k=1 lam_top=+0.57 align=1.00
[E7] 1473/1728 (12298s) gpt2 L10H2 sign=+0.42 symD=1 V=sym p=1 steps=4026: speed0=2.10e-01 speedT=5.84e-07 cos=+1.00 k=1 lam_top=+0.57 align=1.00
[E7] 1474/1728 (12312s) gpt2 L10H3 sign=+0.66 symD=0 V=full p=0 steps=2773: speed0=5.03e-02 speedT=7.86e-08 cos=+1.00 k=1 lam_top=+0.43 align=1.00
[E7] 1475/1728 (12324s) gpt2 L10H2 sign=+0.42 symD=0 V=push p=0 steps=34357: speed0=1.56e-01 speedT=5.53e-04 cos=-0.01 k=17 lam_top=-0.16 align=0.04
[E7] 1476/1728 (12329s) gpt2 L10H3 sign=+0.66 symD=0 V=full p=1 steps=3433: speed0=6.55e-02 speedT=1.95e-07 cos=+1.00 k=1 lam_top=+0.43 align=1.00
[E7] 1477/1728 (12330s) gpt2 L10H2 sign=+0.42 symD=1 V=push p=0 steps=9421: speed0=1.55e-01 speedT=2.25e-04 cos=+0.06 k=64 lam_top=-0.16 align=0.01
[E7] 1478/1728 (12351s) gpt2 L10H3 sign=+0.66 symD=0 V=sym p=0 steps=4282: speed0=2.94e-01 speedT=2.18e-07 cos=+1.00 k=1 lam_top=+0.65 align=1.00
[E7] 1479/1728 (12356s) gpt2 L10H3 sign=+0.66 symD=0 V=sym p=1 steps=4152: speed0=2.33e-01 speedT=2.46e-07 cos=+1.00 k=1 lam_top=+0.65 align=1.00
[E7] 1480/1728 (12356s) gpt2 L10H2 sign=+0.42 symD=1 V=push p=1 steps=11659: speed0=1.21e-01 speedT=7.94e-04 cos=+0.03 k=64 lam_top=-0.16 align=0.01
[E7] 1481/1728 (12364s) gpt2 L10H3 sign=+0.66 symD=0 V=push p=0 steps=6642: speed0=1.73e-01 speedT=1.62e-04 cos=+0.91 k=51 lam_top=-0.09 align=0.00
[E7] 1482/1728 (12371s) gpt2 L10H3 sign=+0.66 symD=1 V=full p=0 steps=2794: speed0=4.97e-02 speedT=1.08e-07 cos=+1.00 k=1 lam_top=+0.43 align=1.00
[E7] 1483/1728 (12374s) gpt2 L10H3 sign=+0.66 symD=1 V=full p=1 steps=3372: speed0=6.59e-02 speedT=1.64e-07 cos=+1.00 k=1 lam_top=+0.43 align=1.00
[E7] 1484/1728 (12382s) gpt2 L10H3 sign=+0.66 symD=0 V=push p=1 steps=6556: speed0=1.37e-01 speedT=4.11e-06 cos=+0.65 k=7 lam_top=-0.09 align=0.00
[E7] 1485/1728 (12396s) gpt2 L10H3 sign=+0.66 symD=1 V=sym p=0 steps=4289: speed0=2.94e-01 speedT=2.38e-07 cos=+1.00 k=1 lam_top=+0.65 align=1.00
[E7] 1486/1728 (12399s) gpt2 L10H3 sign=+0.66 symD=1 V=sym p=1 steps=4118: speed0=2.36e-01 speedT=2.33e-07 cos=+1.00 k=1 lam_top=+0.65 align=1.00
[E7] 1487/1728 (12414s) gpt2 L10H3 sign=+0.66 symD=1 V=push p=0 steps=7142: speed0=1.75e-01 speedT=8.29e-06 cos=+0.76 k=16 lam_top=-0.09 align=0.00
[E7] 1488/1728 (12416s) gpt2 L10H3 sign=+0.66 symD=1 V=push p=1 steps=6388: speed0=1.41e-01 speedT=1.58e-06 cos=+0.51 k=2 lam_top=-0.09 align=0.00
[E7] 1489/1728 (12427s) gpt2 L10H4 sign=+0.87 symD=0 V=sym p=0 steps=2299: speed0=3.31e-01 speedT=2.89e-07 cos=+1.00 k=1 lam_top=+0.50 align=1.00
[E7] 1490/1728 (12432s) gpt2 L10H4 sign=+0.87 symD=0 V=sym p=1 steps=2410: speed0=2.52e-01 speedT=3.32e-07 cos=+1.00 k=1 lam_top=+0.50 align=1.00
[E7] 1491/1728 (12445s) gpt2 L10H4 sign=+0.87 symD=0 V=full p=0 steps=10175: speed0=4.08e-02 speedT=1.03e-02 cos=+1.00 k=1 lam_top=+0.13 align=1.00
[E7] 1492/1728 (12452s) gpt2 L10H4 sign=+0.87 symD=0 V=full p=1 steps=11077: speed0=3.74e-02 speedT=1.29e-02 cos=+1.00 k=1 lam_top=+0.13 align=1.00
[E7] 1493/1728 (12505s) gpt2 L10H4 sign=+0.87 symD=1 V=full p=0 steps=10290: speed0=3.99e-02 speedT=9.92e-03 cos=+1.00 k=1 lam_top=+0.13 align=1.00
[E7] 1494/1728 (12518s) gpt2 L10H4 sign=+0.87 symD=1 V=full p=1 steps=11040: speed0=3.62e-02 speedT=1.07e-02 cos=+1.00 k=1 lam_top=+0.13 align=1.00
[E7] 1495/1728 (12522s) gpt2 L10H4 sign=+0.87 symD=1 V=sym p=0 steps=2305: speed0=3.29e-01 speedT=2.69e-07 cos=+1.00 k=1 lam_top=+0.50 align=1.00
[E7] 1496/1728 (12522s) gpt2 L10H4 sign=+0.87 symD=0 V=push p=1 steps=17902: speed0=1.56e-01 speedT=1.85e-03 cos=+0.01 k=54 lam_top=-0.03 align=0.01
[E7] 1497/1728 (12537s) gpt2 L10H4 sign=+0.87 symD=1 V=sym p=1 steps=2410: speed0=2.53e-01 speedT=3.24e-07 cos=+1.00 k=1 lam_top=+0.50 align=1.00
[E7] 1498/1728 (12565s) gpt2 L10H4 sign=+0.87 symD=0 V=push p=0 steps=27786: speed0=1.95e-01 speedT=7.80e-03 cos=+0.08 k=51 lam_top=-0.03 align=0.01
[E7] 1499/1728 (12568s) gpt2 L10H5 sign=+0.99 symD=0 V=full p=0 steps=6551: speed0=8.40e-02 speedT=1.32e-07 cos=+1.00 k=1 lam_top=+0.72 align=1.00
[E7] 1500/1728 (12598s) gpt2 L10H5 sign=+0.99 symD=0 V=full p=1 steps=6529: speed0=1.10e-01 speedT=1.46e-07 cos=+1.00 k=1 lam_top=+0.72 align=1.00
[E7] 1501/1728 (12600s) gpt2 L10H5 sign=+0.99 symD=0 V=sym p=0 steps=4375: speed0=2.56e-01 speedT=3.37e-07 cos=+1.00 k=1 lam_top=+0.85 align=1.00
[E7] 1502/1728 (12600s) gpt2 L10H4 sign=+0.87 symD=1 V=push p=1 steps=13371: speed0=1.58e-01 speedT=9.43e-04 cos=+0.19 k=64 lam_top=-0.03 align=0.01
[E7] 1503/1728 (12601s) gpt2 L10H4 sign=+0.87 symD=1 V=push p=0 steps=13291: speed0=1.93e-01 speedT=7.22e-04 cos=+0.06 k=64 lam_top=-0.03 align=0.01
[E7] 1504/1728 (12624s) gpt2 L10H5 sign=+0.99 symD=0 V=sym p=1 steps=4534: speed0=1.90e-01 speedT=3.69e-07 cos=+1.00 k=1 lam_top=+0.85 align=1.00
[E7] 1505/1728 (12629s) gpt2 L10H5 sign=+0.99 symD=0 V=push p=1 steps=6043: speed0=8.73e-02 speedT=9.90e-08 cos=+0.02 k=2 lam_top=-0.04 align=0.00
[E7] 1506/1728 (12630s) gpt2 L10H5 sign=+0.99 symD=1 V=full p=0 steps=5162: speed0=8.31e-02 speedT=1.39e-07 cos=+1.00 k=1 lam_top=+0.72 align=1.00
[E7] 1507/1728 (12640s) gpt2 L10H5 sign=+0.99 symD=0 V=push p=0 steps=8150: speed0=1.24e-01 speedT=1.11e-07 cos=-0.01 k=2 lam_top=-0.04 align=0.00
[E7] 1508/1728 (12653s) gpt2 L10H5 sign=+0.99 symD=1 V=full p=1 steps=5504: speed0=1.00e-01 speedT=1.39e-07 cos=+1.00 k=1 lam_top=+0.72 align=1.00
[E7] 1509/1728 (12659s) gpt2 L10H5 sign=+0.99 symD=1 V=sym p=0 steps=4299: speed0=2.65e-01 speedT=3.71e-07 cos=+1.00 k=1 lam_top=+0.85 align=1.00
[E7] 1510/1728 (12662s) gpt2 L10H5 sign=+0.99 symD=1 V=sym p=1 steps=4471: speed0=2.10e-01 speedT=2.80e-07 cos=+1.00 k=1 lam_top=+0.85 align=1.00
[E7] 1511/1728 (12677s) gpt2 L10H5 sign=+0.99 symD=1 V=push p=0 steps=6478: speed0=1.25e-01 speedT=1.34e-07 cos=+0.06 k=2 lam_top=-0.04 align=0.00
[E7] 1512/1728 (12691s) gpt2 L10H5 sign=+0.99 symD=1 V=push p=1 steps=6924: speed0=1.01e-01 speedT=5.62e-08 cos=+0.38 k=2 lam_top=-0.04 align=0.00
[E7] 1513/1728 (12710s) gpt2 L10H6 sign=+0.91 symD=0 V=sym p=0 steps=5142: speed0=1.91e-01 speedT=6.85e-06 cos=+1.00 k=1 lam_top=+0.70 align=1.00
[E7] 1514/1728 (12723s) gpt2 L10H6 sign=+0.91 symD=0 V=sym p=1 steps=5492: speed0=1.52e-01 speedT=2.40e-05 cos=+1.00 k=1 lam_top=+0.70 align=1.00
[E7] 1515/1728 (12846s) gpt2 L10H6 sign=+0.91 symD=0 V=full p=0 steps=39288: speed0=6.55e-02 speedT=1.32e-02 cos=+1.00 k=1 lam_top=+0.44 align=0.99
[E7] 1516/1728 (12867s) gpt2 L10H6 sign=+0.91 symD=0 V=full p=1 steps=45351: speed0=7.99e-02 speedT=4.87e-02 cos=+1.00 k=1 lam_top=+0.44 align=0.81
[E7] 1517/1728 (12915s) gpt2 L10H6 sign=+0.91 symD=0 V=push p=1 steps=42277: speed0=8.79e-02 speedT=9.70e-04 cos=-0.01 k=6 lam_top=-0.12 align=0.01
[E7] 1518/1728 (12948s) gpt2 L10H6 sign=+0.91 symD=1 V=sym p=0 steps=5087: speed0=1.92e-01 speedT=5.96e-06 cos=+1.00 k=1 lam_top=+0.70 align=1.00
[E7] 1519/1728 (12985s) gpt2 L10H6 sign=+0.91 symD=1 V=sym p=1 steps=5235: speed0=1.52e-01 speedT=8.26e-06 cos=+1.00 k=1 lam_top=+0.70 align=1.00
[E7] 1520/1728 (12986s) gpt2 L10H6 sign=+0.91 symD=0 V=push p=0 steps=53422: speed0=1.10e-01 speedT=7.74e-03 cos=-0.02 k=6 lam_top=-0.12 align=0.01
[E7] 1521/1728 (13040s) gpt2 L10H6 sign=+0.91 symD=1 V=push p=0 steps=10757: speed0=1.10e-01 speedT=2.13e-04 cos=+0.04 k=48 lam_top=-0.12 align=0.00
[E7] 1522/1728 (13047s) gpt2 L10H6 sign=+0.91 symD=1 V=full p=0 steps=38049: speed0=6.13e-02 speedT=1.17e-02 cos=+1.00 k=1 lam_top=+0.44 align=0.99
[E7] 1523/1728 (13052s) gpt2 L10H6 sign=+0.91 symD=1 V=push p=1 steps=11941: speed0=8.67e-02 speedT=8.41e-04 cos=+0.02 k=54 lam_top=-0.12 align=0.00
[E7] 1524/1728 (13070s) gpt2 L10H7 sign=+0.40 symD=0 V=sym p=0 steps=2548: speed0=2.75e-01 speedT=3.30e-07 cos=+1.00 k=1 lam_top=+0.52 align=1.00
[E7] 1525/1728 (13074s) gpt2 L10H6 sign=+0.91 symD=1 V=full p=1 steps=39753: speed0=7.51e-02 speedT=1.39e-02 cos=+1.00 k=1 lam_top=+0.44 align=0.99
[E7] 1526/1728 (13078s) gpt2 L10H7 sign=+0.40 symD=0 V=full p=0 steps=8511: speed0=5.72e-02 speedT=1.33e-06 cos=+1.00 k=1 lam_top=+0.11 align=1.00
[E7] 1527/1728 (13085s) gpt2 L10H7 sign=+0.40 symD=0 V=full p=1 steps=8454: speed0=6.22e-02 speedT=2.08e-06 cos=+1.00 k=1 lam_top=+0.11 align=1.00
[E7] 1528/1728 (13089s) gpt2 L10H7 sign=+0.40 symD=0 V=sym p=1 steps=2622: speed0=2.28e-01 speedT=2.52e-07 cos=+1.00 k=1 lam_top=+0.52 align=1.00
[E7] 1529/1728 (13100s) gpt2 L10H7 sign=+0.40 symD=0 V=push p=0 steps=4959: speed0=1.67e-01 speedT=5.45e-04 cos=+0.51 k=64 lam_top=-0.10 align=0.03
[E7] 1530/1728 (13102s) gpt2 L10H7 sign=+0.40 symD=0 V=push p=1 steps=4822: speed0=1.48e-01 speedT=3.05e-04 cos=+0.48 k=64 lam_top=-0.10 align=0.06
[E7] 1531/1728 (13120s) gpt2 L10H7 sign=+0.40 symD=1 V=sym p=0 steps=2526: speed0=2.82e-01 speedT=2.42e-07 cos=+1.00 k=1 lam_top=+0.52 align=1.00
[E7] 1532/1728 (13122s) gpt2 L10H7 sign=+0.40 symD=1 V=sym p=1 steps=2589: speed0=2.27e-01 speedT=3.30e-07 cos=+1.00 k=1 lam_top=+0.52 align=1.00
[E7] 1533/1728 (13136s) gpt2 L10H7 sign=+0.40 symD=1 V=full p=0 steps=8851: speed0=5.93e-02 speedT=1.09e-06 cos=+1.00 k=1 lam_top=+0.11 align=1.00
[E7] 1534/1728 (13140s) gpt2 L10H7 sign=+0.40 symD=1 V=full p=1 steps=8633: speed0=6.12e-02 speedT=1.58e-06 cos=+1.00 k=1 lam_top=+0.11 align=1.00
[E7] 1535/1728 (13140s) gpt2 L10H7 sign=+0.40 symD=1 V=push p=0 steps=3188: speed0=1.68e-01 speedT=3.86e-05 cos=+0.49 k=64 lam_top=-0.10 align=0.01
[E7] 1536/1728 (13142s) gpt2 L10H7 sign=+0.40 symD=1 V=push p=1 steps=2999: speed0=1.43e-01 speedT=3.45e-05 cos=+0.48 k=64 lam_top=-0.10 align=0.02
[E7] 1537/1728 (13155s) gpt2 L10H8 sign=-0.41 symD=0 V=full p=0 steps=3901: speed0=5.18e-02 speedT=4.99e-09 cos=+1.00 k=1 lam_top=+0.10 align=1.00
[E7] 1538/1728 (13155s) gpt2 L10H8 sign=-0.41 symD=0 V=sym p=0 steps=2380: speed0=3.12e-01 speedT=2.20e-07 cos=+1.00 k=1 lam_top=+0.51 align=1.00
[E7] 1539/1728 (13157s) gpt2 L10H8 sign=-0.41 symD=0 V=sym p=1 steps=2452: speed0=2.52e-01 speedT=3.31e-07 cos=+1.00 k=1 lam_top=+0.51 align=1.00
[E7] 1540/1728 (13161s) gpt2 L10H8 sign=-0.41 symD=0 V=full p=1 steps=4508: speed0=5.37e-02 speedT=2.56e-08 cos=+1.00 k=1 lam_top=+0.10 align=1.00
[E7] 1541/1728 (13177s) gpt2 L10H8 sign=-0.41 symD=1 V=full p=0 steps=4021: speed0=4.97e-02 speedT=6.96e-09 cos=+1.00 k=1 lam_top=+0.10 align=1.00
[E7] 1542/1728 (13186s) gpt2 L10H8 sign=-0.41 symD=1 V=full p=1 steps=4908: speed0=5.46e-02 speedT=7.89e-09 cos=+1.00 k=1 lam_top=+0.10 align=1.00
[E7] 1543/1728 (13192s) gpt2 L10H8 sign=-0.41 symD=1 V=sym p=0 steps=2370: speed0=3.09e-01 speedT=2.74e-07 cos=+1.00 k=1 lam_top=+0.51 align=1.00
[E7] 1544/1728 (13201s) gpt2 L10H8 sign=-0.41 symD=1 V=sym p=1 steps=2441: speed0=2.45e-01 speedT=3.26e-07 cos=+1.00 k=1 lam_top=+0.51 align=1.00
[E7] 1545/1728 (13209s) gpt2 L10H8 sign=-0.41 symD=0 V=push p=0 steps=12153: speed0=1.83e-01 speedT=5.26e-04 cos=-0.01 k=15 lam_top=-0.07 align=0.00
[E7] 1546/1728 (13255s) gpt2 L10H8 sign=-0.41 symD=1 V=push p=0 steps=12361: speed0=1.81e-01 speedT=3.43e-04 cos=+0.04 k=64 lam_top=-0.07 align=0.01
[E7] 1547/1728 (13264s) gpt2 L10H8 sign=-0.41 symD=1 V=push p=1 steps=11414: speed0=1.47e-01 speedT=2.31e-04 cos=+0.06 k=64 lam_top=-0.07 align=0.01
[E7] 1548/1728 (13290s) gpt2 L10H9 sign=+1.00 symD=0 V=sym p=0 steps=3520: speed0=2.19e-01 speedT=2.23e-07 cos=+1.00 k=1 lam_top=+0.76 align=1.00
[E7] 1549/1728 (13302s) gpt2 L10H8 sign=-0.41 symD=0 V=push p=1 steps=30837: speed0=1.53e-01 speedT=1.41e-03 cos=-0.01 k=27 lam_top=-0.07 align=0.02
[E7] 1550/1728 (13312s) gpt2 L10H9 sign=+1.00 symD=0 V=full p=0 steps=21430: speed0=6.71e-02 speedT=4.74e-02 cos=+1.00 k=1 lam_top=+0.53 align=1.00
[E7] 1551/1728 (13314s) gpt2 L10H9 sign=+1.00 symD=0 V=sym p=1 steps=3603: speed0=1.54e-01 speedT=3.44e-07 cos=+1.00 k=1 lam_top=+0.76 align=1.00
[E7] 1552/1728 (13367s) gpt2 L10H9 sign=+1.00 symD=0 V=full p=1 steps=21588: speed0=7.11e-02 speedT=5.34e-02 cos=+1.00 k=1 lam_top=+0.53 align=1.00
[E7] 1553/1728 (13409s) gpt2 L10H9 sign=+1.00 symD=0 V=push p=0 steps=18941: speed0=9.91e-02 speedT=4.52e-04 cos=+0.24 k=4 lam_top=-0.02 align=0.01
[E7] 1554/1728 (13436s) gpt2 L10H9 sign=+1.00 symD=1 V=sym p=0 steps=3562: speed0=2.20e-01 speedT=2.97e-07 cos=+1.00 k=1 lam_top=+0.76 align=1.00
[E7] 1555/1728 (13453s) gpt2 L10H9 sign=+1.00 symD=1 V=full p=0 steps=21303: speed0=5.25e-02 speedT=2.94e-02 cos=+1.00 k=1 lam_top=+0.53 align=1.00
[E7] 1556/1728 (13470s) gpt2 L10H9 sign=+1.00 symD=1 V=sym p=1 steps=3644: speed0=1.65e-01 speedT=3.88e-07 cos=+1.00 k=1 lam_top=+0.76 align=1.00
[E7] 1557/1728 (13485s) gpt2 L10H9 sign=+1.00 symD=0 V=push p=1 steps=29241: speed0=7.55e-02 speedT=4.39e-04 cos=-0.01 k=8 lam_top=-0.02 align=0.07
[E7] 1558/1728 (13510s) gpt2 L10H9 sign=+1.00 symD=1 V=full p=1 steps=21272: speed0=6.09e-02 speedT=2.89e-02 cos=+1.00 k=1 lam_top=+0.53 align=1.00
[E7] 1559/1728 (13514s) gpt2 L10H10 sign=+0.35 symD=0 V=full p=0 steps=5050: speed0=1.45e-02 speedT=1.95e-04 cos=+1.00 k=1 lam_top=+0.07 align=1.00
[E7] 1560/1728 (13533s) gpt2 L10H10 sign=+0.35 symD=0 V=sym p=0 steps=2368: speed0=2.98e-01 speedT=3.28e-07 cos=+1.00 k=1 lam_top=+0.49 align=1.00
[E7] 1561/1728 (13551s) gpt2 L10H10 sign=+0.35 symD=0 V=full p=1 steps=7287: speed0=2.16e-02 speedT=1.96e-04 cos=+1.00 k=1 lam_top=+0.07 align=1.00
[E7] 1562/1728 (13551s) gpt2 L10H10 sign=+0.35 symD=0 V=sym p=1 steps=2479: speed0=2.33e-01 speedT=2.86e-07 cos=+1.00 k=1 lam_top=+0.49 align=1.00
[E7] 1563/1728 (13556s) gpt2 L10H9 sign=+1.00 symD=1 V=push p=0 steps=14545: speed0=1.05e-01 speedT=9.46e-05 cos=-0.00 k=28 lam_top=-0.02 align=0.01
[E7] 1564/1728 (13573s) gpt2 L10H10 sign=+0.35 symD=0 V=push p=0 steps=3853: speed0=1.83e-01 speedT=1.12e-07 cos=+0.94 k=2 lam_top=-0.04 align=0.00
[E7] 1565/1728 (13577s) gpt2 L10H10 sign=+0.35 symD=0 V=push p=1 steps=4135: speed0=1.55e-01 speedT=2.33e-07 cos=+0.94 k=2 lam_top=-0.04 align=0.00
[E7] 1566/1728 (13590s) gpt2 L10H10 sign=+0.35 symD=1 V=full p=0 steps=4997: speed0=1.47e-02 speedT=1.94e-04 cos=+1.00 k=1 lam_top=+0.07 align=1.00
[E7] 1567/1728 (13598s) gpt2 L10H10 sign=+0.35 symD=1 V=sym p=0 steps=2383: speed0=2.91e-01 speedT=2.49e-07 cos=+1.00 k=1 lam_top=+0.49 align=1.00
[E7] 1568/1728 (13614s) gpt2 L10H10 sign=+0.35 symD=1 V=sym p=1 steps=2450: speed0=2.26e-01 speedT=2.32e-07 cos=+1.00 k=1 lam_top=+0.49 align=1.00
[E7] 1569/1728 (13624s) gpt2 L10H10 sign=+0.35 symD=1 V=full p=1 steps=7155: speed0=2.88e-02 speedT=2.11e-04 cos=+1.00 k=1 lam_top=+0.07 align=1.00
[E7] 1570/1728 (13639s) gpt2 L10H9 sign=+1.00 symD=1 V=push p=1 steps=24047: speed0=8.19e-02 speedT=1.53e-02 cos=+0.11 k=26 lam_top=-0.02 align=0.01
[E7] 1571/1728 (13640s) gpt2 L10H10 sign=+0.35 symD=1 V=push p=0 steps=5738: speed0=1.83e-01 speedT=1.10e-07 cos=+0.49 k=3 lam_top=-0.04 align=0.00
[E7] 1572/1728 (13665s) gpt2 L10H11 sign=+0.99 symD=0 V=sym p=0 steps=2918: speed0=3.06e-01 speedT=3.54e-07 cos=+1.00 k=1 lam_top=+0.61 align=1.00
[E7] 1573/1728 (13666s) gpt2 L10H10 sign=+0.35 symD=1 V=push p=1 steps=6929: speed0=1.55e-01 speedT=1.91e-07 cos=+0.65 k=2 lam_top=-0.04 align=0.00
[E7] 1574/1728 (13685s) gpt2 L10H11 sign=+0.99 symD=0 V=sym p=1 steps=3044: speed0=2.38e-01 speedT=3.03e-07 cos=+1.00 k=1 lam_top=+0.61 align=1.00
[E7] 1575/1728 (13696s) gpt2 L10H11 sign=+0.99 symD=0 V=full p=0 steps=13142: speed0=7.55e-02 speedT=5.33e-04 cos=+0.24 k=2 lam_top=+0.42 align=1.00
[E7] 1576/1728 (13719s) gpt2 L10H11 sign=+0.99 symD=0 V=full p=1 steps=14508: speed0=7.81e-02 speedT=1.27e-03 cos=+0.31 k=2 lam_top=+0.42 align=1.00
[E7] 1577/1728 (13727s) gpt2 L10H11 sign=+0.99 symD=0 V=push p=1 steps=6809: speed0=1.28e-01 speedT=1.29e-07 cos=+0.51 k=2 lam_top=-0.04 align=0.00
[E7] 1578/1728 (13746s) gpt2 L10H11 sign=+0.99 symD=0 V=push p=0 steps=14070: speed0=1.59e-01 speedT=1.28e-07 cos=+0.21 k=4 lam_top=-0.04 align=0.00
[E7] 1579/1728 (13754s) gpt2 L10H11 sign=+0.99 symD=1 V=sym p=0 steps=2930: speed0=3.09e-01 speedT=1.98e-07 cos=+1.00 k=1 lam_top=+0.61 align=1.00
[E7] 1580/1728 (13772s) gpt2 L10H11 sign=+0.99 symD=1 V=sym p=1 steps=3099: speed0=2.45e-01 speedT=3.59e-07 cos=+1.00 k=1 lam_top=+0.61 align=1.00
[E7] 1581/1728 (13785s) gpt2 L10H11 sign=+0.99 symD=1 V=full p=0 steps=13673: speed0=7.70e-02 speedT=7.47e-04 cos=+0.34 k=2 lam_top=+0.42 align=1.00
[E7] 1582/1728 (13810s) gpt2 L11H0 sign=+0.59 symD=0 V=full p=0 steps=4469: speed0=1.01e-01 speedT=1.23e-04 cos=+1.00 k=1 lam_top=+0.09 align=1.00
[E7] 1583/1728 (13818s) gpt2 L10H11 sign=+0.99 symD=1 V=push p=1 steps=6784: speed0=1.31e-01 speedT=1.58e-07 cos=+0.82 k=2 lam_top=-0.04 align=0.00
[E7] 1584/1728 (13820s) gpt2 L10H11 sign=+0.99 symD=1 V=full p=1 steps=15033: speed0=8.32e-02 speedT=1.32e-03 cos=+0.00 k=2 lam_top=+0.42 align=1.00
[E7] 1585/1728 (13833s) gpt2 L11H0 sign=+0.59 symD=0 V=full p=1 steps=4476: speed0=8.65e-02 speedT=1.46e-04 cos=+1.00 k=1 lam_top=+0.09 align=1.00
[E7] 1586/1728 (13836s) gpt2 L11H0 sign=+0.59 symD=0 V=sym p=0 steps=2331: speed0=2.39e-01 speedT=3.38e-07 cos=+1.00 k=1 lam_top=+0.49 align=1.00
[E7] 1587/1728 (13838s) gpt2 L11H0 sign=+0.59 symD=0 V=sym p=1 steps=2370: speed0=2.12e-01 speedT=3.15e-07 cos=+1.00 k=1 lam_top=+0.49 align=1.00
[E7] 1588/1728 (13870s) gpt2 L11H0 sign=+0.59 symD=1 V=full p=0 steps=4690: speed0=1.07e-01 speedT=1.35e-04 cos=+1.00 k=1 lam_top=+0.09 align=1.00
[E7] 1589/1728 (13870s) gpt2 L10H11 sign=+0.99 symD=1 V=push p=0 steps=16541: speed0=1.61e-01 speedT=9.97e-08 cos=+0.36 k=5 lam_top=-0.04 align=0.00
[E7] 1590/1728 (13892s) gpt2 L11H0 sign=+0.59 symD=1 V=sym p=0 steps=2298: speed0=2.42e-01 speedT=3.01e-07 cos=+1.00 k=1 lam_top=+0.49 align=1.00
[E7] 1591/1728 (13903s) gpt2 L11H0 sign=+0.59 symD=1 V=full p=1 steps=4622: speed0=9.71e-02 speedT=1.69e-04 cos=+1.00 k=1 lam_top=+0.09 align=1.00
[E7] 1592/1728 (13914s) gpt2 L11H0 sign=+0.59 symD=1 V=sym p=1 steps=2305: speed0=2.16e-01 speedT=3.45e-07 cos=+1.00 k=1 lam_top=+0.49 align=1.00
[E7] 1593/1728 (13942s) gpt2 L11H0 sign=+0.59 symD=0 V=push p=0 steps=18191: speed0=1.18e-01 speedT=7.05e-04 cos=+0.61 k=2 lam_top=-0.01 align=0.00
[E7] 1594/1728 (13963s) gpt2 L11H0 sign=+0.59 symD=1 V=push p=0 steps=8187: speed0=1.18e-01 speedT=5.29e-04 cos=+0.45 k=64 lam_top=-0.01 align=0.01
[E7] 1595/1728 (13988s) gpt2 L11H0 sign=+0.59 symD=1 V=push p=1 steps=10548: speed0=1.06e-01 speedT=3.01e-04 cos=+0.42 k=64 lam_top=-0.01 align=0.01
[E7] 1596/1728 (14014s) gpt2 L11H1 sign=+0.93 symD=0 V=sym p=0 steps=3317: speed0=2.32e-01 speedT=2.27e-07 cos=+1.00 k=1 lam_top=+0.57 align=1.00
[E7] 1597/1728 (14039s) gpt2 L11H1 sign=+0.93 symD=0 V=full p=0 steps=17733: speed0=3.97e-02 speedT=2.87e-02 cos=+1.00 k=1 lam_top=+0.35 align=1.00
[E7] 1598/1728 (14040s) gpt2 L11H1 sign=+0.93 symD=0 V=sym p=1 steps=3386: speed0=2.10e-01 speedT=2.32e-07 cos=+1.00 k=1 lam_top=+0.57 align=1.00
[E7] 1599/1728 (14058s) gpt2 L11H1 sign=+0.93 symD=0 V=full p=1 steps=17500: speed0=3.94e-02 speedT=3.60e-02 cos=+1.00 k=1 lam_top=+0.35 align=1.00
[E7] 1600/1728 (14066s) gpt2 L11H0 sign=+0.59 symD=0 V=push p=1 steps=37974: speed0=1.08e-01 speedT=3.48e-03 cos=-0.01 k=4 lam_top=-0.01 align=0.00
[E7] 1601/1728 (14072s) gpt2 L11H1 sign=+0.93 symD=0 V=push p=0 steps=5528: speed0=1.24e-01 speedT=1.79e-04 cos=+0.91 k=64 lam_top=-0.07 align=0.02
[E7] 1602/1728 (14076s) gpt2 L11H1 sign=+0.93 symD=0 V=push p=1 steps=5572: speed0=1.16e-01 speedT=5.67e-05 cos=+0.92 k=64 lam_top=-0.07 align=0.01
[E7] 1603/1728 (14096s) gpt2 L11H1 sign=+0.93 symD=1 V=sym p=0 steps=3237: speed0=2.48e-01 speedT=1.95e-07 cos=+1.00 k=1 lam_top=+0.57 align=1.00
[E7] 1604/1728 (14104s) gpt2 L11H1 sign=+0.93 symD=1 V=sym p=1 steps=3306: speed0=2.24e-01 speedT=3.27e-07 cos=+1.00 k=1 lam_top=+0.57 align=1.00
[E7] 1605/1728 (14138s) gpt2 L11H1 sign=+0.93 symD=1 V=push p=0 steps=5756: speed0=1.32e-01 speedT=1.59e-07 cos=+0.82 k=2 lam_top=-0.07 align=0.00
[E7] 1606/1728 (14150s) gpt2 L11H1 sign=+0.93 symD=1 V=push p=1 steps=6142: speed0=1.23e-01 speedT=1.59e-07 cos=+0.76 k=2 lam_top=-0.07 align=0.00
[E7] 1607/1728 (14175s) gpt2 L11H1 sign=+0.93 symD=1 V=full p=0 steps=17790: speed0=4.72e-02 speedT=2.78e-02 cos=+1.00 k=1 lam_top=+0.35 align=1.00
[E7] 1608/1728 (14176s) gpt2 L11H2 sign=+0.93 symD=0 V=full p=0 steps=7262: speed0=4.55e-02 speedT=3.71e-03 cos=+1.00 k=1 lam_top=+0.41 align=1.00
[E7] 1609/1728 (14180s) gpt2 L11H1 sign=+0.93 symD=1 V=full p=1 steps=17428: speed0=5.15e-02 speedT=3.70e-02 cos=+1.00 k=1 lam_top=+0.35 align=1.00
[E7] 1610/1728 (14186s) gpt2 L11H2 sign=+0.93 symD=0 V=full p=1 steps=6723: speed0=6.63e-02 speedT=7.36e-03 cos=+1.00 k=1 lam_top=+0.41 align=1.00
[E7] 1611/1728 (14210s) gpt2 L11H2 sign=+0.93 symD=0 V=sym p=1 steps=4891: speed0=1.39e-01 speedT=9.08e-07 cos=+1.00 k=1 lam_top=+0.65 align=1.00
[E7] 1612/1728 (14211s) gpt2 L11H2 sign=+0.93 symD=0 V=sym p=0 steps=5019: speed0=1.60e-01 speedT=4.50e-06 cos=+1.00 k=1 lam_top=+0.65 align=1.00
[E7] 1613/1728 (14249s) gpt2 L11H2 sign=+0.93 symD=0 V=push p=1 steps=10016: speed0=8.75e-02 speedT=6.81e-04 cos=+0.60 k=64 lam_top=-0.12 align=0.06
[E7] 1614/1728 (14257s) gpt2 L11H2 sign=+0.93 symD=1 V=full p=1 steps=6652: speed0=6.85e-02 speedT=7.84e-03 cos=+1.00 k=1 lam_top=+0.41 align=1.00
[E7] 1615/1728 (14257s) gpt2 L11H2 sign=+0.93 symD=0 V=push p=0 steps=12917: speed0=9.89e-02 speedT=2.33e-03 cos=+0.66 k=64 lam_top=-0.12 align=0.03
[E7] 1616/1728 (14263s) gpt2 L11H2 sign=+0.93 symD=1 V=full p=0 steps=7873: speed0=4.94e-02 speedT=2.64e-03 cos=+1.00 k=1 lam_top=+0.41 align=1.00
[E7] 1617/1728 (14289s) gpt2 L11H2 sign=+0.93 symD=1 V=sym p=0 steps=5012: speed0=1.63e-01 speedT=4.11e-06 cos=+1.00 k=1 lam_top=+0.65 align=1.00
[E7] 1618/1728 (14293s) gpt2 L11H2 sign=+0.93 symD=1 V=push p=0 steps=5359: speed0=1.02e-01 speedT=2.70e-04 cos=+0.56 k=64 lam_top=-0.12 align=0.02
[E7] 1619/1728 (14297s) gpt2 L11H2 sign=+0.93 symD=1 V=sym p=1 steps=4949: speed0=1.43e-01 speedT=8.48e-07 cos=+1.00 k=1 lam_top=+0.65 align=1.00
[E7] 1620/1728 (14305s) gpt2 L11H2 sign=+0.93 symD=1 V=push p=1 steps=6405: speed0=9.10e-02 speedT=3.70e-04 cos=+0.49 k=64 lam_top=-0.12 align=0.01
[E7] 1621/1728 (14316s) gpt2 L11H3 sign=+1.00 symD=0 V=full p=0 steps=4867: speed0=8.40e-02 speedT=1.40e-07 cos=+1.00 k=1 lam_top=+0.70 align=1.00
[E7] 1622/1728 (14322s) gpt2 L11H3 sign=+1.00 symD=0 V=full p=1 steps=5570: speed0=1.02e-01 speedT=1.40e-07 cos=+1.00 k=1 lam_top=+0.70 align=1.00
[E7] 1623/1728 (14326s) gpt2 L11H3 sign=+1.00 symD=0 V=sym p=0 steps=4163: speed0=2.11e-01 speedT=4.15e-07 cos=+1.00 k=1 lam_top=+0.77 align=1.00
[E7] 1624/1728 (14336s) gpt2 L11H3 sign=+1.00 symD=0 V=sym p=1 steps=4509: speed0=1.72e-01 speedT=2.57e-07 cos=+1.00 k=1 lam_top=+0.77 align=1.00
[E7] 1625/1728 (14360s) gpt2 L11H3 sign=+1.00 symD=1 V=full p=0 steps=4621: speed0=7.58e-02 speedT=1.46e-07 cos=+1.00 k=1 lam_top=+0.70 align=1.00
[E7] 1626/1728 (14375s) gpt2 L11H3 sign=+1.00 symD=1 V=full p=1 steps=5389: speed0=1.05e-01 speedT=1.43e-07 cos=+1.00 k=1 lam_top=+0.70 align=1.00
[E7] 1627/1728 (14397s) gpt2 L11H3 sign=+1.00 symD=1 V=sym p=0 steps=4164: speed0=2.11e-01 speedT=2.54e-07 cos=+1.00 k=1 lam_top=+0.77 align=1.00
[E7] 1628/1728 (14400s) gpt2 L11H3 sign=+1.00 symD=0 V=push p=0 steps=13215: speed0=7.56e-02 speedT=4.56e-04 cos=+0.45 k=10 lam_top=-0.02 align=0.00
[E7] 1629/1728 (14417s) gpt2 L11H3 sign=+1.00 symD=1 V=sym p=1 steps=4900: speed0=1.79e-01 speedT=2.88e-07 cos=+1.00 k=1 lam_top=+0.77 align=1.00
[E7] 1630/1728 (14446s) gpt2 L11H4 sign=+0.62 symD=0 V=full p=0 steps=6301: speed0=3.00e-02 speedT=1.96e-04 cos=+1.00 k=1 lam_top=+0.09 align=1.00
[E7] 1631/1728 (14460s) gpt2 L11H3 sign=+1.00 symD=0 V=push p=1 steps=23651: speed0=7.01e-02 speedT=4.63e-05 cos=+0.92 k=7 lam_top=-0.02 align=0.03
[E7] 1632/1728 (14477s) gpt2 L11H4 sign=+0.62 symD=0 V=sym p=0 steps=2371: speed0=3.25e-01 speedT=3.17e-07 cos=+1.00 k=1 lam_top=+0.51 align=1.00
[E7] 1633/1728 (14483s) gpt2 L11H4 sign=+0.62 symD=0 V=full p=1 steps=6549: speed0=3.28e-02 speedT=1.30e-04 cos=+1.00 k=1 lam_top=+0.09 align=1.00
[E7] 1634/1728 (14495s) gpt2 L11H4 sign=+0.62 symD=0 V=sym p=1 steps=2375: speed0=2.79e-01 speedT=2.53e-07 cos=+1.00 k=1 lam_top=+0.51 align=1.00
[E7] 1635/1728 (14497s) gpt2 L11H3 sign=+1.00 symD=1 V=push p=1 steps=14652: speed0=7.19e-02 speedT=1.22e-03 cos=+0.11 k=60 lam_top=-0.02 align=0.01
[E7] 1636/1728 (14539s) gpt2 L11H4 sign=+0.62 symD=1 V=full p=0 steps=5952: speed0=3.00e-02 speedT=1.77e-04 cos=+1.00 k=1 lam_top=+0.09 align=1.00
[E7] 1637/1728 (14577s) gpt2 L11H4 sign=+0.62 symD=1 V=full p=1 steps=5552: speed0=3.28e-02 speedT=2.27e-09 cos=+0.65 k=2 lam_top=+0.09 align=0.12
[E7] 1638/1728 (14590s) gpt2 L11H3 sign=+1.00 symD=1 V=push p=0 steps=27918: speed0=7.54e-02 speedT=1.55e-03 cos=-0.01 k=14 lam_top=-0.02 align=0.00
[E7] 1639/1728 (14600s) gpt2 L11H4 sign=+0.62 symD=1 V=sym p=0 steps=2371: speed0=3.23e-01 speedT=2.49e-07 cos=+1.00 k=1 lam_top=+0.51 align=1.00
[E7] 1640/1728 (14611s) gpt2 L11H4 sign=+0.62 symD=1 V=sym p=1 steps=2383: speed0=2.80e-01 speedT=3.09e-07 cos=+1.00 k=1 lam_top=+0.51 align=1.00
[E7] 1641/1728 (14752s) gpt2 L11H4 sign=+0.62 symD=1 V=push p=0 steps=19965: speed0=1.97e-01 speedT=6.25e-04 cos=+0.00 k=18 lam_top=-0.03 align=0.00
[E7] 1642/1728 (14812s) gpt2 L11H4 sign=+0.62 symD=0 V=push p=0 steps=54695: speed0=1.99e-01 speedT=1.09e-01 cos=+0.22 k=49 lam_top=-0.03 align=0.03
[E7] 1643/1728 (14896s) gpt2 L11H5 sign=+0.85 symD=0 V=full p=0 steps=25008: speed0=3.60e-02 speedT=6.05e-02 cos=+1.00 k=1 lam_top=+0.26 align=1.00
[E7] 1644/1728 (14923s) gpt2 L11H5 sign=+0.85 symD=0 V=sym p=0 steps=3270: speed0=2.53e-01 speedT=2.55e-07 cos=+1.00 k=1 lam_top=+0.55 align=1.00
[E7] 1645/1728 (14942s) gpt2 L11H5 sign=+0.85 symD=0 V=sym p=1 steps=3286: speed0=2.37e-01 speedT=3.38e-07 cos=+1.00 k=1 lam_top=+0.55 align=1.00
[E7] 1646/1728 (14950s) gpt2 L11H5 sign=+0.85 symD=0 V=full p=1 steps=25469: speed0=5.44e-02 speedT=5.82e-02 cos=+1.00 k=1 lam_top=+0.26 align=1.00
[E7] 1647/1728 (14982s) gpt2 L11H5 sign=+0.85 symD=0 V=push p=1 steps=5735: speed0=1.34e-01 speedT=1.48e-07 cos=+0.94 k=2 lam_top=-0.09 align=0.00
[E7] 1648/1728 (14991s) gpt2 L11H5 sign=+0.85 symD=0 V=push p=0 steps=8404: speed0=1.45e-01 speedT=2.12e-07 cos=+0.76 k=2 lam_top=-0.09 align=0.00
[E7] 1649/1728 (15077s) gpt2 L11H4 sign=+0.62 symD=1 V=push p=1 steps=65394: speed0=1.78e-01 speedT=7.65e-03 cos=+0.11 k=53 lam_top=-0.03 align=0.01
[E7] 1650/1728 (15105s) gpt2 L11H5 sign=+0.85 symD=1 V=sym p=0 steps=3265: speed0=2.50e-01 speedT=3.55e-07 cos=+1.00 k=1 lam_top=+0.55 align=1.00
[E7] 1651/1728 (15135s) gpt2 L11H5 sign=+0.85 symD=1 V=sym p=1 steps=3257: speed0=2.39e-01 speedT=4.63e-07 cos=+1.00 k=1 lam_top=+0.55 align=1.00
[E7] 1652/1728 (15149s) gpt2 L11H5 sign=+0.85 symD=1 V=full p=0 steps=24767: speed0=3.14e-02 speedT=5.84e-02 cos=+1.00 k=1 lam_top=+0.26 align=1.00
[E7] 1653/1728 (15170s) gpt2 L11H5 sign=+0.85 symD=1 V=full p=1 steps=25234: speed0=5.46e-02 speedT=6.27e-02 cos=+1.00 k=1 lam_top=+0.26 align=1.00
[E7] 1654/1728 (15179s) gpt2 L11H5 sign=+0.85 symD=1 V=push p=0 steps=5743: speed0=1.43e-01 speedT=3.65e-07 cos=+0.08 k=2 lam_top=-0.09 align=0.00
[E7] 1655/1728 (15191s) gpt2 L11H5 sign=+0.85 symD=1 V=push p=1 steps=5781: speed0=1.35e-01 speedT=4.02e-07 cos=+0.18 k=2 lam_top=-0.09 align=0.00
[E7] 1656/1728 (15217s) gpt2 L11H6 sign=+0.66 symD=0 V=sym p=0 steps=3422: speed0=2.69e-01 speedT=2.54e-07 cos=+1.00 k=1 lam_top=+0.57 align=1.00
[E7] 1657/1728 (15242s) gpt2 L11H6 sign=+0.66 symD=0 V=sym p=1 steps=3453: speed0=2.42e-01 speedT=2.22e-07 cos=+1.00 k=1 lam_top=+0.57 align=1.00
[E7] 1658/1728 (15311s) gpt2 L11H6 sign=+0.66 symD=0 V=full p=0 steps=24025: speed0=4.22e-02 speedT=1.81e-02 cos=+1.00 k=1 lam_top=+0.27 align=1.00
[E7] 1659/1728 (15317s) gpt2 L11H6 sign=+0.66 symD=0 V=full p=1 steps=24006: speed0=5.30e-02 speedT=3.19e-02 cos=+1.00 k=1 lam_top=+0.27 align=1.00
[E7] 1660/1728 (15332s) gpt2 L11H6 sign=+0.66 symD=0 V=push p=0 steps=15107: speed0=1.70e-01 speedT=3.28e-03 cos=+0.38 k=64 lam_top=-0.13 align=0.02
[E7] 1661/1728 (15424s) gpt2 L11H6 sign=+0.66 symD=0 V=push p=1 steps=18790: speed0=1.54e-01 speedT=1.07e-02 cos=+0.39 k=64 lam_top=-0.13 align=0.03
[E7] 1662/1728 (15454s) gpt2 L11H6 sign=+0.66 symD=1 V=sym p=0 steps=3446: speed0=2.74e-01 speedT=4.10e-07 cos=+1.00 k=1 lam_top=+0.57 align=1.00
[E7] 1663/1728 (15475s) gpt2 L11H6 sign=+0.66 symD=1 V=full p=0 steps=23981: speed0=4.37e-02 speedT=1.84e-02 cos=+1.00 k=1 lam_top=+0.27 align=1.00
[E7] 1664/1728 (15486s) gpt2 L11H6 sign=+0.66 symD=1 V=sym p=1 steps=3470: speed0=2.44e-01 speedT=2.75e-07 cos=+1.00 k=1 lam_top=+0.57 align=1.00
[E7] 1665/1728 (15489s) gpt2 L11H6 sign=+0.66 symD=1 V=full p=1 steps=24344: speed0=4.98e-02 speedT=6.08e-02 cos=+1.00 k=1 lam_top=+0.27 align=1.00
[E7] 1666/1728 (15511s) gpt2 L11H7 sign=+0.84 symD=0 V=full p=0 steps=4051: speed0=3.90e-02 speedT=9.26e-08 cos=+1.00 k=1 lam_top=+0.43 align=1.00
[E7] 1667/1728 (15524s) gpt2 L11H6 sign=+0.66 symD=1 V=push p=0 steps=6944: speed0=1.74e-01 speedT=2.09e-04 cos=+0.55 k=64 lam_top=-0.13 align=0.02
[E7] 1668/1728 (15530s) gpt2 L11H7 sign=+0.84 symD=0 V=full p=1 steps=3567: speed0=4.81e-02 speedT=1.63e-07 cos=+1.00 k=1 lam_top=+0.43 align=1.00
[E7] 1669/1728 (15539s) gpt2 L11H6 sign=+0.66 symD=1 V=push p=1 steps=7575: speed0=1.56e-01 speedT=3.07e-04 cos=+0.46 k=64 lam_top=-0.13 align=0.02
[E7] 1670/1728 (15553s) gpt2 L11H7 sign=+0.84 symD=0 V=sym p=0 steps=4079: speed0=2.39e-01 speedT=2.17e-07 cos=+1.00 k=1 lam_top=+0.66 align=1.00
[E7] 1671/1728 (15562s) gpt2 L11H7 sign=+0.84 symD=0 V=sym p=1 steps=4733: speed0=2.22e-01 speedT=2.39e-07 cos=+1.00 k=1 lam_top=+0.66 align=1.00
[E7] 1672/1728 (15585s) gpt2 L11H7 sign=+0.84 symD=0 V=push p=0 steps=7706: speed0=1.30e-01 speedT=2.82e-07 cos=+0.08 k=2 lam_top=-0.09 align=0.00
[E7] 1673/1728 (15587s) gpt2 L11H7 sign=+0.84 symD=1 V=full p=0 steps=3659: speed0=4.54e-02 speedT=1.20e-07 cos=+1.00 k=1 lam_top=+0.43 align=1.00
[E7] 1674/1728 (15594s) gpt2 L11H7 sign=+0.84 symD=0 V=push p=1 steps=6982: speed0=1.20e-01 speedT=2.85e-07 cos=+0.76 k=2 lam_top=-0.09 align=0.00
[E7] 1675/1728 (15608s) gpt2 L11H7 sign=+0.84 symD=1 V=full p=1 steps=3702: speed0=5.48e-02 speedT=1.56e-07 cos=+1.00 k=1 lam_top=+0.43 align=1.00
[E7] 1676/1728 (15618s) gpt2 L11H7 sign=+0.84 symD=1 V=sym p=0 steps=3777: speed0=2.59e-01 speedT=2.17e-07 cos=+1.00 k=1 lam_top=+0.66 align=1.00
[E7] 1677/1728 (15627s) gpt2 L11H7 sign=+0.84 symD=1 V=sym p=1 steps=3869: speed0=2.33e-01 speedT=2.39e-07 cos=+1.00 k=1 lam_top=+0.66 align=1.00
[E7] 1678/1728 (15663s) gpt2 L11H7 sign=+0.84 symD=1 V=push p=0 steps=8074: speed0=1.37e-01 speedT=3.07e-07 cos=+0.82 k=2 lam_top=-0.09 align=0.00
[E7] 1679/1728 (15665s) gpt2 L11H8 sign=+0.29 symD=0 V=full p=0 steps=6937: speed0=2.06e-02 speedT=1.23e-07 cos=+0.38 k=2 lam_top=+0.01 align=0.36
[E7] 1680/1728 (15665s) gpt2 L11H7 sign=+0.84 symD=1 V=push p=1 steps=7188: speed0=1.23e-01 speedT=2.88e-07 cos=+0.38 k=2 lam_top=-0.09 align=0.00
[E7] 1681/1728 (15694s) gpt2 L11H8 sign=+0.29 symD=0 V=sym p=0 steps=3669: speed0=2.04e-01 speedT=2.42e-07 cos=+0.94 k=2 lam_top=+0.37 align=0.00
[E7] 1682/1728 (15695s) gpt2 L11H8 sign=+0.29 symD=0 V=full p=1 steps=5206: speed0=2.25e-02 speedT=5.68e-08 cos=+0.51 k=2 lam_top=+0.01 align=0.36
[E7] 1683/1728 (15697s) gpt2 L11H8 sign=+0.29 symD=0 V=sym p=1 steps=4086: speed0=1.67e-01 speedT=2.58e-07 cos=+0.94 k=2 lam_top=+0.37 align=0.00
[E7] 1684/1728 (15721s) gpt2 L11H8 sign=+0.29 symD=0 V=push p=0 steps=4421: speed0=1.48e-01 speedT=1.98e-07 cos=+0.42 k=2 lam_top=-0.00 align=0.00
[E7] 1685/1728 (15721s) gpt2 L11H8 sign=+0.29 symD=0 V=push p=1 steps=4089: speed0=1.21e-01 speedT=1.98e-07 cos=+0.03 k=2 lam_top=-0.00 align=0.00
[E7] 1686/1728 (15742s) gpt2 L11H8 sign=+0.29 symD=1 V=full p=0 steps=6760: speed0=1.72e-02 speedT=5.61e-08 cos=-0.01 k=2 lam_top=+0.01 align=0.36
[E7] 1687/1728 (15750s) gpt2 L11H8 sign=+0.29 symD=1 V=sym p=0 steps=3643: speed0=2.11e-01 speedT=2.25e-07 cos=+0.94 k=2 lam_top=+0.37 align=0.00
[E7] 1688/1728 (15756s) gpt2 L11H4 sign=+0.62 symD=0 V=push p=1 steps=216430: speed0=1.78e-01 speedT=3.28e-01 cos=+0.06 k=5 lam_top=-0.03 align=0.00
[E7] 1689/1728 (15763s) gpt2 L11H8 sign=+0.29 symD=1 V=full p=1 steps=6772: speed0=2.22e-02 speedT=1.22e-07 cos=+0.00 k=2 lam_top=+0.01 align=0.36
[E7] 1690/1728 (15771s) gpt2 L11H8 sign=+0.29 symD=1 V=sym p=1 steps=3744: speed0=1.90e-01 speedT=2.46e-07 cos=+0.94 k=2 lam_top=+0.37 align=0.00
[E7] 1691/1728 (15779s) gpt2 L11H8 sign=+0.29 symD=1 V=push p=0 steps=4010: speed0=1.55e-01 speedT=1.98e-07 cos=+0.94 k=2 lam_top=-0.00 align=0.00
[E7] 1692/1728 (15786s) gpt2 L11H8 sign=+0.29 symD=1 V=push p=1 steps=4227: speed0=1.42e-01 speedT=1.98e-07 cos=+0.88 k=2 lam_top=-0.00 align=0.00
[E7] 1693/1728 (15805s) gpt2 L11H9 sign=+0.87 symD=0 V=sym p=0 steps=3475: speed0=2.11e-01 speedT=2.11e-07 cos=+1.00 k=1 lam_top=+0.56 align=1.00
[E7] 1694/1728 (15810s) gpt2 L11H9 sign=+0.87 symD=0 V=full p=0 steps=8691: speed0=3.64e-02 speedT=2.68e-05 cos=+1.00 k=1 lam_top=+0.30 align=1.00
[E7] 1695/1728 (15812s) gpt2 L11H9 sign=+0.87 symD=0 V=sym p=1 steps=3508: speed0=1.97e-01 speedT=3.12e-07 cos=+1.00 k=1 lam_top=+0.56 align=1.00
[E7] 1696/1728 (15843s) gpt2 L11H9 sign=+0.87 symD=0 V=push p=0 steps=6905: speed0=1.24e-01 speedT=2.58e-07 cos=+0.94 k=2 lam_top=-0.11 align=0.00
[E7] 1697/1728 (15857s) gpt2 L11H9 sign=+0.87 symD=0 V=full p=1 steps=16912: speed0=3.76e-02 speedT=3.83e-04 cos=+1.00 k=1 lam_top=+0.30 align=1.00
[E7] 1698/1728 (15859s) gpt2 L11H9 sign=+0.87 symD=1 V=full p=0 steps=8041: speed0=2.61e-02 speedT=1.98e-05 cos=+1.00 k=1 lam_top=+0.30 align=1.00
[E7] 1699/1728 (15871s) gpt2 L11H9 sign=+0.87 symD=0 V=push p=1 steps=11572: speed0=1.15e-01 speedT=2.59e-07 cos=+0.94 k=2 lam_top=-0.11 align=0.00
[E7] 1700/1728 (15886s) gpt2 L11H9 sign=+0.87 symD=1 V=sym p=0 steps=3416: speed0=2.04e-01 speedT=2.13e-07 cos=+1.00 k=1 lam_top=+0.56 align=1.00
[E7] 1701/1728 (15890s) gpt2 L11H9 sign=+0.87 symD=1 V=sym p=1 steps=3461: speed0=1.95e-01 speedT=2.86e-07 cos=+1.00 k=1 lam_top=+0.56 align=1.00
[E7] 1702/1728 (15901s) gpt2 L11H9 sign=+0.87 symD=1 V=full p=1 steps=8916: speed0=3.46e-02 speedT=2.15e-05 cos=+1.00 k=1 lam_top=+0.30 align=1.00
[E7] 1703/1728 (15908s) gpt2 L11H9 sign=+0.87 symD=1 V=push p=0 steps=5568: speed0=1.21e-01 speedT=2.25e-07 cos=+0.82 k=2 lam_top=-0.11 align=0.00
[E7] 1704/1728 (15921s) gpt2 L11H9 sign=+0.87 symD=1 V=push p=1 steps=5353: speed0=1.15e-01 speedT=2.10e-07 cos=+0.88 k=2 lam_top=-0.11 align=0.00
[E7] 1705/1728 (15934s) gpt2 L11H10 sign=+1.00 symD=0 V=full p=1 steps=5823: speed0=4.73e-02 speedT=3.61e-05 cos=+1.00 k=1 lam_top=+0.44 align=1.00
[E7] 1706/1728 (15936s) gpt2 L11H10 sign=+1.00 symD=0 V=full p=0 steps=8076: speed0=3.36e-02 speedT=7.36e-05 cos=+1.00 k=1 lam_top=+0.44 align=1.00
[E7] 1707/1728 (15944s) gpt2 L11H10 sign=+1.00 symD=0 V=sym p=0 steps=4964: speed0=1.52e-01 speedT=1.78e-07 cos=+1.00 k=1 lam_top=+0.61 align=1.00
[E7] 1708/1728 (15956s) gpt2 L11H10 sign=+1.00 symD=0 V=sym p=1 steps=4955: speed0=1.49e-01 speedT=3.79e-07 cos=+1.00 k=1 lam_top=+0.61 align=1.00
[E7] 1709/1728 (15957s) gpt2 L11H10 sign=+1.00 symD=0 V=push p=0 steps=4106: speed0=8.15e-02 speedT=2.03e-07 cos=+0.94 k=2 lam_top=-0.04 align=0.00
[E7] 1710/1728 (15957s) gpt2 L11H10 sign=+1.00 symD=0 V=push p=1 steps=3833: speed0=7.70e-02 speedT=2.03e-07 cos=+0.94 k=2 lam_top=-0.04 align=0.00
[E7] 1711/1728 (15993s) gpt2 L11H10 sign=+1.00 symD=1 V=full p=1 steps=5753: speed0=4.92e-02 speedT=3.44e-05 cos=+1.00 k=1 lam_top=+0.44 align=1.00
[E7] 1712/1728 (15998s) gpt2 L11H10 sign=+1.00 symD=1 V=sym p=0 steps=5205: speed0=1.55e-01 speedT=3.95e-07 cos=+1.00 k=1 lam_top=+0.61 align=1.00
[E7] 1713/1728 (15999s) gpt2 L11H10 sign=+1.00 symD=1 V=sym p=1 steps=4916: speed0=1.53e-01 speedT=2.65e-07 cos=+1.00 k=1 lam_top=+0.61 align=1.00
[E7] 1714/1728 (16021s) gpt2 L11H10 sign=+1.00 symD=1 V=full p=0 steps=12165: speed0=3.46e-02 speedT=2.22e-03 cos=+1.00 k=1 lam_top=+0.44 align=0.98
[E7] 1715/1728 (16026s) gpt2 L11H11 sign=+0.99 symD=0 V=full p=0 steps=5037: speed0=1.61e-02 speedT=1.73e-06 cos=+1.00 k=1 lam_top=+0.14 align=1.00
[E7] 1716/1728 (16033s) gpt2 L11H10 sign=+1.00 symD=1 V=push p=1 steps=5346: speed0=7.86e-02 speedT=2.01e-07 cos=+0.56 k=2 lam_top=-0.04 align=0.00
[E7] 1717/1728 (16040s) gpt2 L11H10 sign=+1.00 symD=1 V=push p=0 steps=7409: speed0=8.31e-02 speedT=3.60e-07 cos=+0.60 k=2 lam_top=-0.04 align=0.00
[E7] 1718/1728 (16046s) gpt2 L11H11 sign=+0.99 symD=0 V=sym p=0 steps=2766: speed0=1.63e-01 speedT=3.26e-07 cos=+1.00 k=1 lam_top=+0.48 align=1.00
[E7] 1719/1728 (16046s) gpt2 L11H11 sign=+0.99 symD=0 V=full p=1 steps=5016: speed0=2.44e-02 speedT=1.31e-05 cos=+1.00 k=1 lam_top=+0.14 align=1.00
[E7] 1720/1728 (16052s) gpt2 L11H11 sign=+0.99 symD=0 V=sym p=1 steps=2736: speed0=1.63e-01 speedT=2.21e-07 cos=+1.00 k=1 lam_top=+0.48 align=1.00
[E7] 1721/1728 (16069s) gpt2 L11H11 sign=+0.99 symD=0 V=push p=1 steps=4124: speed0=1.02e-01 speedT=1.67e-07 cos=-0.02 k=2 lam_top=-0.01 align=0.00
[E7] 1722/1728 (16070s) gpt2 L11H11 sign=+0.99 symD=0 V=push p=0 steps=5644: speed0=1.01e-01 speedT=1.67e-07 cos=+0.24 k=2 lam_top=-0.01 align=0.00
[E7] 1723/1728 (16079s) gpt2 L11H11 sign=+0.99 symD=1 V=full p=0 steps=5395: speed0=1.80e-02 speedT=9.92e-06 cos=+1.00 k=1 lam_top=+0.14 align=1.00
[E7] 1724/1728 (16083s) gpt2 L11H11 sign=+0.99 symD=1 V=full p=1 steps=4792: speed0=2.17e-02 speedT=6.75e-06 cos=+1.00 k=1 lam_top=+0.14 align=1.00
[E7] 1725/1728 (16091s) gpt2 L11H11 sign=+0.99 symD=1 V=sym p=1 steps=2697: speed0=1.64e-01 speedT=3.00e-07 cos=+1.00 k=1 lam_top=+0.48 align=1.00
[E7] 1726/1728 (16092s) gpt2 L11H11 sign=+0.99 symD=1 V=sym p=0 steps=2712: speed0=1.78e-01 speedT=3.29e-07 cos=+1.00 k=1 lam_top=+0.48 align=1.00
[E7] 1727/1728 (16107s) gpt2 L11H11 sign=+0.99 symD=1 V=push p=0 steps=5098: speed0=1.10e-01 speedT=1.67e-07 cos=+0.42 k=2 lam_top=-0.01 align=0.00
[E7] 1728/1728 (16108s) gpt2 L11H11 sign=+0.99 symD=1 V=push p=1 steps=4570: speed0=1.04e-01 speedT=1.67e-07 cos=+0.08 k=2 lam_top=-0.01 align=0.00

saved results/review/E7_gpt2.json
