/Users/linmuyi/code/TransformerDynamics/export/verification/trained_head_flow.py:155: RuntimeWarning: divide by zero encountered in matmul
  lam, w = np.linalg.eig(Vc @ Vb)
/Users/linmuyi/code/TransformerDynamics/export/verification/trained_head_flow.py:155: RuntimeWarning: overflow encountered in matmul
  lam, w = np.linalg.eig(Vc @ Vb)
/Users/linmuyi/code/TransformerDynamics/export/verification/trained_head_flow.py:155: RuntimeWarning: invalid value encountered in matmul
  lam, w = np.linalg.eig(Vc @ Vb)
/Users/linmuyi/code/TransformerDynamics/export/verification/trained_head_flow.py:157: RuntimeWarning: divide by zero encountered in matmul
  u = Vb @ w[:, i]
/Users/linmuyi/code/TransformerDynamics/export/verification/trained_head_flow.py:157: RuntimeWarning: overflow encountered in matmul
  u = Vb @ w[:, i]
/Users/linmuyi/code/TransformerDynamics/export/verification/trained_head_flow.py:157: RuntimeWarning: invalid value encountered in matmul
  u = Vb @ w[:, i]
/Users/linmuyi/code/TransformerDynamics/export/verification/trained_head_flow.py:155: RuntimeWarning: divide by zero encountered in matmul
  lam, w = np.linalg.eig(Vc @ Vb)
/Users/linmuyi/code/TransformerDynamics/export/verification/trained_head_flow.py:155: RuntimeWarning: overflow encountered in matmul
  lam, w = np.linalg.eig(Vc @ Vb)
/Users/linmuyi/code/TransformerDynamics/export/verification/trained_head_flow.py:155: RuntimeWarning: invalid value encountered in matmul
  lam, w = np.linalg.eig(Vc @ Vb)
/Users/linmuyi/code/TransformerDynamics/export/verification/trained_head_flow.py:157: RuntimeWarning: divide by zero encountered in matmul
  u = Vb @ w[:, i]
/Users/linmuyi/code/TransformerDynamics/export/verification/trained_head_flow.py:157: RuntimeWarning: overflow encountered in matmul
  u = Vb @ w[:, i]
/Users/linmuyi/code/TransformerDynamics/export/verification/trained_head_flow.py:157: RuntimeWarning: invalid value encountered in matmul
  u = Vb @ w[:, i]
/Users/linmuyi/code/TransformerDynamics/export/verification/trained_head_flow.py:155: RuntimeWarning: divide by zero encountered in matmul
  lam, w = np.linalg.eig(Vc @ Vb)
/Users/linmuyi/code/TransformerDynamics/export/verification/trained_head_flow.py:155: RuntimeWarning: overflow encountered in matmul
  lam, w = np.linalg.eig(Vc @ Vb)
/Users/linmuyi/code/TransformerDynamics/export/verification/trained_head_flow.py:155: RuntimeWarning: invalid value encountered in matmul
  lam, w = np.linalg.eig(Vc @ Vb)
/Users/linmuyi/code/TransformerDynamics/export/verification/trained_head_flow.py:155: RuntimeWarning: divide by zero encountered in matmul
  lam, w = np.linalg.eig(Vc @ Vb)
/Users/linmuyi/code/TransformerDynamics/export/verification/trained_head_flow.py:155: RuntimeWarning: overflow encountered in matmul
  lam, w = np.linalg.eig(Vc @ Vb)
/Users/linmuyi/code/TransformerDynamics/export/verification/trained_head_flow.py:155: RuntimeWarning: invalid value encountered in matmul
  lam, w = np.linalg.eig(Vc @ Vb)
/Users/linmuyi/code/TransformerDynamics/export/verification/trained_head_flow.py:157: RuntimeWarning: divide by zero encountered in matmul
  u = Vb @ w[:, i]
/Users/linmuyi/code/TransformerDynamics/export/verification/trained_head_flow.py:157: RuntimeWarning: overflow encountered in matmul
  u = Vb @ w[:, i]
/Users/linmuyi/code/TransformerDynamics/export/verification/trained_head_flow.py:157: RuntimeWarning: invalid value encountered in matmul
  u = Vb @ w[:, i]
/Users/linmuyi/code/TransformerDynamics/export/verification/trained_head_flow.py:157: RuntimeWarning: divide by zero encountered in matmul
  u = Vb @ w[:, i]
/Users/linmuyi/code/TransformerDynamics/export/verification/trained_head_flow.py:157: RuntimeWarning: overflow encountered in matmul
  u = Vb @ w[:, i]
/Users/linmuyi/code/TransformerDynamics/export/verification/trained_head_flow.py:157: RuntimeWarning: invalid value encountered in matmul
  u = Vb @ w[:, i]
/Users/linmuyi/code/TransformerDynamics/export/verification/trained_head_flow.py:190: RuntimeWarning: divide by zero encountered in matmul
  Vx = (X @ f[3].T) @ f[2].T
/Users/linmuyi/code/TransformerDynamics/export/verification/trained_head_flow.py:190: RuntimeWarning: overflow encountered in matmul
  Vx = (X @ f[3].T) @ f[2].T
/Users/linmuyi/code/TransformerDynamics/export/verification/trained_head_flow.py:190: RuntimeWarning: invalid value encountered in matmul
  Vx = (X @ f[3].T) @ f[2].T
/Users/linmuyi/code/TransformerDynamics/export/verification/trained_head_flow.py:194: RuntimeWarning: divide by zero encountered in matmul
  align_top=float(np.median(np.linalg.norm(X @ Q, axis=1))),
/Users/linmuyi/code/TransformerDynamics/export/verification/trained_head_flow.py:194: RuntimeWarning: overflow encountered in matmul
  align_top=float(np.median(np.linalg.norm(X @ Q, axis=1))),
/Users/linmuyi/code/TransformerDynamics/export/verification/trained_head_flow.py:194: RuntimeWarning: invalid value encountered in matmul
  align_top=float(np.median(np.linalg.norm(X @ Q, axis=1))),
[E7] 1/3456 (8s) bert-base-uncased L0H0 sign=+0.31 symD=0 V=sym p=1 steps=3685: speed0=1.49e-01 speedT=7.10e-04 cos=+1.00 k=1 lam_top=+0.50 align=0.96
/Users/linmuyi/code/TransformerDynamics/export/verification/trained_head_flow.py:118: RuntimeWarning: divide by zero encountered in matmul
  lam, w = np.linalg.eigh(r @ Vc @ q)
/Users/linmuyi/code/TransformerDynamics/export/verification/trained_head_flow.py:118: RuntimeWarning: overflow encountered in matmul
  lam, w = np.linalg.eigh(r @ Vc @ q)
/Users/linmuyi/code/TransformerDynamics/export/verification/trained_head_flow.py:118: RuntimeWarning: invalid value encountered in matmul
  lam, w = np.linalg.eigh(r @ Vc @ q)
/Users/linmuyi/code/TransformerDynamics/export/verification/trained_head_flow.py:119: RuntimeWarning: divide by zero encountered in matmul
  lam, w = np.real(lam), q @ w
/Users/linmuyi/code/TransformerDynamics/export/verification/trained_head_flow.py:119: RuntimeWarning: overflow encountered in matmul
  lam, w = np.real(lam), q @ w
/Users/linmuyi/code/TransformerDynamics/export/verification/trained_head_flow.py:119: RuntimeWarning: invalid value encountered in matmul
  lam, w = np.real(lam), q @ w
/Users/linmuyi/code/TransformerDynamics/export/verification/trained_head_flow.py:190: RuntimeWarning: divide by zero encountered in matmul
  Vx = (X @ f[3].T) @ f[2].T
/Users/linmuyi/code/TransformerDynamics/export/verification/trained_head_flow.py:190: RuntimeWarning: overflow encountered in matmul
  Vx = (X @ f[3].T) @ f[2].T
/Users/linmuyi/code/TransformerDynamics/export/verification/trained_head_flow.py:190: RuntimeWarning: invalid value encountered in matmul
  Vx = (X @ f[3].T) @ f[2].T
/Users/linmuyi/code/TransformerDynamics/export/verification/trained_head_flow.py:194: RuntimeWarning: divide by zero encountered in matmul
  align_top=float(np.median(np.linalg.norm(X @ Q, axis=1))),
/Users/linmuyi/code/TransformerDynamics/export/verification/trained_head_flow.py:194: RuntimeWarning: overflow encountered in matmul
  align_top=float(np.median(np.linalg.norm(X @ Q, axis=1))),
/Users/linmuyi/code/TransformerDynamics/export/verification/trained_head_flow.py:194: RuntimeWarning: invalid value encountered in matmul
  align_top=float(np.median(np.linalg.norm(X @ Q, axis=1))),
[E7] 2/3456 (8s) bert-base-uncased L0H0 sign=+0.31 symD=0 V=sym p=0 steps=3608: speed0=1.50e-01 speedT=6.95e-04 cos=+1.00 k=1 lam_top=+0.50 align=0.97
/Users/linmuyi/code/TransformerDynamics/export/verification/trained_head_flow.py:118: RuntimeWarning: divide by zero encountered in matmul
  lam, w = np.linalg.eigh(r @ Vc @ q)
/Users/linmuyi/code/TransformerDynamics/export/verification/trained_head_flow.py:118: RuntimeWarning: overflow encountered in matmul
  lam, w = np.linalg.eigh(r @ Vc @ q)
/Users/linmuyi/code/TransformerDynamics/export/verification/trained_head_flow.py:118: RuntimeWarning: invalid value encountered in matmul
  lam, w = np.linalg.eigh(r @ Vc @ q)
/Users/linmuyi/code/TransformerDynamics/export/verification/trained_head_flow.py:119: RuntimeWarning: divide by zero encountered in matmul
  lam, w = np.real(lam), q @ w
/Users/linmuyi/code/TransformerDynamics/export/verification/trained_head_flow.py:119: RuntimeWarning: overflow encountered in matmul
  lam, w = np.real(lam), q @ w
/Users/linmuyi/code/TransformerDynamics/export/verification/trained_head_flow.py:119: RuntimeWarning: invalid value encountered in matmul
  lam, w = np.real(lam), q @ w
/Users/linmuyi/code/TransformerDynamics/export/verification/trained_head_flow.py:190: RuntimeWarning: divide by zero encountered in matmul
  Vx = (X @ f[3].T) @ f[2].T
/Users/linmuyi/code/TransformerDynamics/export/verification/trained_head_flow.py:190: RuntimeWarning: overflow encountered in matmul
  Vx = (X @ f[3].T) @ f[2].T
/Users/linmuyi/code/TransformerDynamics/export/verification/trained_head_flow.py:190: RuntimeWarning: invalid value encountered in matmul
  Vx = (X @ f[3].T) @ f[2].T
/Users/linmuyi/code/TransformerDynamics/export/verification/trained_head_flow.py:194: RuntimeWarning: divide by zero encountered in matmul
  align_top=float(np.median(np.linalg.norm(X @ Q, axis=1))),
/Users/linmuyi/code/TransformerDynamics/export/verification/trained_head_flow.py:194: RuntimeWarning: overflow encountered in matmul
  align_top=float(np.median(np.linalg.norm(X @ Q, axis=1))),
/Users/linmuyi/code/TransformerDynamics/export/verification/trained_head_flow.py:194: RuntimeWarning: invalid value encountered in matmul
  align_top=float(np.median(np.linalg.norm(X @ Q, axis=1))),
/Users/linmuyi/code/TransformerDynamics/export/verification/trained_head_flow.py:190: RuntimeWarning: divide by zero encountered in matmul
  Vx = (X @ f[3].T) @ f[2].T
/Users/linmuyi/code/TransformerDynamics/export/verification/trained_head_flow.py:190: RuntimeWarning: overflow encountered in matmul
  Vx = (X @ f[3].T) @ f[2].T
/Users/linmuyi/code/TransformerDynamics/export/verification/trained_head_flow.py:190: RuntimeWarning: invalid value encountered in matmul
  Vx = (X @ f[3].T) @ f[2].T
/Users/linmuyi/code/TransformerDynamics/export/verification/trained_head_flow.py:194: RuntimeWarning: divide by zero encountered in matmul
  align_top=float(np.median(np.linalg.norm(X @ Q, axis=1))),
/Users/linmuyi/code/TransformerDynamics/export/verification/trained_head_flow.py:194: RuntimeWarning: overflow encountered in matmul
  align_top=float(np.median(np.linalg.norm(X @ Q, axis=1))),
/Users/linmuyi/code/TransformerDynamics/export/verification/trained_head_flow.py:194: RuntimeWarning: invalid value encountered in matmul
  align_top=float(np.median(np.linalg.norm(X @ Q, axis=1))),
[E7] 3/3456 (9s) bert-base-uncased L0H0 sign=+0.31 symD=0 V=full p=0 steps=6655: speed0=3.66e-02 speedT=5.27e-07 cos=+1.00 k=1 lam_top=+0.19 align=1.00
[E7] 4/3456 (9s) bert-base-uncased L0H0 sign=+0.31 symD=0 V=full p=1 steps=6869: speed0=3.31e-02 speedT=2.01e-07 cos=+1.00 k=1 lam_top=+0.19 align=1.00
[E7] 5/3456 (13s) bert-base-uncased L0H0 sign=+0.31 symD=0 V=push p=1 steps=5618: speed0=9.97e-02 speedT=1.16e-03 cos=+0.32 k=64 lam_top=-0.05 align=0.03
[E7] 6/3456 (13s) bert-base-uncased L0H0 sign=+0.31 symD=0 V=push p=0 steps=6385: speed0=9.45e-02 speedT=1.98e-03 cos=+0.22 k=64 lam_top=-0.05 align=0.02
[E7] 7/3456 (16s) bert-base-uncased L0H0 sign=+0.31 symD=1 V=full p=0 steps=6635: speed0=3.69e-02 speedT=3.52e-07 cos=+1.00 k=1 lam_top=+0.19 align=1.00
/Users/linmuyi/code/TransformerDynamics/export/verification/trained_head_flow.py:118: RuntimeWarning: divide by zero encountered in matmul
  lam, w = np.linalg.eigh(r @ Vc @ q)
/Users/linmuyi/code/TransformerDynamics/export/verification/trained_head_flow.py:118: RuntimeWarning: overflow encountered in matmul
  lam, w = np.linalg.eigh(r @ Vc @ q)
/Users/linmuyi/code/TransformerDynamics/export/verification/trained_head_flow.py:118: RuntimeWarning: invalid value encountered in matmul
  lam, w = np.linalg.eigh(r @ Vc @ q)
/Users/linmuyi/code/TransformerDynamics/export/verification/trained_head_flow.py:119: RuntimeWarning: divide by zero encountered in matmul
  lam, w = np.real(lam), q @ w
/Users/linmuyi/code/TransformerDynamics/export/verification/trained_head_flow.py:119: RuntimeWarning: overflow encountered in matmul
  lam, w = np.real(lam), q @ w
/Users/linmuyi/code/TransformerDynamics/export/verification/trained_head_flow.py:119: RuntimeWarning: invalid value encountered in matmul
  lam, w = np.real(lam), q @ w
[E7] 8/3456 (17s) bert-base-uncased L0H0 sign=+0.31 symD=1 V=full p=1 steps=7037: speed0=3.25e-02 speedT=2.96e-07 cos=+1.00 k=1 lam_top=+0.19 align=1.00
/Users/linmuyi/code/TransformerDynamics/export/verification/trained_head_flow.py:118: RuntimeWarning: divide by zero encountered in matmul
  lam, w = np.linalg.eigh(r @ Vc @ q)
/Users/linmuyi/code/TransformerDynamics/export/verification/trained_head_flow.py:118: RuntimeWarning: overflow encountered in matmul
  lam, w = np.linalg.eigh(r @ Vc @ q)
/Users/linmuyi/code/TransformerDynamics/export/verification/trained_head_flow.py:118: RuntimeWarning: invalid value encountered in matmul
  lam, w = np.linalg.eigh(r @ Vc @ q)
/Users/linmuyi/code/TransformerDynamics/export/verification/trained_head_flow.py:119: RuntimeWarning: divide by zero encountered in matmul
  lam, w = np.real(lam), q @ w
/Users/linmuyi/code/TransformerDynamics/export/verification/trained_head_flow.py:119: RuntimeWarning: overflow encountered in matmul
  lam, w = np.real(lam), q @ w
/Users/linmuyi/code/TransformerDynamics/export/verification/trained_head_flow.py:119: RuntimeWarning: invalid value encountered in matmul
  lam, w = np.real(lam), q @ w
[E7] 9/3456 (17s) bert-base-uncased L0H0 sign=+0.31 symD=1 V=sym p=0 steps=3597: speed0=1.49e-01 speedT=7.16e-04 cos=+1.00 k=1 lam_top=+0.50 align=0.96
[E7] 10/3456 (18s) bert-base-uncased L0H0 sign=+0.31 symD=1 V=sym p=1 steps=3678: speed0=1.49e-01 speedT=7.02e-04 cos=+1.00 k=1 lam_top=+0.50 align=0.97
[E7] 11/3456 (21s) bert-base-uncased L0H1 sign=+0.85 symD=0 V=full p=0 steps=4308: speed0=4.83e-02 speedT=5.22e-08 cos=+1.00 k=1 lam_top=+0.32 align=1.00
[E7] 12/3456 (22s) bert-base-uncased L0H1 sign=+0.85 symD=0 V=full p=1 steps=4824: speed0=3.51e-02 speedT=9.70e-08 cos=+1.00 k=1 lam_top=+0.32 align=1.00
[E7] 13/3456 (23s) bert-base-uncased L0H0 sign=+0.31 symD=1 V=push p=0 steps=5560: speed0=9.34e-02 speedT=6.77e-04 cos=+0.31 k=64 lam_top=-0.05 align=0.02
[E7] 14/3456 (24s) bert-base-uncased L0H0 sign=+0.31 symD=1 V=push p=1 steps=6902: speed0=9.94e-02 speedT=5.77e-04 cos=+0.27 k=64 lam_top=-0.05 align=0.02
[E7] 15/3456 (25s) bert-base-uncased L0H1 sign=+0.85 symD=0 V=sym p=0 steps=4024: speed0=1.49e-01 speedT=3.23e-07 cos=+1.00 k=1 lam_top=+0.55 align=1.00
[E7] 16/3456 (27s) bert-base-uncased L0H1 sign=+0.85 symD=0 V=sym p=1 steps=4183: speed0=1.47e-01 speedT=2.53e-07 cos=+1.00 k=1 lam_top=+0.55 align=1.00
[E7] 17/3456 (30s) bert-base-uncased L0H1 sign=+0.85 symD=1 V=full p=0 steps=4294: speed0=4.50e-02 speedT=5.52e-08 cos=+1.00 k=1 lam_top=+0.32 align=1.00
[E7] 18/3456 (32s) bert-base-uncased L0H1 sign=+0.85 symD=1 V=full p=1 steps=4945: speed0=3.22e-02 speedT=5.16e-08 cos=+1.00 k=1 lam_top=+0.32 align=1.00
[E7] 19/3456 (35s) bert-base-uncased L0H1 sign=+0.85 symD=1 V=sym p=0 steps=4002: speed0=1.50e-01 speedT=1.83e-07 cos=+1.00 k=1 lam_top=+0.55 align=1.00
[E7] 20/3456 (38s) bert-base-uncased L0H1 sign=+0.85 symD=1 V=sym p=1 steps=4104: speed0=1.47e-01 speedT=2.31e-07 cos=+1.00 k=1 lam_top=+0.55 align=1.00
[E7] 21/3456 (41s) bert-base-uncased L0H1 sign=+0.85 symD=0 V=push p=0 steps=21183: speed0=9.18e-02 speedT=1.06e-03 cos=+0.06 k=35 lam_top=-0.06 align=0.01
[E7] 22/3456 (48s) bert-base-uncased L0H1 sign=+0.85 symD=1 V=push p=0 steps=12442: speed0=9.17e-02 speedT=1.00e-03 cos=+0.04 k=64 lam_top=-0.06 align=0.01
[E7] 23/3456 (50s) bert-base-uncased L0H1 sign=+0.85 symD=1 V=push p=1 steps=10589: speed0=9.29e-02 speedT=5.35e-04 cos=+0.09 k=64 lam_top=-0.06 align=0.01
[E7] 24/3456 (51s) bert-base-uncased L0H1 sign=+0.85 symD=0 V=push p=1 steps=31165: speed0=9.30e-02 speedT=2.46e-04 cos=-0.01 k=5 lam_top=-0.06 align=0.01
[E7] 25/3456 (56s) bert-base-uncased L0H2 sign=+0.45 symD=0 V=sym p=0 steps=5111: speed0=1.75e-01 speedT=2.66e-05 cos=+1.00 k=1 lam_top=+0.54 align=1.00
[E7] 26/3456 (57s) bert-base-uncased L0H2 sign=+0.45 symD=0 V=sym p=1 steps=5378: speed0=1.76e-01 speedT=4.35e-05 cos=+1.00 k=1 lam_top=+0.54 align=1.00
[E7] 27/3456 (60s) bert-base-uncased L0H2 sign=+0.45 symD=0 V=full p=0 steps=21011: speed0=1.02e-01 speedT=1.76e-02 cos=+1.00 k=1 lam_top=+0.25 align=1.00
[E7] 28/3456 (63s) bert-base-uncased L0H2 sign=+0.45 symD=0 V=push p=0 steps=8604: speed0=1.13e-01 speedT=4.57e-04 cos=-0.01 k=4 lam_top=-0.14 align=0.00
[E7] 29/3456 (67s) bert-base-uncased L0H2 sign=+0.45 symD=0 V=full p=1 steps=21028: speed0=9.81e-02 speedT=2.83e-02 cos=+1.00 k=1 lam_top=+0.25 align=1.00
[E7] 30/3456 (73s) bert-base-uncased L0H2 sign=+0.45 symD=1 V=sym p=0 steps=5062: speed0=1.68e-01 speedT=2.67e-05 cos=+1.00 k=1 lam_top=+0.54 align=1.00
[E7] 31/3456 (80s) bert-base-uncased L0H2 sign=+0.45 symD=1 V=sym p=1 steps=5251: speed0=1.70e-01 speedT=3.05e-05 cos=+1.00 k=1 lam_top=+0.54 align=1.00
[E7] 32/3456 (81s) bert-base-uncased L0H2 sign=+0.45 symD=1 V=full p=0 steps=20595: speed0=7.60e-02 speedT=2.02e-02 cos=+1.00 k=1 lam_top=+0.25 align=1.00
[E7] 33/3456 (86s) bert-base-uncased L0H2 sign=+0.45 symD=1 V=full p=1 steps=20737: speed0=7.65e-02 speedT=3.41e-02 cos=+1.00 k=1 lam_top=+0.25 align=1.00
[E7] 34/3456 (91s) bert-base-uncased L0H2 sign=+0.45 symD=1 V=push p=0 steps=10603: speed0=1.08e-01 speedT=1.21e-04 cos=-0.01 k=25 lam_top=-0.14 align=0.00
[E7] 35/3456 (92s) bert-base-uncased L0H2 sign=+0.45 symD=0 V=push p=1 steps=40967: speed0=1.18e-01 speedT=9.71e-04 cos=-0.01 k=7 lam_top=-0.14 align=0.01
[E7] 36/3456 (92s) bert-base-uncased L0H3 sign=-0.10 symD=0 V=full p=0 steps=6846: speed0=1.01e-01 speedT=1.10e-05 cos=+0.60 k=2 lam_top=+0.12 align=1.00
[E7] 37/3456 (96s) bert-base-uncased L0H2 sign=+0.45 symD=1 V=push p=1 steps=14402: speed0=1.14e-01 speedT=4.57e-06 cos=-0.02 k=10 lam_top=-0.14 align=0.00
[E7] 38/3456 (96s) bert-base-uncased L0H3 sign=-0.10 symD=0 V=sym p=0 steps=3808: speed0=1.27e-01 speedT=2.86e-07 cos=+1.00 k=1 lam_top=+0.47 align=1.00
[E7] 39/3456 (96s) bert-base-uncased L0H3 sign=-0.10 symD=0 V=sym p=1 steps=3707: speed0=1.27e-01 speedT=2.05e-07 cos=+1.00 k=1 lam_top=+0.47 align=1.00
[E7] 40/3456 (100s) bert-base-uncased L0H3 sign=-0.10 symD=0 V=full p=1 steps=11229: speed0=9.91e-02 speedT=1.23e-05 cos=+0.56 k=2 lam_top=+0.12 align=1.00
[E7] 41/3456 (104s) bert-base-uncased L0H3 sign=-0.10 symD=1 V=full p=0 steps=6915: speed0=8.20e-02 speedT=1.10e-05 cos=+0.34 k=2 lam_top=+0.12 align=1.00
[E7] 42/3456 (108s) bert-base-uncased L0H3 sign=-0.10 symD=1 V=sym p=0 steps=3776: speed0=1.22e-01 speedT=3.73e-07 cos=+1.00 k=1 lam_top=+0.47 align=1.00
[E7] 43/3456 (110s) bert-base-uncased L0H3 sign=-0.10 symD=1 V=full p=1 steps=8492: speed0=8.06e-02 speedT=9.64e-06 cos=+0.24 k=2 lam_top=+0.12 align=1.00
[E7] 44/3456 (112s) bert-base-uncased L0H3 sign=-0.10 symD=0 V=push p=1 steps=19850: speed0=9.05e-02 speedT=5.39e-04 cos=-0.01 k=16 lam_top=-0.05 align=0.00
[E7] 45/3456 (113s) bert-base-uncased L0H3 sign=-0.10 symD=1 V=sym p=1 steps=3682: speed0=1.22e-01 speedT=3.49e-07 cos=+1.00 k=1 lam_top=+0.47 align=1.00
[E7] 46/3456 (118s) bert-base-uncased L0H4 sign=-0.63 symD=0 V=full p=0 steps=5917: speed0=4.28e-02 speedT=1.20e-06 cos=+1.00 k=1 lam_top=+0.09 align=1.00
[E7] 47/3456 (123s) bert-base-uncased L0H3 sign=-0.10 symD=0 V=push p=0 steps=32429: speed0=9.04e-02 speedT=1.54e-03 cos=-0.01 k=19 lam_top=-0.05 align=0.00
[E7] 48/3456 (123s) bert-base-uncased L0H4 sign=-0.63 symD=0 V=full p=1 steps=5542: speed0=3.98e-02 speedT=1.09e-06 cos=+1.00 k=1 lam_top=+0.09 align=1.00
[E7] 49/3456 (124s) bert-base-uncased L0H3 sign=-0.10 symD=1 V=push p=1 steps=11529: speed0=8.71e-02 speedT=4.36e-04 cos=+0.08 k=64 lam_top=-0.05 align=0.00
[E7] 50/3456 (125s) bert-base-uncased L0H3 sign=-0.10 symD=1 V=push p=0 steps=13659: speed0=8.70e-02 speedT=2.79e-03 cos=+0.08 k=64 lam_top=-0.05 align=0.00
[E7] 51/3456 (126s) bert-base-uncased L0H4 sign=-0.63 symD=0 V=sym p=1 steps=3133: speed0=1.22e-01 speedT=2.68e-07 cos=+1.00 k=1 lam_top=+0.48 align=1.00
[E7] 52/3456 (126s) bert-base-uncased L0H4 sign=-0.63 symD=0 V=sym p=0 steps=3202: speed0=1.22e-01 speedT=2.89e-07 cos=+1.00 k=1 lam_top=+0.48 align=1.00
[E7] 53/3456 (133s) bert-base-uncased L0H4 sign=-0.63 symD=1 V=full p=0 steps=5796: speed0=4.09e-02 speedT=1.31e-06 cos=+1.00 k=1 lam_top=+0.09 align=1.00
[E7] 54/3456 (133s) bert-base-uncased L0H4 sign=-0.63 symD=1 V=full p=1 steps=5898: speed0=3.92e-02 speedT=1.40e-06 cos=+1.00 k=1 lam_top=+0.09 align=1.00
[E7] 55/3456 (136s) bert-base-uncased L0H4 sign=-0.63 symD=0 V=push p=1 steps=12061: speed0=8.33e-02 speedT=3.77e-04 cos=-0.01 k=6 lam_top=-0.05 align=0.01
[E7] 56/3456 (137s) bert-base-uncased L0H4 sign=-0.63 symD=1 V=sym p=0 steps=3148: speed0=1.22e-01 speedT=3.21e-07 cos=+1.00 k=1 lam_top=+0.48 align=1.00
[E7] 57/3456 (137s) bert-base-uncased L0H4 sign=-0.63 symD=1 V=sym p=1 steps=3096: speed0=1.23e-01 speedT=2.64e-07 cos=+1.00 k=1 lam_top=+0.48 align=1.00
[E7] 58/3456 (142s) bert-base-uncased L0H5 sign=+0.92 symD=0 V=full p=0 steps=5528: speed0=4.81e-02 speedT=1.18e-07 cos=+1.00 k=1 lam_top=+0.44 align=1.00
[E7] 59/3456 (146s) bert-base-uncased L0H5 sign=+0.92 symD=0 V=full p=1 steps=4437: speed0=5.18e-02 speedT=1.06e-07 cos=+1.00 k=1 lam_top=+0.44 align=1.00
[E7] 60/3456 (146s) bert-base-uncased L0H4 sign=-0.63 symD=0 V=push p=0 steps=26209: speed0=8.59e-02 speedT=4.60e-04 cos=-0.02 k=5 lam_top=-0.05 align=0.00
[E7] 61/3456 (151s) bert-base-uncased L0H5 sign=+0.92 symD=0 V=sym p=0 steps=4999: speed0=1.16e-01 speedT=2.06e-07 cos=+1.00 k=1 lam_top=+0.66 align=1.00
[E7] 62/3456 (152s) bert-base-uncased L0H5 sign=+0.92 symD=0 V=sym p=1 steps=5419: speed0=1.16e-01 speedT=2.55e-07 cos=+1.00 k=1 lam_top=+0.66 align=1.00
[E7] 63/3456 (154s) bert-base-uncased L0H4 sign=-0.63 symD=1 V=push p=0 steps=16649: speed0=8.48e-02 speedT=3.49e-04 cos=+0.01 k=62 lam_top=-0.05 align=0.00
[E7] 64/3456 (157s) bert-base-uncased L0H4 sign=-0.63 symD=1 V=push p=1 steps=17663: speed0=8.29e-02 speedT=5.01e-06 cos=-0.01 k=27 lam_top=-0.05 align=0.00
[E7] 65/3456 (162s) bert-base-uncased L0H5 sign=+0.92 symD=1 V=full p=0 steps=6428: speed0=4.54e-02 speedT=1.16e-07 cos=+1.00 k=1 lam_top=+0.44 align=1.00
[E7] 66/3456 (162s) bert-base-uncased L0H5 sign=+0.92 symD=1 V=full p=1 steps=4463: speed0=4.85e-02 speedT=1.52e-07 cos=+1.00 k=1 lam_top=+0.44 align=1.00
[E7] 67/3456 (164s) bert-base-uncased L0H5 sign=+0.92 symD=0 V=push p=0 steps=15032: speed0=6.98e-02 speedT=5.09e-04 cos=-0.02 k=4 lam_top=-0.08 align=0.00
[E7] 68/3456 (169s) bert-base-uncased L0H5 sign=+0.92 symD=1 V=sym p=0 steps=5040: speed0=1.16e-01 speedT=2.06e-07 cos=+1.00 k=1 lam_top=+0.66 align=1.00
[E7] 69/3456 (169s) bert-base-uncased L0H5 sign=+0.92 symD=1 V=sym p=1 steps=5475: speed0=1.17e-01 speedT=2.55e-07 cos=+1.00 k=1 lam_top=+0.66 align=1.00
[E7] 70/3456 (172s) bert-base-uncased L0H6 sign=-0.21 symD=0 V=full p=0 steps=3394: speed0=4.00e-02 speedT=4.02e-08 cos=+1.00 k=1 lam_top=+0.15 align=1.00
[E7] 71/3456 (175s) bert-base-uncased L0H5 sign=+0.92 symD=1 V=push p=0 steps=10122: speed0=7.08e-02 speedT=7.55e-05 cos=-0.00 k=48 lam_top=-0.08 align=0.00
[E7] 72/3456 (175s) bert-base-uncased L0H6 sign=-0.21 symD=0 V=full p=1 steps=3542: speed0=3.94e-02 speedT=4.02e-08 cos=+1.00 k=1 lam_top=+0.15 align=1.00
[E7] 73/3456 (178s) bert-base-uncased L0H6 sign=-0.21 symD=0 V=sym p=0 steps=3054: speed0=6.96e-02 speedT=2.39e-07 cos=+1.00 k=1 lam_top=+0.54 align=1.00
[E7] 74/3456 (179s) bert-base-uncased L0H6 sign=-0.21 symD=0 V=sym p=1 steps=3035: speed0=7.09e-02 speedT=3.72e-07 cos=+1.00 k=1 lam_top=+0.54 align=1.00
[E7] 75/3456 (182s) bert-base-uncased L0H6 sign=-0.21 symD=0 V=push p=0 steps=4368: speed0=5.21e-02 speedT=1.01e-03 cos=+0.18 k=62 lam_top=-0.05 align=0.01
[E7] 76/3456 (182s) bert-base-uncased L0H5 sign=+0.92 symD=1 V=push p=1 steps=13035: speed0=7.67e-02 speedT=3.29e-04 cos=+0.01 k=64 lam_top=-0.08 align=0.01
[E7] 77/3456 (185s) bert-base-uncased L0H6 sign=-0.21 symD=0 V=push p=1 steps=6029: speed0=5.44e-02 speedT=7.65e-04 cos=+0.38 k=64 lam_top=-0.05 align=0.01
[E7] 78/3456 (185s) bert-base-uncased L0H6 sign=-0.21 symD=1 V=full p=0 steps=3264: speed0=3.77e-02 speedT=4.02e-08 cos=+1.00 k=1 lam_top=+0.15 align=1.00
[E7] 79/3456 (186s) bert-base-uncased L0H6 sign=-0.21 symD=1 V=full p=1 steps=3249: speed0=3.62e-02 speedT=4.02e-08 cos=+1.00 k=1 lam_top=+0.15 align=1.00
[E7] 80/3456 (188s) bert-base-uncased L0H6 sign=-0.21 symD=1 V=sym p=0 steps=3034: speed0=7.04e-02 speedT=2.54e-07 cos=+1.00 k=1 lam_top=+0.54 align=1.00
[E7] 81/3456 (189s) bert-base-uncased L0H5 sign=+0.92 symD=0 V=push p=1 steps=40391: speed0=7.55e-02 speedT=4.86e-03 cos=-0.00 k=46 lam_top=-0.08 align=0.25
[E7] 82/3456 (189s) bert-base-uncased L0H6 sign=-0.21 symD=1 V=sym p=1 steps=3021: speed0=7.15e-02 speedT=1.89e-07 cos=+1.00 k=1 lam_top=+0.54 align=1.00
[E7] 83/3456 (192s) bert-base-uncased L0H6 sign=-0.21 symD=1 V=push p=0 steps=4956: speed0=5.19e-02 speedT=5.49e-04 cos=+0.35 k=64 lam_top=-0.05 align=0.01
[E7] 84/3456 (195s) bert-base-uncased L0H6 sign=-0.21 symD=1 V=push p=1 steps=5811: speed0=5.38e-02 speedT=1.70e-03 cos=+0.29 k=64 lam_top=-0.05 align=0.01
[E7] 85/3456 (196s) bert-base-uncased L0H7 sign=+0.49 symD=0 V=sym p=0 steps=4332: speed0=1.68e-01 speedT=7.42e-07 cos=+1.00 k=1 lam_top=+0.51 align=1.00
[E7] 86/3456 (199s) bert-base-uncased L0H7 sign=+0.49 symD=0 V=sym p=1 steps=4391: speed0=1.72e-01 speedT=8.13e-07 cos=+1.00 k=1 lam_top=+0.51 align=1.00
[E7] 87/3456 (203s) bert-base-uncased L0H7 sign=+0.49 symD=0 V=full p=0 steps=15601: speed0=3.47e-02 speedT=3.03e-02 cos=+1.00 k=1 lam_top=+0.23 align=1.00
[E7] 88/3456 (204s) bert-base-uncased L0H7 sign=+0.49 symD=0 V=full p=1 steps=15665: speed0=3.05e-02 speedT=3.39e-02 cos=+1.00 k=1 lam_top=+0.23 align=1.00
[E7] 89/3456 (205s) bert-base-uncased L0H7 sign=+0.49 symD=0 V=push p=0 steps=10094: speed0=1.10e-01 speedT=1.37e-03 cos=+0.11 k=63 lam_top=-0.07 align=0.01
[E7] 90/3456 (207s) bert-base-uncased L0H7 sign=+0.49 symD=0 V=push p=1 steps=8755: speed0=1.16e-01 speedT=8.36e-04 cos=+0.05 k=58 lam_top=-0.07 align=0.01
[E7] 91/3456 (210s) bert-base-uncased L0H7 sign=+0.49 symD=1 V=sym p=0 steps=4313: speed0=1.66e-01 speedT=7.52e-07 cos=+1.00 k=1 lam_top=+0.51 align=1.00
[E7] 92/3456 (212s) bert-base-uncased L0H7 sign=+0.49 symD=1 V=sym p=1 steps=4373: speed0=1.69e-01 speedT=7.62e-07 cos=+1.00 k=1 lam_top=+0.51 align=1.00
[E7] 93/3456 (219s) bert-base-uncased L0H7 sign=+0.49 symD=1 V=push p=0 steps=8401: speed0=1.07e-01 speedT=2.01e-03 cos=+0.21 k=64 lam_top=-0.07 align=0.01
[E7] 94/3456 (220s) bert-base-uncased L0H7 sign=+0.49 symD=1 V=full p=0 steps=15593: speed0=3.40e-02 speedT=3.43e-02 cos=+1.00 k=1 lam_top=+0.23 align=1.00
[E7] 95/3456 (221s) bert-base-uncased L0H7 sign=+0.49 symD=1 V=full p=1 steps=15491: speed0=2.62e-02 speedT=3.33e-02 cos=+1.00 k=1 lam_top=+0.23 align=1.00
[E7] 96/3456 (223s) bert-base-uncased L0H7 sign=+0.49 symD=1 V=push p=1 steps=9325: speed0=1.12e-01 speedT=7.76e-04 cos=+0.17 k=64 lam_top=-0.07 align=0.01
[E7] 97/3456 (225s) bert-base-uncased L0H8 sign=+0.46 symD=0 V=sym p=0 steps=4193: speed0=1.51e-01 speedT=2.04e-07 cos=+1.00 k=1 lam_top=+0.53 align=1.00
[E7] 98/3456 (227s) bert-base-uncased L0H8 sign=+0.46 symD=0 V=sym p=1 steps=4282: speed0=1.52e-01 speedT=3.39e-07 cos=+1.00 k=1 lam_top=+0.53 align=1.00
[E7] 99/3456 (229s) bert-base-uncased L0H8 sign=+0.46 symD=0 V=full p=0 steps=10732: speed0=5.78e-02 speedT=2.08e-02 cos=+1.00 k=1 lam_top=+0.22 align=1.00
[E7] 100/3456 (229s) bert-base-uncased L0H8 sign=+0.46 symD=0 V=full p=1 steps=10761: speed0=6.01e-02 speedT=1.44e-02 cos=+1.00 k=1 lam_top=+0.22 align=1.00
[E7] 101/3456 (236s) bert-base-uncased L0H8 sign=+0.46 symD=0 V=push p=0 steps=12450: speed0=1.01e-01 speedT=3.52e-04 cos=-0.01 k=19 lam_top=-0.07 align=0.00
[E7] 102/3456 (240s) bert-base-uncased L0H8 sign=+0.46 symD=1 V=full p=0 steps=10750: speed0=5.63e-02 speedT=2.10e-02 cos=+1.00 k=1 lam_top=+0.22 align=1.00
[E7] 103/3456 (241s) bert-base-uncased L0H8 sign=+0.46 symD=1 V=full p=1 steps=10793: speed0=6.00e-02 speedT=1.51e-02 cos=+1.00 k=1 lam_top=+0.22 align=1.00
[E7] 104/3456 (241s) bert-base-uncased L0H8 sign=+0.46 symD=1 V=sym p=0 steps=4222: speed0=1.52e-01 speedT=2.04e-07 cos=+1.00 k=1 lam_top=+0.53 align=1.00
[E7] 105/3456 (243s) bert-base-uncased L0H8 sign=+0.46 symD=0 V=push p=1 steps=17969: speed0=1.06e-01 speedT=2.06e-03 cos=+0.01 k=29 lam_top=-0.07 align=0.02
[E7] 106/3456 (246s) bert-base-uncased L0H8 sign=+0.46 symD=1 V=sym p=1 steps=4305: speed0=1.53e-01 speedT=2.06e-07 cos=+1.00 k=1 lam_top=+0.53 align=1.00
[E7] 107/3456 (248s) bert-base-uncased L0H9 sign=+0.56 symD=0 V=full p=0 steps=5672: speed0=3.45e-02 speedT=2.08e-07 cos=+1.00 k=1 lam_top=+0.25 align=1.00
[E7] 108/3456 (251s) bert-base-uncased L0H9 sign=+0.56 symD=0 V=full p=1 steps=5897: speed0=4.21e-02 speedT=5.53e-08 cos=+1.00 k=1 lam_top=+0.25 align=1.00
[E7] 109/3456 (251s) bert-base-uncased L0H9 sign=+0.56 symD=0 V=sym p=0 steps=3191: speed0=9.31e-02 speedT=2.47e-07 cos=+1.00 k=1 lam_top=+0.42 align=1.00
[E7] 110/3456 (251s) bert-base-uncased L0H8 sign=+0.46 symD=1 V=push p=1 steps=9328: speed0=1.07e-01 speedT=6.31e-04 cos=+0.10 k=64 lam_top=-0.07 align=0.01
[E7] 111/3456 (251s) bert-base-uncased L0H8 sign=+0.46 symD=1 V=push p=0 steps=9958: speed0=1.02e-01 speedT=6.56e-04 cos=+0.06 k=64 lam_top=-0.07 align=0.01
[E7] 112/3456 (254s) bert-base-uncased L0H9 sign=+0.56 symD=0 V=sym p=1 steps=3223: speed0=9.75e-02 speedT=2.91e-07 cos=+1.00 k=1 lam_top=+0.42 align=1.00
[E7] 113/3456 (258s) bert-base-uncased L0H9 sign=+0.56 symD=1 V=full p=0 steps=6079: speed0=3.17e-02 speedT=7.08e-08 cos=+1.00 k=1 lam_top=+0.25 align=1.00
[E7] 114/3456 (259s) bert-base-uncased L0H9 sign=+0.56 symD=0 V=push p=0 steps=9590: speed0=6.81e-02 speedT=4.45e-04 cos=-0.01 k=18 lam_top=-0.06 align=0.00
[E7] 115/3456 (261s) bert-base-uncased L0H9 sign=+0.56 symD=1 V=full p=1 steps=6258: speed0=3.72e-02 speedT=2.03e-07 cos=+1.00 k=1 lam_top=+0.25 align=1.00
[E7] 116/3456 (262s) bert-base-uncased L0H9 sign=+0.56 symD=1 V=sym p=0 steps=3186: speed0=9.08e-02 speedT=3.06e-07 cos=+1.00 k=1 lam_top=+0.42 align=1.00
[E7] 117/3456 (264s) bert-base-uncased L0H9 sign=+0.56 symD=1 V=sym p=1 steps=3191: speed0=9.49e-02 speedT=2.44e-07 cos=+1.00 k=1 lam_top=+0.42 align=1.00
[E7] 118/3456 (268s) bert-base-uncased L0H9 sign=+0.56 symD=0 V=push p=1 steps=18996: speed0=7.17e-02 speedT=2.27e-03 cos=-0.01 k=16 lam_top=-0.06 align=0.01
[E7] 119/3456 (272s) bert-base-uncased L0H10 sign=+0.23 symD=0 V=full p=0 steps=9233: speed0=1.14e-01 speedT=8.01e-08 cos=+1.00 k=1 lam_top=+0.16 align=1.00
[E7] 120/3456 (273s) bert-base-uncased L0H9 sign=+0.56 symD=1 V=push p=0 steps=10661: speed0=6.58e-02 speedT=1.18e-03 cos=+0.09 k=64 lam_top=-0.06 align=0.01
[E7] 121/3456 (274s) bert-base-uncased L0H10 sign=+0.23 symD=0 V=full p=1 steps=6618: speed0=1.12e-01 speedT=8.48e-08 cos=+1.00 k=1 lam_top=+0.16 align=1.00
[E7] 122/3456 (275s) bert-base-uncased L0H9 sign=+0.56 symD=1 V=push p=1 steps=11363: speed0=6.93e-02 speedT=2.52e-03 cos=+0.09 k=64 lam_top=-0.06 align=0.01
[E7] 123/3456 (276s) bert-base-uncased L0H10 sign=+0.23 symD=0 V=sym p=0 steps=4276: speed0=1.26e-01 speedT=2.83e-07 cos=+1.00 k=1 lam_top=+0.51 align=1.00
[E7] 124/3456 (278s) bert-base-uncased L0H10 sign=+0.23 symD=0 V=sym p=1 steps=4264: speed0=1.28e-01 speedT=3.70e-07 cos=+1.00 k=1 lam_top=+0.51 align=1.00
[E7] 125/3456 (284s) bert-base-uncased L0H10 sign=+0.23 symD=1 V=full p=1 steps=5431: speed0=9.54e-02 speedT=3.36e-08 cos=+1.00 k=1 lam_top=+0.16 align=1.00
[E7] 126/3456 (288s) bert-base-uncased L0H10 sign=+0.23 symD=1 V=full p=0 steps=9788: speed0=9.26e-02 speedT=2.90e-07 cos=+1.00 k=1 lam_top=+0.16 align=1.00
[E7] 127/3456 (289s) bert-base-uncased L0H10 sign=+0.23 symD=0 V=push p=1 steps=15311: speed0=8.63e-02 speedT=8.10e-04 cos=-0.02 k=30 lam_top=-0.11 align=0.01
[E7] 128/3456 (289s) bert-base-uncased L0H10 sign=+0.23 symD=1 V=sym p=0 steps=4172: speed0=1.21e-01 speedT=2.94e-07 cos=+1.00 k=1 lam_top=+0.51 align=1.00
[E7] 129/3456 (293s) bert-base-uncased L0H10 sign=+0.23 symD=1 V=sym p=1 steps=4264: speed0=1.24e-01 speedT=3.17e-07 cos=+1.00 k=1 lam_top=+0.51 align=1.00
[E7] 130/3456 (299s) bert-base-uncased L0H10 sign=+0.23 symD=0 V=push p=0 steps=28085: speed0=8.50e-02 speedT=7.48e-04 cos=-0.01 k=9 lam_top=-0.11 align=0.03
[E7] 131/3456 (304s) bert-base-uncased L0H10 sign=+0.23 symD=1 V=push p=1 steps=13593: speed0=8.37e-02 speedT=8.39e-04 cos=+0.00 k=64 lam_top=-0.11 align=0.00
[E7] 132/3456 (309s) bert-base-uncased L0H11 sign=+0.92 symD=0 V=sym p=0 steps=5511: speed0=1.43e-01 speedT=3.29e-06 cos=+1.00 k=1 lam_top=+0.68 align=1.00
[E7] 133/3456 (310s) bert-base-uncased L0H10 sign=+0.23 symD=1 V=push p=0 steps=18467: speed0=8.17e-02 speedT=9.92e-05 cos=-0.01 k=63 lam_top=-0.11 align=0.00
[E7] 134/3456 (310s) bert-base-uncased L0H11 sign=+0.92 symD=0 V=full p=0 steps=18320: speed0=4.95e-02 speedT=4.42e-02 cos=+1.00 k=1 lam_top=+0.42 align=1.00
[E7] 135/3456 (315s) bert-base-uncased L0H11 sign=+0.92 symD=0 V=sym p=1 steps=5110: speed0=1.40e-01 speedT=1.81e-06 cos=+1.00 k=1 lam_top=+0.68 align=1.00
[E7] 136/3456 (315s) bert-base-uncased L0H11 sign=+0.92 symD=0 V=full p=1 steps=18034: speed0=4.54e-02 speedT=4.57e-02 cos=+1.00 k=1 lam_top=+0.42 align=1.00
[E7] 137/3456 (316s) bert-base-uncased L0H11 sign=+0.92 symD=0 V=push p=1 steps=6874: speed0=8.73e-02 speedT=1.55e-07 cos=+0.00 k=2 lam_top=-0.10 align=0.00
[E7] 138/3456 (316s) bert-base-uncased L0H11 sign=+0.92 symD=0 V=push p=0 steps=7574: speed0=8.57e-02 speedT=1.52e-07 cos=+0.03 k=2 lam_top=-0.10 align=0.00
[E7] 139/3456 (322s) bert-base-uncased L0H11 sign=+0.92 symD=1 V=sym p=1 steps=5248: speed0=1.39e-01 speedT=2.69e-06 cos=+1.00 k=1 lam_top=+0.68 align=1.00
[E7] 140/3456 (323s) bert-base-uncased L0H11 sign=+0.92 symD=1 V=sym p=0 steps=5406: speed0=1.42e-01 speedT=2.29e-06 cos=+1.00 k=1 lam_top=+0.68 align=1.00
[E7] 141/3456 (330s) bert-base-uncased L0H11 sign=+0.92 symD=1 V=push p=1 steps=7473: speed0=8.72e-02 speedT=1.49e-07 cos=+0.08 k=2 lam_top=-0.10 align=0.00
[E7] 142/3456 (331s) bert-base-uncased L0H11 sign=+0.92 symD=1 V=push p=0 steps=8309: speed0=8.53e-02 speedT=1.54e-07 cos=+0.01 k=2 lam_top=-0.10 align=0.00
[E7] 143/3456 (335s) bert-base-uncased L0H11 sign=+0.92 symD=1 V=full p=0 steps=18477: speed0=4.59e-02 speedT=4.34e-02 cos=+1.00 k=1 lam_top=+0.42 align=1.00
[E7] 144/3456 (337s) bert-base-uncased L0H11 sign=+0.92 symD=1 V=full p=1 steps=18285: speed0=4.13e-02 speedT=4.14e-02 cos=+1.00 k=1 lam_top=+0.42 align=1.00
[E7] 145/3456 (339s) bert-base-uncased L1H0 sign=-0.55 symD=0 V=sym p=0 steps=3501: speed0=9.13e-02 speedT=2.03e-07 cos=+1.00 k=1 lam_top=+0.49 align=1.00
[E7] 146/3456 (341s) bert-base-uncased L1H0 sign=-0.55 symD=0 V=sym p=1 steps=4057: speed0=1.09e-01 speedT=2.74e-07 cos=+1.00 k=1 lam_top=+0.49 align=1.00
[E7] 147/3456 (349s) bert-base-uncased L1H0 sign=-0.55 symD=0 V=push p=0 steps=10600: speed0=6.41e-02 speedT=1.19e-05 cos=+0.03 k=7 lam_top=-0.09 align=0.00
[E7] 148/3456 (350s) bert-base-uncased L1H0 sign=-0.55 symD=0 V=full p=0 steps=22197: speed0=5.91e-02 speedT=1.35e-02 cos=+1.00 k=1 lam_top=+0.10 align=1.00
[E7] 149/3456 (353s) bert-base-uncased L1H0 sign=-0.55 symD=0 V=push p=1 steps=13053: speed0=7.71e-02 speedT=9.77e-08 cos=-0.01 k=2 lam_top=-0.09 align=0.00
[E7] 150/3456 (354s) bert-base-uncased L1H0 sign=-0.55 symD=0 V=full p=1 steps=24182: speed0=6.15e-02 speedT=3.77e-02 cos=+1.00 k=1 lam_top=+0.10 align=1.00
[E7] 151/3456 (357s) bert-base-uncased L1H0 sign=-0.55 symD=1 V=sym p=0 steps=3466: speed0=8.69e-02 speedT=3.60e-07 cos=+1.00 k=1 lam_top=+0.49 align=1.00
[E7] 152/3456 (359s) bert-base-uncased L1H0 sign=-0.55 symD=1 V=sym p=1 steps=4083: speed0=9.66e-02 speedT=2.82e-07 cos=+1.00 k=1 lam_top=+0.49 align=1.00
[E7] 153/3456 (367s) bert-base-uncased L1H0 sign=-0.55 symD=1 V=push p=0 steps=9634: speed0=6.05e-02 speedT=1.06e-07 cos=-0.01 k=2 lam_top=-0.09 align=0.00
[E7] 154/3456 (369s) bert-base-uncased L1H0 sign=-0.55 symD=1 V=push p=1 steps=8293: speed0=6.76e-02 speedT=1.39e-07 cos=-0.01 k=2 lam_top=-0.09 align=0.00
[E7] 155/3456 (373s) bert-base-uncased L1H0 sign=-0.55 symD=1 V=full p=0 steps=22257: speed0=5.41e-02 speedT=1.32e-02 cos=+1.00 k=1 lam_top=+0.10 align=1.00
[E7] 156/3456 (377s) bert-base-uncased L1H1 sign=+0.13 symD=0 V=sym p=0 steps=4255: speed0=9.77e-02 speedT=3.64e-07 cos=+1.00 k=1 lam_top=+0.52 align=1.00
[E7] 157/3456 (378s) bert-base-uncased L1H0 sign=-0.55 symD=1 V=full p=1 steps=24476: speed0=5.65e-02 speedT=1.99e-02 cos=+1.00 k=1 lam_top=+0.10 align=1.00
[E7] 158/3456 (382s) bert-base-uncased L1H1 sign=+0.13 symD=0 V=sym p=1 steps=4618: speed0=9.77e-02 speedT=2.81e-07 cos=+1.00 k=1 lam_top=+0.52 align=1.00
[E7] 159/3456 (404s) bert-base-uncased L1H1 sign=+0.13 symD=0 V=push p=1 steps=24897: speed0=6.03e-02 speedT=1.03e-03 cos=-0.01 k=9 lam_top=-0.11 align=0.00
[E7] 160/3456 (404s) bert-base-uncased L1H1 sign=+0.13 symD=0 V=push p=0 steps=30547: speed0=6.10e-02 speedT=4.65e-04 cos=-0.02 k=6 lam_top=-0.11 align=0.00
[E7] 161/3456 (408s) bert-base-uncased L1H1 sign=+0.13 symD=0 V=full p=0 steps=45934: speed0=1.53e-01 speedT=1.96e-02 cos=+1.00 k=1 lam_top=+0.17 align=1.00
[E7] 162/3456 (412s) bert-base-uncased L1H1 sign=+0.13 symD=0 V=full p=1 steps=45896: speed0=1.58e-01 speedT=8.49e-02 cos=+1.00 k=1 lam_top=+0.17 align=1.00
[E7] 163/3456 (415s) bert-base-uncased L1H1 sign=+0.13 symD=1 V=sym p=0 steps=4894: speed0=8.23e-02 speedT=1.84e-07 cos=+1.00 k=1 lam_top=+0.52 align=1.00
[E7] 164/3456 (419s) bert-base-uncased L1H1 sign=+0.13 symD=1 V=sym p=1 steps=5461: speed0=8.37e-02 speedT=2.74e-07 cos=+1.00 k=1 lam_top=+0.52 align=1.00
[E7] 165/3456 (430s) bert-base-uncased L1H1 sign=+0.13 symD=1 V=push p=0 steps=14260: speed0=4.94e-02 speedT=2.81e-04 cos=-0.01 k=38 lam_top=-0.11 align=0.00
[E7] 166/3456 (434s) bert-base-uncased L1H2 sign=-0.21 symD=0 V=full p=0 steps=4173: speed0=2.91e-02 speedT=1.01e-07 cos=+1.00 k=1 lam_top=+0.35 align=1.00
[E7] 167/3456 (434s) bert-base-uncased L1H1 sign=+0.13 symD=1 V=push p=1 steps=13065: speed0=4.97e-02 speedT=3.16e-04 cos=-0.01 k=54 lam_top=-0.11 align=0.00
[E7] 168/3456 (436s) bert-base-uncased L1H2 sign=-0.21 symD=0 V=full p=1 steps=2929: speed0=3.30e-02 speedT=6.87e-08 cos=+1.00 k=1 lam_top=+0.35 align=1.00
[E7] 169/3456 (438s) bert-base-uncased L1H2 sign=-0.21 symD=0 V=sym p=0 steps=3211: speed0=4.07e-02 speedT=3.30e-07 cos=+1.00 k=1 lam_top=+0.72 align=1.00
[E7] 170/3456 (440s) bert-base-uncased L1H2 sign=-0.21 symD=0 V=sym p=1 steps=3614: speed0=3.95e-02 speedT=2.83e-07 cos=+1.00 k=1 lam_top=+0.72 align=1.00
[E7] 171/3456 (444s) bert-base-uncased L1H2 sign=-0.21 symD=0 V=push p=0 steps=6418: speed0=2.96e-02 speedT=3.27e-07 cos=+0.60 k=2 lam_top=-0.06 align=0.00
[E7] 172/3456 (446s) bert-base-uncased L1H2 sign=-0.21 symD=0 V=push p=1 steps=5895: speed0=3.18e-02 speedT=1.02e-07 cos=+0.51 k=2 lam_top=-0.06 align=0.00
[E7] 173/3456 (447s) bert-base-uncased L1H2 sign=-0.21 symD=1 V=full p=0 steps=2675: speed0=3.19e-02 speedT=8.94e-08 cos=+1.00 k=1 lam_top=+0.35 align=1.00
[E7] 174/3456 (449s) bert-base-uncased L1H2 sign=-0.21 symD=1 V=full p=1 steps=2943: speed0=3.19e-02 speedT=9.74e-08 cos=+1.00 k=1 lam_top=+0.35 align=1.00
[E7] 175/3456 (451s) bert-base-uncased L1H2 sign=-0.21 symD=1 V=sym p=0 steps=3250: speed0=4.34e-02 speedT=3.23e-07 cos=+1.00 k=1 lam_top=+0.72 align=1.00
[E7] 176/3456 (454s) bert-base-uncased L1H2 sign=-0.21 symD=1 V=sym p=1 steps=3328: speed0=3.96e-02 speedT=3.06e-07 cos=+1.00 k=1 lam_top=+0.72 align=1.00
[E7] 177/3456 (455s) bert-base-uncased L1H1 sign=+0.13 symD=1 V=full p=1 steps=45821: speed0=1.31e-01 speedT=2.08e-02 cos=+1.00 k=1 lam_top=+0.17 align=1.00
[E7] 178/3456 (455s) bert-base-uncased L1H1 sign=+0.13 symD=1 V=full p=0 steps=45927: speed0=1.23e-01 speedT=1.90e-02 cos=+1.00 k=1 lam_top=+0.17 align=1.00
[E7] 179/3456 (457s) bert-base-uncased L1H2 sign=-0.21 symD=1 V=push p=0 steps=5821: speed0=2.86e-02 speedT=1.93e-07 cos=+0.10 k=2 lam_top=-0.06 align=0.00
[E7] 180/3456 (460s) bert-base-uncased L1H3 sign=+0.78 symD=0 V=sym p=0 steps=3343: speed0=5.36e-02 speedT=2.99e-07 cos=+1.00 k=1 lam_top=+0.68 align=1.00
[E7] 181/3456 (460s) bert-base-uncased L1H2 sign=-0.21 symD=1 V=push p=1 steps=6033: speed0=3.16e-02 speedT=3.28e-07 cos=+0.38 k=2 lam_top=-0.06 align=0.00
[E7] 182/3456 (464s) bert-base-uncased L1H3 sign=+0.78 symD=0 V=sym p=1 steps=3596: speed0=4.13e-02 speedT=3.34e-07 cos=+1.00 k=1 lam_top=+0.68 align=1.00
[E7] 183/3456 (466s) bert-base-uncased L1H3 sign=+0.78 symD=0 V=push p=0 steps=6871: speed0=2.69e-02 speedT=2.54e-07 cos=+0.06 k=2 lam_top=-0.04 align=0.00
[E7] 184/3456 (470s) bert-base-uncased L1H3 sign=+0.78 symD=0 V=push p=1 steps=7238: speed0=2.28e-02 speedT=2.66e-07 cos=+0.06 k=2 lam_top=-0.04 align=0.00
[E7] 185/3456 (470s) bert-base-uncased L1H3 sign=+0.78 symD=0 V=full p=0 steps=16490: speed0=3.83e-02 speedT=1.34e-02 cos=+1.00 k=1 lam_top=+0.23 align=1.00
[E7] 186/3456 (471s) bert-base-uncased L1H3 sign=+0.78 symD=0 V=full p=1 steps=17279: speed0=3.27e-02 speedT=3.50e-02 cos=+1.00 k=1 lam_top=+0.23 align=1.00
[E7] 187/3456 (475s) bert-base-uncased L1H3 sign=+0.78 symD=1 V=sym p=0 steps=3424: speed0=5.22e-02 speedT=3.77e-07 cos=+1.00 k=1 lam_top=+0.68 align=1.00
[E7] 188/3456 (476s) bert-base-uncased L1H3 sign=+0.78 symD=1 V=sym p=1 steps=3707: speed0=4.11e-02 speedT=3.31e-07 cos=+1.00 k=1 lam_top=+0.68 align=1.00
[E7] 189/3456 (482s) bert-base-uncased L1H3 sign=+0.78 symD=1 V=push p=0 steps=6660: speed0=2.69e-02 speedT=2.17e-07 cos=-0.01 k=2 lam_top=-0.04 align=0.00
[E7] 190/3456 (483s) bert-base-uncased L1H3 sign=+0.78 symD=1 V=push p=1 steps=6740: speed0=2.28e-02 speedT=2.12e-07 cos=+0.01 k=2 lam_top=-0.04 align=0.00
[E7] 191/3456 (485s) bert-base-uncased L1H3 sign=+0.78 symD=1 V=full p=0 steps=16305: speed0=3.56e-02 speedT=1.32e-02 cos=+1.00 k=1 lam_top=+0.23 align=1.00
[E7] 192/3456 (487s) bert-base-uncased L1H4 sign=+0.07 symD=0 V=full p=0 steps=6356: speed0=1.51e-01 speedT=6.35e-08 cos=+1.00 k=1 lam_top=+0.16 align=1.00
[E7] 193/3456 (489s) bert-base-uncased L1H4 sign=+0.07 symD=0 V=full p=1 steps=5647: speed0=1.60e-01 speedT=5.31e-08 cos=+1.00 k=1 lam_top=+0.16 align=1.00
[E7] 194/3456 (489s) bert-base-uncased L1H3 sign=+0.78 symD=1 V=full p=1 steps=17263: speed0=3.21e-02 speedT=3.01e-02 cos=+1.00 k=1 lam_top=+0.23 align=1.00
[E7] 195/3456 (490s) bert-base-uncased L1H4 sign=+0.07 symD=0 V=sym p=0 steps=4602: speed0=1.06e-01 speedT=3.08e-07 cos=+1.00 k=1 lam_top=+0.48 align=1.00
[E7] 196/3456 (493s) bert-base-uncased L1H4 sign=+0.07 symD=0 V=sym p=1 steps=4718: speed0=1.08e-01 speedT=3.18e-07 cos=+1.00 k=1 lam_top=+0.48 align=1.00
[E7] 197/3456 (497s) bert-base-uncased L1H4 sign=+0.07 symD=1 V=full p=0 steps=5834: speed0=1.11e-01 speedT=2.13e-07 cos=+0.01 k=2 lam_top=+0.16 align=1.00
[E7] 198/3456 (498s) bert-base-uncased L1H4 sign=+0.07 symD=1 V=full p=1 steps=5031: speed0=1.18e-01 speedT=4.39e-08 cos=+1.00 k=1 lam_top=+0.16 align=1.00
[E7] 199/3456 (503s) bert-base-uncased L1H4 sign=+0.07 symD=1 V=sym p=0 steps=4458: speed0=8.73e-02 speedT=2.97e-07 cos=+1.00 k=1 lam_top=+0.48 align=1.00
[E7] 200/3456 (504s) bert-base-uncased L1H4 sign=+0.07 symD=1 V=sym p=1 steps=4594: speed0=8.86e-02 speedT=2.81e-07 cos=+1.00 k=1 lam_top=+0.48 align=1.00
[E7] 201/3456 (510s) bert-base-uncased L1H4 sign=+0.07 symD=0 V=push p=1 steps=23315: speed0=7.38e-02 speedT=1.30e-03 cos=+0.01 k=38 lam_top=-0.08 align=0.01
[E7] 202/3456 (515s) bert-base-uncased L1H4 sign=+0.07 symD=0 V=push p=0 steps=30570: speed0=7.34e-02 speedT=2.36e-03 cos=-0.00 k=55 lam_top=-0.08 align=0.01
[E7] 203/3456 (515s) bert-base-uncased L1H5 sign=-0.20 symD=0 V=full p=0 steps=6050: speed0=5.27e-02 speedT=8.56e-04 cos=+1.00 k=1 lam_top=+0.18 align=1.00
[E7] 204/3456 (516s) bert-base-uncased L1H4 sign=+0.07 symD=1 V=push p=0 steps=12197: speed0=5.89e-02 speedT=4.06e-04 cos=+0.06 k=64 lam_top=-0.08 align=0.00
[E7] 205/3456 (518s) bert-base-uncased L1H4 sign=+0.07 symD=1 V=push p=1 steps=11960: speed0=5.88e-02 speedT=3.48e-03 cos=+0.10 k=64 lam_top=-0.08 align=0.01
[E7] 206/3456 (520s) bert-base-uncased L1H5 sign=-0.20 symD=0 V=sym p=0 steps=4097: speed0=6.86e-02 speedT=2.45e-07 cos=+1.00 k=1 lam_top=+0.58 align=1.00
[E7] 207/3456 (521s) bert-base-uncased L1H5 sign=-0.20 symD=0 V=full p=1 steps=6639: speed0=5.94e-02 speedT=4.62e-04 cos=+1.00 k=1 lam_top=+0.18 align=1.00
[E7] 208/3456 (521s) bert-base-uncased L1H5 sign=-0.20 symD=0 V=sym p=1 steps=4131: speed0=7.67e-02 speedT=2.03e-07 cos=+1.00 k=1 lam_top=+0.58 align=1.00
[E7] 209/3456 (528s) bert-base-uncased L1H5 sign=-0.20 symD=1 V=full p=1 steps=5978: speed0=5.44e-02 speedT=5.03e-04 cos=+1.00 k=1 lam_top=+0.18 align=1.00
[E7] 210/3456 (529s) bert-base-uncased L1H5 sign=-0.20 symD=1 V=full p=0 steps=8310: speed0=4.49e-02 speedT=2.61e-04 cos=+1.00 k=1 lam_top=+0.18 align=1.00
[E7] 211/3456 (533s) bert-base-uncased L1H5 sign=-0.20 symD=1 V=sym p=0 steps=4068: speed0=6.63e-02 speedT=2.22e-07 cos=+1.00 k=1 lam_top=+0.58 align=1.00
[E7] 212/3456 (534s) bert-base-uncased L1H5 sign=-0.20 symD=1 V=sym p=1 steps=4092: speed0=7.45e-02 speedT=3.31e-07 cos=+1.00 k=1 lam_top=+0.58 align=1.00
[E7] 213/3456 (535s) bert-base-uncased L1H5 sign=-0.20 symD=0 V=push p=0 steps=18733: speed0=4.58e-02 speedT=2.81e-04 cos=-0.01 k=6 lam_top=-0.11 align=0.00
[E7] 214/3456 (540s) bert-base-uncased L1H6 sign=-0.42 symD=0 V=full p=0 steps=5736: speed0=9.76e-02 speedT=4.35e-08 cos=+1.00 k=1 lam_top=+0.24 align=1.00
[E7] 215/3456 (546s) bert-base-uncased L1H6 sign=-0.42 symD=0 V=full p=1 steps=6279: speed0=1.01e-01 speedT=4.95e-08 cos=+1.00 k=1 lam_top=+0.24 align=1.00
[E7] 216/3456 (551s) bert-base-uncased L1H6 sign=-0.42 symD=0 V=sym p=0 steps=4159: speed0=7.46e-02 speedT=3.84e-07 cos=+1.00 k=1 lam_top=+0.44 align=1.00
[E7] 217/3456 (552s) bert-base-uncased L1H5 sign=-0.20 symD=0 V=push p=1 steps=35909: speed0=4.83e-02 speedT=1.87e-03 cos=-0.01 k=2 lam_top=-0.11 align=0.00
[E7] 218/3456 (555s) bert-base-uncased L1H6 sign=-0.42 symD=0 V=sym p=1 steps=3929: speed0=7.36e-02 speedT=3.54e-07 cos=+1.00 k=1 lam_top=+0.44 align=1.00
[E7] 219/3456 (563s) bert-base-uncased L1H5 sign=-0.20 symD=1 V=push p=0 steps=27620: speed0=4.20e-02 speedT=1.37e-03 cos=+0.03 k=2 lam_top=-0.11 align=0.00
[E7] 220/3456 (566s) bert-base-uncased L1H5 sign=-0.20 symD=1 V=push p=1 steps=27545: speed0=4.35e-02 speedT=1.45e-08 cos=-0.02 k=12 lam_top=-0.11 align=0.00
[E7] 221/3456 (571s) bert-base-uncased L1H6 sign=-0.42 symD=1 V=full p=0 steps=6276: speed0=9.60e-02 speedT=4.28e-08 cos=+1.00 k=1 lam_top=+0.24 align=1.00
[E7] 222/3456 (571s) bert-base-uncased L1H6 sign=-0.42 symD=1 V=full p=1 steps=5141: speed0=9.82e-02 speedT=4.45e-08 cos=+1.00 k=1 lam_top=+0.24 align=1.00
[E7] 223/3456 (575s) bert-base-uncased L1H6 sign=-0.42 symD=1 V=sym p=1 steps=3701: speed0=7.36e-02 speedT=3.87e-07 cos=+1.00 k=1 lam_top=+0.44 align=1.00
[E7] 224/3456 (576s) bert-base-uncased L1H6 sign=-0.42 symD=1 V=sym p=0 steps=4168: speed0=7.60e-02 speedT=3.55e-07 cos=+1.00 k=1 lam_top=+0.44 align=1.00
[E7] 225/3456 (584s) bert-base-uncased L1H6 sign=-0.42 symD=0 V=push p=0 steps=37259: speed0=5.85e-02 speedT=4.73e-05 cos=+0.01 k=2 lam_top=-0.03 align=0.00
[E7] 226/3456 (585s) bert-base-uncased L1H6 sign=-0.42 symD=0 V=push p=1 steps=34546: speed0=5.52e-02 speedT=3.52e-04 cos=-0.02 k=7 lam_top=-0.03 align=0.00
[E7] 227/3456 (589s) bert-base-uncased L1H7 sign=+0.64 symD=0 V=full p=0 steps=4802: speed0=3.68e-02 speedT=7.85e-03 cos=+1.00 k=1 lam_top=+0.39 align=1.00
[E7] 228/3456 (591s) bert-base-uncased L1H7 sign=+0.64 symD=0 V=full p=1 steps=5800: speed0=4.27e-02 speedT=8.47e-04 cos=+1.00 k=1 lam_top=+0.39 align=1.00
[E7] 229/3456 (593s) bert-base-uncased L1H7 sign=+0.64 symD=0 V=sym p=0 steps=3769: speed0=7.85e-02 speedT=3.03e-07 cos=+1.00 k=1 lam_top=+0.71 align=1.00
[E7] 230/3456 (595s) bert-base-uncased L1H7 sign=+0.64 symD=0 V=sym p=1 steps=3731: speed0=6.74e-02 speedT=3.52e-07 cos=+1.00 k=1 lam_top=+0.71 align=1.00
[E7] 231/3456 (597s) bert-base-uncased L1H6 sign=-0.42 symD=1 V=push p=1 steps=20587: speed0=5.56e-02 speedT=1.89e-04 cos=-0.01 k=40 lam_top=-0.03 align=0.00
[E7] 232/3456 (602s) bert-base-uncased L1H7 sign=+0.64 symD=0 V=push p=0 steps=10449: speed0=4.48e-02 speedT=5.06e-04 cos=-0.02 k=5 lam_top=-0.04 align=0.00
[E7] 233/3456 (603s) bert-base-uncased L1H7 sign=+0.64 symD=1 V=full p=0 steps=4759: speed0=4.12e-02 speedT=8.57e-03 cos=+1.00 k=1 lam_top=+0.39 align=1.00
[E7] 234/3456 (608s) bert-base-uncased L1H7 sign=+0.64 symD=1 V=full p=1 steps=5458: speed0=4.49e-02 speedT=1.20e-03 cos=+1.00 k=1 lam_top=+0.39 align=1.00
[E7] 235/3456 (608s) bert-base-uncased L1H7 sign=+0.64 symD=1 V=sym p=0 steps=3829: speed0=8.06e-02 speedT=3.57e-07 cos=+1.00 k=1 lam_top=+0.71 align=1.00
[E7] 236/3456 (609s) bert-base-uncased L1H7 sign=+0.64 symD=0 V=push p=1 steps=15515: speed0=3.88e-02 speedT=6.24e-04 cos=-0.01 k=16 lam_top=-0.04 align=0.00
[E7] 237/3456 (610s) bert-base-uncased L1H6 sign=-0.42 symD=1 V=push p=0 steps=32402: speed0=6.01e-02 speedT=8.02e-05 cos=-0.02 k=7 lam_top=-0.03 align=0.00
[E7] 238/3456 (613s) bert-base-uncased L1H7 sign=+0.64 symD=1 V=sym p=1 steps=3683: speed0=6.89e-02 speedT=4.73e-07 cos=+1.00 k=1 lam_top=+0.71 align=1.00
[E7] 239/3456 (619s) bert-base-uncased L1H7 sign=+0.64 symD=1 V=push p=1 steps=9090: speed0=3.77e-02 speedT=3.29e-04 cos=-0.01 k=50 lam_top=-0.04 align=0.00
[E7] 240/3456 (621s) bert-base-uncased L1H7 sign=+0.64 symD=1 V=push p=0 steps=11773: speed0=4.27e-02 speedT=1.84e-04 cos=-0.01 k=34 lam_top=-0.04 align=0.00
[E7] 241/3456 (622s) bert-base-uncased L1H8 sign=-0.91 symD=0 V=sym p=0 steps=3659: speed0=5.79e-02 speedT=3.12e-07 cos=+1.00 k=1 lam_top=+0.39 align=1.00
[E7] 242/3456 (624s) bert-base-uncased L1H8 sign=-0.91 symD=0 V=full p=0 steps=15383: speed0=7.13e-02 speedT=9.09e-03 cos=+1.00 k=1 lam_top=+0.07 align=1.00
[E7] 243/3456 (625s) bert-base-uncased L1H8 sign=-0.91 symD=0 V=sym p=1 steps=3993: speed0=5.43e-02 speedT=3.00e-07 cos=+1.00 k=1 lam_top=+0.39 align=1.00
[E7] 244/3456 (627s) bert-base-uncased L1H8 sign=-0.91 symD=0 V=full p=1 steps=15604: speed0=5.84e-02 speedT=9.44e-03 cos=+1.00 k=1 lam_top=+0.07 align=1.00
[E7] 245/3456 (643s) bert-base-uncased L1H8 sign=-0.91 symD=1 V=full p=0 steps=15575: speed0=6.02e-02 speedT=9.08e-03 cos=+1.00 k=1 lam_top=+0.07 align=1.00
[E7] 246/3456 (643s) bert-base-uncased L1H8 sign=-0.91 symD=1 V=full p=1 steps=15345: speed0=5.41e-02 speedT=1.06e-02 cos=+1.00 k=1 lam_top=+0.07 align=1.00
[E7] 247/3456 (647s) bert-base-uncased L1H8 sign=-0.91 symD=0 V=push p=1 steps=26474: speed0=4.99e-02 speedT=2.05e-03 cos=-0.02 k=6 lam_top=-0.08 align=0.00
[E7] 248/3456 (648s) bert-base-uncased L1H8 sign=-0.91 symD=1 V=sym p=0 steps=3695: speed0=5.35e-02 speedT=2.27e-07 cos=+1.00 k=1 lam_top=+0.39 align=1.00
[E7] 249/3456 (648s) bert-base-uncased L1H8 sign=-0.91 symD=1 V=sym p=1 steps=3919: speed0=5.16e-02 speedT=3.39e-07 cos=+1.00 k=1 lam_top=+0.39 align=1.00
[E7] 250/3456 (653s) bert-base-uncased L1H9 sign=-0.94 symD=0 V=full p=0 steps=5833: speed0=8.98e-02 speedT=9.00e-08 cos=+0.06 k=2 lam_top=+0.04 align=0.12
[E7] 251/3456 (654s) bert-base-uncased L1H8 sign=-0.91 symD=0 V=push p=0 steps=35921: speed0=5.33e-02 speedT=1.53e-02 cos=-0.01 k=8 lam_top=-0.08 align=0.00
[E7] 252/3456 (657s) bert-base-uncased L1H9 sign=-0.94 symD=0 V=full p=1 steps=3896: speed0=9.19e-02 speedT=2.89e-08 cos=+1.00 k=1 lam_top=+0.04 align=1.00
[E7] 253/3456 (657s) bert-base-uncased L1H9 sign=-0.94 symD=0 V=sym p=0 steps=3380: speed0=5.87e-02 speedT=3.90e-07 cos=+1.00 k=1 lam_top=+0.49 align=1.00
[E7] 254/3456 (660s) bert-base-uncased L1H9 sign=-0.94 symD=0 V=sym p=1 steps=3292: speed0=6.40e-02 speedT=4.74e-07 cos=+1.00 k=1 lam_top=+0.49 align=1.00
[E7] 255/3456 (661s) bert-base-uncased L1H8 sign=-0.91 symD=1 V=push p=1 steps=13515: speed0=4.68e-02 speedT=1.25e-04 cos=-0.01 k=39 lam_top=-0.08 align=0.00
[E7] 256/3456 (666s) bert-base-uncased L1H9 sign=-0.94 symD=1 V=full p=0 steps=4041: speed0=7.11e-02 speedT=5.69e-08 cos=+1.00 k=1 lam_top=+0.04 align=1.00
[E7] 257/3456 (670s) bert-base-uncased L1H9 sign=-0.94 symD=1 V=full p=1 steps=3748: speed0=6.99e-02 speedT=1.28e-07 cos=+1.00 k=1 lam_top=+0.04 align=1.00
[E7] 258/3456 (671s) bert-base-uncased L1H8 sign=-0.91 symD=1 V=push p=0 steps=21507: speed0=4.85e-02 speedT=7.06e-04 cos=-0.01 k=37 lam_top=-0.08 align=0.00
[E7] 259/3456 (675s) bert-base-uncased L1H9 sign=-0.94 symD=1 V=sym p=0 steps=3310: speed0=5.17e-02 speedT=2.52e-07 cos=+1.00 k=1 lam_top=+0.49 align=1.00
[E7] 260/3456 (675s) bert-base-uncased L1H9 sign=-0.94 symD=1 V=sym p=1 steps=3281: speed0=5.39e-02 speedT=3.53e-07 cos=+1.00 k=1 lam_top=+0.49 align=1.00
[E7] 261/3456 (679s) bert-base-uncased L1H9 sign=-0.94 symD=0 V=push p=0 steps=24558: speed0=4.65e-02 speedT=1.03e-03 cos=-0.01 k=12 lam_top=-0.06 align=0.01
[E7] 262/3456 (685s) bert-base-uncased L1H9 sign=-0.94 symD=0 V=push p=1 steps=27856: speed0=5.38e-02 speedT=1.07e-02 cos=-0.01 k=9 lam_top=-0.06 align=0.03
[E7] 263/3456 (697s) bert-base-uncased L1H9 sign=-0.94 symD=1 V=push p=0 steps=20312: speed0=3.89e-02 speedT=4.03e-04 cos=-0.02 k=25 lam_top=-0.06 align=0.00
[E7] 264/3456 (706s) bert-base-uncased L1H10 sign=-0.02 symD=0 V=sym p=0 steps=7372: speed0=8.97e-02 speedT=2.08e-07 cos=+1.00 k=1 lam_top=+0.67 align=1.00
[E7] 265/3456 (710s) bert-base-uncased L1H9 sign=-0.94 symD=1 V=push p=1 steps=32274: speed0=4.22e-02 speedT=1.57e-06 cos=-0.02 k=46 lam_top=-0.06 align=0.00
[E7] 266/3456 (714s) bert-base-uncased L1H10 sign=-0.02 symD=0 V=sym p=1 steps=7438: speed0=9.14e-02 speedT=2.12e-07 cos=+1.00 k=1 lam_top=+0.67 align=1.00
[E7] 267/3456 (721s) bert-base-uncased L1H10 sign=-0.02 symD=0 V=push p=1 steps=7537: speed0=4.59e-02 speedT=1.85e-07 cos=-0.02 k=2 lam_top=-0.06 align=0.00
[E7] 268/3456 (732s) bert-base-uncased L1H10 sign=-0.02 symD=0 V=push p=0 steps=24369: speed0=4.47e-02 speedT=4.31e-06 cos=-0.01 k=2 lam_top=-0.06 align=0.00
[E7] 269/3456 (794s) bert-base-uncased L1H10 sign=-0.02 symD=0 V=full p=0 steps=123866: speed0=7.90e-02 speedT=1.11e-01 cos=+0.83 k=2 lam_top=+0.45 align=1.00
[E7] 270/3456 (803s) bert-base-uncased L1H10 sign=-0.02 symD=0 V=full p=1 steps=131221: speed0=8.67e-02 speedT=1.46e-01 cos=+0.21 k=3 lam_top=+0.45 align=1.00
[E7] 271/3456 (804s) bert-base-uncased L1H10 sign=-0.02 symD=1 V=sym p=0 steps=7039: speed0=8.82e-02 speedT=2.26e-07 cos=+0.51 k=2 lam_top=+0.67 align=1.00
[E7] 272/3456 (813s) bert-base-uncased L1H10 sign=-0.02 symD=1 V=sym p=1 steps=8077: speed0=8.92e-02 speedT=2.62e-07 cos=+1.00 k=1 lam_top=+0.67 align=1.00
[E7] 273/3456 (837s) bert-base-uncased L1H10 sign=-0.02 symD=1 V=push p=0 steps=28820: speed0=4.32e-02 speedT=1.59e-04 cos=-0.01 k=2 lam_top=-0.06 align=0.00
[E7] 274/3456 (844s) bert-base-uncased L1H11 sign=-0.75 symD=0 V=full p=0 steps=7376: speed0=7.22e-02 speedT=1.92e-07 cos=+0.06 k=2 lam_top=+0.07 align=0.03
[E7] 275/3456 (844s) bert-base-uncased L1H10 sign=-0.02 symD=1 V=full p=1 steps=99160: speed0=8.38e-02 speedT=1.73e-01 cos=+0.07 k=2 lam_top=+0.45 align=1.00
[E7] 276/3456 (853s) bert-base-uncased L1H11 sign=-0.75 symD=0 V=full p=1 steps=9162: speed0=7.69e-02 speedT=2.25e-07 cos=+0.03 k=2 lam_top=+0.07 align=0.03
[E7] 277/3456 (854s) bert-base-uncased L1H11 sign=-0.75 symD=0 V=sym p=0 steps=8153: speed0=5.74e-02 speedT=4.02e-07 cos=+0.27 k=2 lam_top=+0.26 align=0.00
[E7] 278/3456 (857s) bert-base-uncased L1H10 sign=-0.02 symD=1 V=push p=1 steps=39543: speed0=4.40e-02 speedT=3.18e-04 cos=+0.02 k=2 lam_top=-0.06 align=0.00
[E7] 279/3456 (858s) bert-base-uncased L1H11 sign=-0.75 symD=0 V=sym p=1 steps=4964: speed0=5.85e-02 speedT=2.81e-07 cos=+1.00 k=1 lam_top=+0.26 align=1.00
[E7] 280/3456 (861s) bert-base-uncased L1H10 sign=-0.02 symD=1 V=full p=0 steps=123030: speed0=7.57e-02 speedT=6.88e-02 cos=+0.84 k=2 lam_top=+0.45 align=1.00
[E7] 281/3456 (864s) bert-base-uncased L1H11 sign=-0.75 symD=0 V=push p=0 steps=11406: speed0=4.95e-02 speedT=1.94e-07 cos=+0.03 k=18 lam_top=-0.04 align=0.00
[E7] 282/3456 (866s) bert-base-uncased L1H11 sign=-0.75 symD=0 V=push p=1 steps=9411: speed0=5.07e-02 speedT=2.47e-07 cos=-0.01 k=5 lam_top=-0.04 align=0.00
[E7] 283/3456 (867s) bert-base-uncased L1H11 sign=-0.75 symD=1 V=full p=0 steps=7721: speed0=7.83e-02 speedT=2.76e-07 cos=+0.05 k=2 lam_top=+0.07 align=0.03
[E7] 284/3456 (871s) bert-base-uncased L1H11 sign=-0.75 symD=1 V=full p=1 steps=8589: speed0=8.12e-02 speedT=2.49e-07 cos=+0.06 k=2 lam_top=+0.07 align=0.03
[E7] 285/3456 (873s) bert-base-uncased L1H11 sign=-0.75 symD=1 V=sym p=1 steps=6357: speed0=5.93e-02 speedT=3.36e-07 cos=+0.42 k=2 lam_top=+0.26 align=0.00
[E7] 286/3456 (875s) bert-base-uncased L1H11 sign=-0.75 symD=1 V=sym p=0 steps=8080: speed0=5.91e-02 speedT=3.61e-07 cos=+0.24 k=2 lam_top=+0.26 align=0.00
[E7] 287/3456 (877s) bert-base-uncased L1H11 sign=-0.75 symD=1 V=push p=0 steps=8421: speed0=4.98e-02 speedT=1.53e-07 cos=+0.02 k=17 lam_top=-0.04 align=0.00
[E7] 288/3456 (883s) bert-base-uncased L2H0 sign=+0.42 symD=0 V=full p=0 steps=9508: speed0=1.97e-01 speedT=3.57e-08 cos=+0.42 k=2 lam_top=+0.39 align=1.00
[E7] 289/3456 (884s) bert-base-uncased L2H0 sign=+0.42 symD=0 V=full p=1 steps=8950: speed0=2.05e-01 speedT=4.82e-08 cos=+0.18 k=2 lam_top=+0.39 align=1.00
[E7] 290/3456 (887s) bert-base-uncased L2H0 sign=+0.42 symD=0 V=sym p=0 steps=9149: speed0=1.44e-01 speedT=2.07e-07 cos=+1.00 k=1 lam_top=+0.57 align=1.00
[E7] 291/3456 (888s) bert-base-uncased L1H11 sign=-0.75 symD=1 V=push p=1 steps=14918: speed0=5.02e-02 speedT=2.96e-07 cos=-0.01 k=5 lam_top=-0.04 align=0.00
[E7] 292/3456 (891s) bert-base-uncased L2H0 sign=+0.42 symD=0 V=push p=0 steps=8133: speed0=8.56e-02 speedT=2.93e-03 cos=+0.02 k=4 lam_top=-0.02 align=0.30
[E7] 293/3456 (893s) bert-base-uncased L2H0 sign=+0.42 symD=0 V=push p=1 steps=6514: speed0=8.54e-02 speedT=1.53e-07 cos=-0.02 k=2 lam_top=-0.02 align=0.00
[E7] 294/3456 (894s) bert-base-uncased L2H0 sign=+0.42 symD=0 V=sym p=1 steps=9886: speed0=1.45e-01 speedT=2.08e-07 cos=+1.00 k=1 lam_top=+0.57 align=1.00
[E7] 295/3456 (899s) bert-base-uncased L2H0 sign=+0.42 symD=1 V=full p=1 steps=7402: speed0=1.79e-01 speedT=1.53e-07 cos=+0.13 k=2 lam_top=+0.39 align=1.00
[E7] 296/3456 (900s) bert-base-uncased L2H0 sign=+0.42 symD=1 V=full p=0 steps=10615: speed0=1.65e-01 speedT=6.50e-08 cos=+0.24 k=2 lam_top=+0.39 align=1.00
[E7] 297/3456 (906s) bert-base-uncased L2H0 sign=+0.42 symD=1 V=sym p=0 steps=10249: speed0=1.29e-01 speedT=7.31e-08 cos=+0.88 k=2 lam_top=+0.57 align=1.00
[E7] 298/3456 (908s) bert-base-uncased L2H0 sign=+0.42 symD=1 V=sym p=1 steps=10769: speed0=1.32e-01 speedT=2.10e-07 cos=+1.00 k=1 lam_top=+0.57 align=1.00
[E7] 299/3456 (926s) bert-base-uncased L2H0 sign=+0.42 symD=1 V=push p=0 steps=23268: speed0=7.23e-02 speedT=1.44e-04 cos=-0.01 k=6 lam_top=-0.02 align=0.01
[E7] 300/3456 (928s) bert-base-uncased L2H0 sign=+0.42 symD=1 V=push p=1 steps=25430: speed0=7.47e-02 speedT=1.72e-03 cos=-0.01 k=4 lam_top=-0.02 align=0.00
[E7] 301/3456 (930s) bert-base-uncased L2H1 sign=+0.24 symD=0 V=sym p=0 steps=4006: speed0=9.45e-02 speedT=2.65e-07 cos=+1.00 k=1 lam_top=+0.67 align=1.00
[E7] 302/3456 (933s) bert-base-uncased L2H1 sign=+0.24 symD=0 V=sym p=1 steps=4136: speed0=9.15e-02 speedT=2.80e-07 cos=+1.00 k=1 lam_top=+0.67 align=1.00
[E7] 303/3456 (939s) bert-base-uncased L2H1 sign=+0.24 symD=0 V=push p=0 steps=8491: speed0=5.78e-02 speedT=2.15e-07 cos=+0.00 k=2 lam_top=-0.13 align=0.00
[E7] 304/3456 (941s) bert-base-uncased L2H1 sign=+0.24 symD=0 V=push p=1 steps=9112: speed0=5.79e-02 speedT=3.21e-07 cos=+0.00 k=3 lam_top=-0.13 align=0.00
[E7] 305/3456 (955s) bert-base-uncased L2H1 sign=+0.24 symD=0 V=full p=0 steps=51262: speed0=9.11e-02 speedT=2.62e-02 cos=+1.00 k=1 lam_top=+0.33 align=1.00
[E7] 306/3456 (957s) bert-base-uncased L2H1 sign=+0.24 symD=0 V=full p=1 steps=51208: speed0=9.35e-02 speedT=1.16e-01 cos=+1.00 k=1 lam_top=+0.33 align=1.00
[E7] 307/3456 (964s) bert-base-uncased L2H1 sign=+0.24 symD=1 V=sym p=1 steps=4813: speed0=8.96e-02 speedT=4.80e-07 cos=+1.00 k=1 lam_top=+0.67 align=1.00
[E7] 308/3456 (964s) bert-base-uncased L2H1 sign=+0.24 symD=1 V=sym p=0 steps=6579: speed0=9.26e-02 speedT=6.96e-08 cos=+0.46 k=2 lam_top=+0.67 align=1.00
[E7] 309/3456 (971s) bert-base-uncased L2H1 sign=+0.24 symD=1 V=push p=0 steps=6110: speed0=5.40e-02 speedT=3.43e-07 cos=+0.01 k=2 lam_top=-0.13 align=0.00
[E7] 310/3456 (973s) bert-base-uncased L2H1 sign=+0.24 symD=1 V=push p=1 steps=7715: speed0=5.43e-02 speedT=4.36e-07 cos=-0.02 k=2 lam_top=-0.13 align=0.00
[E7] 311/3456 (974s) bert-base-uncased L2H2 sign=-0.94 symD=0 V=full p=0 steps=2893: speed0=7.29e-02 speedT=1.61e-07 cos=+1.00 k=1 lam_top=+0.04 align=1.00
[E7] 312/3456 (976s) bert-base-uncased L2H2 sign=-0.94 symD=0 V=full p=1 steps=3308: speed0=7.69e-02 speedT=5.77e-08 cos=+1.00 k=1 lam_top=+0.04 align=1.00
[E7] 313/3456 (978s) bert-base-uncased L2H2 sign=-0.94 symD=0 V=sym p=0 steps=3258: speed0=1.00e-01 speedT=3.64e-07 cos=+1.00 k=1 lam_top=+0.51 align=1.00
[E7] 314/3456 (980s) bert-base-uncased L2H2 sign=-0.94 symD=0 V=sym p=1 steps=3335: speed0=9.57e-02 speedT=3.47e-07 cos=+1.00 k=1 lam_top=+0.51 align=1.00
[E7] 315/3456 (996s) bert-base-uncased L2H1 sign=+0.24 symD=1 V=full p=0 steps=51857: speed0=9.27e-02 speedT=3.82e-02 cos=+1.00 k=1 lam_top=+0.33 align=1.00
[E7] 316/3456 (999s) bert-base-uncased L2H1 sign=+0.24 symD=1 V=full p=1 steps=51130: speed0=9.38e-02 speedT=6.73e-02 cos=+1.00 k=1 lam_top=+0.33 align=1.00
[E7] 317/3456 (1000s) bert-base-uncased L2H2 sign=-0.94 symD=1 V=full p=0 steps=2837: speed0=8.14e-02 speedT=1.58e-07 cos=+1.00 k=1 lam_top=+0.04 align=1.00
[E7] 318/3456 (1003s) bert-base-uncased L2H2 sign=-0.94 symD=1 V=full p=1 steps=3052: speed0=8.01e-02 speedT=6.75e-08 cos=+1.00 k=1 lam_top=+0.04 align=1.00
[E7] 319/3456 (1003s) bert-base-uncased L2H2 sign=-0.94 symD=1 V=sym p=0 steps=3163: speed0=9.71e-02 speedT=3.31e-07 cos=+1.00 k=1 lam_top=+0.51 align=1.00
[E7] 320/3456 (1007s) bert-base-uncased L2H2 sign=-0.94 symD=1 V=sym p=1 steps=3248: speed0=9.34e-02 speedT=2.80e-07 cos=+1.00 k=1 lam_top=+0.51 align=1.00
[E7] 321/3456 (1012s) bert-base-uncased L2H2 sign=-0.94 symD=0 V=push p=0 steps=37391: speed0=7.22e-02 speedT=1.63e-03 cos=-0.01 k=6 lam_top=-0.13 align=0.01
[E7] 322/3456 (1017s) bert-base-uncased L2H3 sign=-0.91 symD=0 V=full p=0 steps=5332: speed0=6.72e-02 speedT=4.02e-08 cos=+1.00 k=1 lam_top=+0.02 align=1.00
[E7] 323/3456 (1021s) bert-base-uncased L2H2 sign=-0.94 symD=1 V=push p=0 steps=16109: speed0=6.83e-02 speedT=7.71e-04 cos=+0.00 k=64 lam_top=-0.13 align=0.02
[E7] 324/3456 (1021s) bert-base-uncased L2H3 sign=-0.91 symD=0 V=full p=1 steps=3413: speed0=5.97e-02 speedT=4.02e-08 cos=+1.00 k=1 lam_top=+0.02 align=1.00
[E7] 325/3456 (1024s) bert-base-uncased L2H3 sign=-0.91 symD=0 V=sym p=0 steps=3062: speed0=5.75e-02 speedT=1.70e-07 cos=+1.00 k=1 lam_top=+0.34 align=1.00
[E7] 326/3456 (1024s) bert-base-uncased L2H3 sign=-0.91 symD=0 V=sym p=1 steps=3106: speed0=5.28e-02 speedT=1.88e-07 cos=+1.00 k=1 lam_top=+0.34 align=1.00
[E7] 327/3456 (1030s) bert-base-uncased L2H2 sign=-0.94 symD=1 V=push p=1 steps=19093: speed0=7.24e-02 speedT=6.37e-03 cos=-0.01 k=59 lam_top=-0.13 align=0.00
[E7] 328/3456 (1033s) bert-base-uncased L2H3 sign=-0.91 symD=1 V=full p=0 steps=3197: speed0=5.22e-02 speedT=4.02e-08 cos=+1.00 k=1 lam_top=+0.02 align=1.00
[E7] 329/3456 (1037s) bert-base-uncased L2H3 sign=-0.91 symD=1 V=full p=1 steps=3202: speed0=5.18e-02 speedT=4.03e-08 cos=+1.00 k=1 lam_top=+0.02 align=1.00
[E7] 330/3456 (1040s) bert-base-uncased L2H3 sign=-0.91 symD=1 V=sym p=0 steps=2989: speed0=5.47e-02 speedT=1.57e-07 cos=+1.00 k=1 lam_top=+0.34 align=1.00
[E7] 331/3456 (1044s) bert-base-uncased L2H3 sign=-0.91 symD=1 V=sym p=1 steps=3091: speed0=5.18e-02 speedT=1.57e-07 cos=+1.00 k=1 lam_top=+0.34 align=1.00
[E7] 332/3456 (1048s) bert-base-uncased L2H2 sign=-0.94 symD=0 V=push p=1 steps=73928: speed0=7.46e-02 speedT=2.10e-02 cos=+0.09 k=10 lam_top=-0.13 align=0.31
[E7] 333/3456 (1067s) bert-base-uncased L2H3 sign=-0.91 symD=0 V=push p=1 steps=45330: speed0=3.87e-02 speedT=9.01e-03 cos=-0.01 k=21 lam_top=-0.05 align=0.00
[E7] 334/3456 (1068s) bert-base-uncased L2H3 sign=-0.91 symD=1 V=push p=0 steps=21290: speed0=3.87e-02 speedT=2.82e-04 cos=-0.01 k=64 lam_top=-0.05 align=0.00
[E7] 335/3456 (1069s) bert-base-uncased L2H3 sign=-0.91 symD=1 V=push p=1 steps=19675: speed0=3.55e-02 speedT=4.14e-03 cos=-0.01 k=49 lam_top=-0.05 align=0.00
[E7] 336/3456 (1070s) bert-base-uncased L2H4 sign=-0.93 symD=0 V=full p=0 steps=3452: speed0=6.78e-02 speedT=1.86e-07 cos=+1.00 k=1 lam_top=+0.01 align=1.00
[E7] 337/3456 (1072s) bert-base-uncased L2H4 sign=-0.93 symD=0 V=full p=1 steps=3522: speed0=6.63e-02 speedT=2.83e-07 cos=+1.00 k=1 lam_top=+0.01 align=1.00
[E7] 338/3456 (1073s) bert-base-uncased L2H4 sign=-0.93 symD=0 V=sym p=0 steps=3399: speed0=8.16e-02 speedT=2.84e-07 cos=+1.00 k=1 lam_top=+0.39 align=1.00
[E7] 339/3456 (1074s) bert-base-uncased L2H4 sign=-0.93 symD=0 V=sym p=1 steps=3417: speed0=7.82e-02 speedT=3.04e-07 cos=+1.00 k=1 lam_top=+0.39 align=1.00
[E7] 340/3456 (1078s) bert-base-uncased L2H4 sign=-0.93 symD=1 V=full p=0 steps=3269: speed0=5.75e-02 speedT=1.67e-07 cos=+1.00 k=1 lam_top=+0.01 align=1.00
[E7] 341/3456 (1081s) bert-base-uncased L2H4 sign=-0.93 symD=1 V=full p=1 steps=3202: speed0=6.38e-02 speedT=2.22e-07 cos=+1.00 k=1 lam_top=+0.01 align=1.00
[E7] 342/3456 (1085s) bert-base-uncased L2H3 sign=-0.91 symD=0 V=push p=0 steps=68232: speed0=4.48e-02 speedT=4.68e-02 cos=+0.02 k=12 lam_top=-0.05 align=0.00
[E7] 343/3456 (1086s) bert-base-uncased L2H4 sign=-0.93 symD=1 V=sym p=0 steps=3402: speed0=7.94e-02 speedT=3.51e-07 cos=+1.00 k=1 lam_top=+0.39 align=1.00
[E7] 344/3456 (1089s) bert-base-uncased L2H4 sign=-0.93 symD=1 V=sym p=1 steps=3444: speed0=7.60e-02 speedT=1.98e-07 cos=+1.00 k=1 lam_top=+0.39 align=1.00
[E7] 345/3456 (1092s) bert-base-uncased L2H4 sign=-0.93 symD=0 V=push p=1 steps=21419: speed0=5.35e-02 speedT=4.56e-04 cos=-0.02 k=8 lam_top=-0.13 align=0.00
[E7] 346/3456 (1095s) bert-base-uncased L2H4 sign=-0.93 symD=0 V=push p=0 steps=24862: speed0=5.62e-02 speedT=8.71e-05 cos=-0.01 k=3 lam_top=-0.13 align=0.01
[E7] 347/3456 (1101s) bert-base-uncased L2H4 sign=-0.93 symD=1 V=push p=0 steps=13422: speed0=5.28e-02 speedT=1.38e-04 cos=-0.01 k=51 lam_top=-0.13 align=0.00
[E7] 348/3456 (1104s) bert-base-uncased L2H4 sign=-0.93 symD=1 V=push p=1 steps=13371: speed0=5.15e-02 speedT=5.43e-05 cos=-0.01 k=17 lam_top=-0.13 align=0.00
[E7] 349/3456 (1105s) bert-base-uncased L2H5 sign=-0.96 symD=0 V=sym p=0 steps=3649: speed0=1.08e-01 speedT=2.24e-07 cos=+1.00 k=1 lam_top=+0.43 align=1.00
[E7] 350/3456 (1108s) bert-base-uncased L2H5 sign=-0.96 symD=0 V=sym p=1 steps=3638: speed0=1.16e-01 speedT=1.91e-07 cos=+1.00 k=1 lam_top=+0.43 align=1.00
[E7] 351/3456 (1118s) bert-base-uncased L2H5 sign=-0.96 symD=0 V=push p=1 steps=11374: speed0=9.23e-02 speedT=2.61e-04 cos=+0.11 k=47 lam_top=-0.14 align=0.01
[E7] 352/3456 (1122s) bert-base-uncased L2H5 sign=-0.96 symD=0 V=push p=0 steps=18294: speed0=8.58e-02 speedT=2.34e-04 cos=+0.02 k=11 lam_top=-0.14 align=0.07
[E7] 353/3456 (1137s) bert-base-uncased L2H5 sign=-0.96 symD=0 V=full p=0 steps=46471: speed0=3.94e-02 speedT=1.67e-01 cos=+1.00 k=1 lam_top=+0.10 align=1.00
[E7] 354/3456 (1138s) bert-base-uncased L2H5 sign=-0.96 symD=0 V=full p=1 steps=46440: speed0=4.25e-02 speedT=1.59e-01 cos=+1.00 k=1 lam_top=+0.10 align=1.00
[E7] 355/3456 (1142s) bert-base-uncased L2H5 sign=-0.96 symD=1 V=sym p=0 steps=3695: speed0=1.01e-01 speedT=2.09e-07 cos=+1.00 k=1 lam_top=+0.43 align=1.00
[E7] 356/3456 (1143s) bert-base-uncased L2H5 sign=-0.96 symD=1 V=sym p=1 steps=3727: speed0=1.06e-01 speedT=2.09e-07 cos=+1.00 k=1 lam_top=+0.43 align=1.00
[E7] 357/3456 (1164s) bert-base-uncased L2H5 sign=-0.96 symD=1 V=push p=1 steps=18559: speed0=8.41e-02 speedT=6.51e-03 cos=+0.04 k=54 lam_top=-0.14 align=0.00
[E7] 358/3456 (1168s) bert-base-uncased L2H5 sign=-0.96 symD=1 V=push p=0 steps=23275: speed0=7.94e-02 speedT=9.83e-04 cos=+0.04 k=63 lam_top=-0.14 align=0.01
[E7] 359/3456 (1175s) bert-base-uncased L2H5 sign=-0.96 symD=1 V=full p=1 steps=45985: speed0=4.76e-02 speedT=1.39e-02 cos=+1.00 k=1 lam_top=+0.10 align=1.00
[E7] 360/3456 (1179s) bert-base-uncased L2H5 sign=-0.96 symD=1 V=full p=0 steps=52783: speed0=3.92e-02 speedT=2.21e-02 cos=+1.00 k=1 lam_top=+0.10 align=1.00
[E7] 361/3456 (1179s) bert-base-uncased L2H6 sign=-0.93 symD=0 V=sym p=0 steps=3121: speed0=9.82e-02 speedT=3.73e-07 cos=+1.00 k=1 lam_top=+0.45 align=1.00
[E7] 362/3456 (1182s) bert-base-uncased L2H6 sign=-0.93 symD=0 V=sym p=1 steps=3292: speed0=1.02e-01 speedT=2.42e-07 cos=+1.00 k=1 lam_top=+0.45 align=1.00
[E7] 363/3456 (1207s) bert-base-uncased L2H6 sign=-0.93 symD=0 V=push p=1 steps=28145: speed0=8.11e-02 speedT=2.98e-07 cos=-0.00 k=3 lam_top=-0.07 align=0.00
[E7] 364/3456 (1214s) bert-base-uncased L2H6 sign=-0.93 symD=0 V=push p=0 steps=40344: speed0=7.61e-02 speedT=5.90e-07 cos=+0.00 k=2 lam_top=-0.07 align=0.00
[E7] 365/3456 (1228s) bert-base-uncased L2H6 sign=-0.93 symD=0 V=full p=0 steps=69480: speed0=9.00e-02 speedT=1.87e-01 cos=+1.00 k=1 lam_top=+0.07 align=1.00
[E7] 366/3456 (1233s) bert-base-uncased L2H6 sign=-0.93 symD=1 V=sym p=0 steps=3138: speed0=9.85e-02 speedT=3.99e-07 cos=+1.00 k=1 lam_top=+0.45 align=1.00
[E7] 367/3456 (1236s) bert-base-uncased L2H6 sign=-0.93 symD=0 V=full p=1 steps=69371: speed0=9.71e-02 speedT=1.97e-01 cos=+1.00 k=1 lam_top=+0.07 align=1.00
[E7] 368/3456 (1237s) bert-base-uncased L2H6 sign=-0.93 symD=1 V=sym p=1 steps=3295: speed0=1.02e-01 speedT=2.44e-07 cos=+1.00 k=1 lam_top=+0.45 align=1.00
[E7] 369/3456 (1255s) bert-base-uncased L2H6 sign=-0.93 symD=1 V=push p=0 steps=16423: speed0=7.63e-02 speedT=5.12e-07 cos=+0.01 k=5 lam_top=-0.07 align=0.00
[E7] 370/3456 (1259s) bert-base-uncased L2H7 sign=-0.82 symD=0 V=full p=0 steps=4398: speed0=6.63e-02 speedT=6.56e-08 cos=+1.00 k=1 lam_top=+0.07 align=1.00
[E7] 371/3456 (1261s) bert-base-uncased L2H6 sign=-0.93 symD=1 V=push p=1 steps=21266: speed0=8.14e-02 speedT=3.04e-07 cos=-0.02 k=3 lam_top=-0.07 align=0.00
[E7] 372/3456 (1263s) bert-base-uncased L2H7 sign=-0.82 symD=0 V=full p=1 steps=4623: speed0=6.98e-02 speedT=5.12e-08 cos=+1.00 k=1 lam_top=+0.07 align=1.00
[E7] 373/3456 (1265s) bert-base-uncased L2H7 sign=-0.82 symD=0 V=sym p=0 steps=3746: speed0=6.17e-02 speedT=4.19e-05 cos=+1.00 k=1 lam_top=+0.42 align=1.00
[E7] 374/3456 (1267s) bert-base-uncased L2H7 sign=-0.82 symD=0 V=sym p=1 steps=3724: speed0=5.93e-02 speedT=5.05e-05 cos=+1.00 k=1 lam_top=+0.42 align=1.00
[E7] 375/3456 (1282s) bert-base-uncased L2H7 sign=-0.82 symD=0 V=push p=1 steps=15923: speed0=3.98e-02 speedT=3.21e-04 cos=-0.02 k=5 lam_top=-0.07 align=0.00
[E7] 376/3456 (1287s) bert-base-uncased L2H7 sign=-0.82 symD=1 V=full p=0 steps=4284: speed0=5.48e-02 speedT=1.27e-07 cos=+1.00 k=1 lam_top=+0.07 align=1.00
[E7] 377/3456 (1287s) bert-base-uncased L2H6 sign=-0.93 symD=1 V=full p=0 steps=69473: speed0=9.26e-02 speedT=1.95e-01 cos=+1.00 k=1 lam_top=+0.07 align=1.00
[E7] 378/3456 (1294s) bert-base-uncased L2H7 sign=-0.82 symD=1 V=sym p=0 steps=3763: speed0=5.79e-02 speedT=4.09e-05 cos=+1.00 k=1 lam_top=+0.42 align=1.00
[E7] 379/3456 (1294s) bert-base-uncased L2H7 sign=-0.82 symD=1 V=full p=1 steps=4460: speed0=5.56e-02 speedT=1.04e-07 cos=+1.00 k=1 lam_top=+0.07 align=1.00
[E7] 380/3456 (1297s) bert-base-uncased L2H6 sign=-0.93 symD=1 V=full p=1 steps=69388: speed0=9.90e-02 speedT=1.91e-01 cos=+1.00 k=1 lam_top=+0.07 align=1.00
[E7] 381/3456 (1300s) bert-base-uncased L2H7 sign=-0.82 symD=1 V=sym p=1 steps=3727: speed0=5.55e-02 speedT=5.18e-05 cos=+1.00 k=1 lam_top=+0.42 align=1.00
[E7] 382/3456 (1306s) bert-base-uncased L2H7 sign=-0.82 symD=0 V=push p=0 steps=40206: speed0=4.66e-02 speedT=9.91e-03 cos=-0.02 k=5 lam_top=-0.07 align=0.00
[E7] 383/3456 (1317s) bert-base-uncased L2H7 sign=-0.82 symD=1 V=push p=0 steps=16020: speed0=4.30e-02 speedT=1.73e-04 cos=-0.01 k=33 lam_top=-0.07 align=0.00
[E7] 384/3456 (1319s) bert-base-uncased L2H7 sign=-0.82 symD=1 V=push p=1 steps=15056: speed0=3.74e-02 speedT=1.66e-03 cos=-0.01 k=26 lam_top=-0.07 align=0.00
[E7] 385/3456 (1322s) bert-base-uncased L2H8 sign=-0.79 symD=0 V=sym p=0 steps=3300: speed0=7.43e-02 speedT=3.44e-07 cos=+1.00 k=1 lam_top=+0.48 align=1.00
[E7] 386/3456 (1324s) bert-base-uncased L2H8 sign=-0.79 symD=0 V=sym p=1 steps=3361: speed0=6.95e-02 speedT=2.92e-07 cos=+1.00 k=1 lam_top=+0.48 align=1.00
[E7] 387/3456 (1335s) bert-base-uncased L2H8 sign=-0.79 symD=0 V=full p=0 steps=29879: speed0=4.82e-02 speedT=4.47e-02 cos=+1.00 k=1 lam_top=+0.04 align=1.00
[E7] 388/3456 (1342s) bert-base-uncased L2H8 sign=-0.79 symD=0 V=push p=0 steps=18459: speed0=5.55e-02 speedT=4.03e-04 cos=-0.02 k=11 lam_top=-0.12 align=0.00
[E7] 389/3456 (1342s) bert-base-uncased L2H8 sign=-0.79 symD=0 V=full p=1 steps=31636: speed0=4.92e-02 speedT=4.62e-02 cos=+1.00 k=1 lam_top=+0.04 align=1.00
[E7] 390/3456 (1348s) bert-base-uncased L2H8 sign=-0.79 symD=1 V=sym p=0 steps=3286: speed0=7.18e-02 speedT=3.29e-07 cos=+1.00 k=1 lam_top=+0.48 align=1.00
[E7] 391/3456 (1354s) bert-base-uncased L2H8 sign=-0.79 symD=1 V=sym p=1 steps=3283: speed0=6.66e-02 speedT=2.04e-07 cos=+1.00 k=1 lam_top=+0.48 align=1.00
[E7] 392/3456 (1360s) bert-base-uncased L2H8 sign=-0.79 symD=0 V=push p=1 steps=32794: speed0=5.27e-02 speedT=2.26e-04 cos=-0.02 k=4 lam_top=-0.12 align=0.02
[E7] 393/3456 (1371s) bert-base-uncased L2H8 sign=-0.79 symD=1 V=push p=0 steps=11347: speed0=5.28e-02 speedT=4.27e-05 cos=-0.01 k=31 lam_top=-0.12 align=0.00
[E7] 394/3456 (1380s) bert-base-uncased L2H8 sign=-0.79 symD=1 V=full p=0 steps=30749: speed0=4.64e-02 speedT=4.34e-02 cos=+1.00 k=1 lam_top=+0.04 align=1.00
[E7] 395/3456 (1382s) bert-base-uncased L2H9 sign=+0.41 symD=0 V=full p=0 steps=9220: speed0=1.86e-01 speedT=8.68e-08 cos=+0.51 k=2 lam_top=+0.38 align=1.00
[E7] 396/3456 (1386s) bert-base-uncased L2H8 sign=-0.79 symD=1 V=full p=1 steps=29913: speed0=4.86e-02 speedT=4.83e-02 cos=+1.00 k=1 lam_top=+0.04 align=1.00
[E7] 397/3456 (1391s) bert-base-uncased L2H9 sign=+0.41 symD=0 V=full p=1 steps=9714: speed0=1.98e-01 speedT=1.09e-07 cos=+0.24 k=2 lam_top=+0.38 align=1.00
[E7] 398/3456 (1394s) bert-base-uncased L2H9 sign=+0.41 symD=0 V=sym p=0 steps=8813: speed0=1.43e-01 speedT=2.03e-07 cos=-0.01 k=2 lam_top=+0.57 align=1.00
[E7] 399/3456 (1396s) bert-base-uncased L2H8 sign=-0.79 symD=1 V=push p=1 steps=25037: speed0=4.94e-02 speedT=3.26e-05 cos=-0.02 k=9 lam_top=-0.12 align=0.00
[E7] 400/3456 (1399s) bert-base-uncased L2H9 sign=+0.41 symD=0 V=sym p=1 steps=9334: speed0=1.46e-01 speedT=7.04e-08 cos=+0.34 k=2 lam_top=+0.57 align=1.00
[E7] 401/3456 (1403s) bert-base-uncased L2H9 sign=+0.41 symD=0 V=push p=1 steps=7960: speed0=8.73e-02 speedT=3.15e-07 cos=-0.01 k=2 lam_top=-0.02 align=0.00
[E7] 402/3456 (1407s) bert-base-uncased L2H9 sign=+0.41 symD=0 V=push p=0 steps=14236: speed0=8.65e-02 speedT=2.11e-07 cos=-0.02 k=3 lam_top=-0.02 align=0.00
[E7] 403/3456 (1408s) bert-base-uncased L2H9 sign=+0.41 symD=1 V=full p=0 steps=8420: speed0=1.54e-01 speedT=7.35e-08 cos=+0.31 k=2 lam_top=+0.38 align=1.00
[E7] 404/3456 (1411s) bert-base-uncased L2H9 sign=+0.41 symD=1 V=full p=1 steps=8080: speed0=1.69e-01 speedT=6.36e-08 cos=+0.18 k=2 lam_top=+0.38 align=1.00
[E7] 405/3456 (1417s) bert-base-uncased L2H9 sign=+0.41 symD=1 V=sym p=0 steps=8467: speed0=1.29e-01 speedT=1.15e-07 cos=+0.03 k=2 lam_top=+0.57 align=1.00
[E7] 406/3456 (1418s) bert-base-uncased L2H9 sign=+0.41 symD=1 V=push p=0 steps=6681: speed0=7.42e-02 speedT=3.09e-07 cos=-0.00 k=3 lam_top=-0.02 align=0.00
[E7] 407/3456 (1422s) bert-base-uncased L2H9 sign=+0.41 symD=1 V=push p=1 steps=6811: speed0=7.62e-02 speedT=3.18e-07 cos=+0.00 k=2 lam_top=-0.02 align=0.00
[E7] 408/3456 (1425s) bert-base-uncased L2H9 sign=+0.41 symD=1 V=sym p=1 steps=10230: speed0=1.32e-01 speedT=1.78e-07 cos=+0.27 k=2 lam_top=+0.57 align=1.00
[E7] 409/3456 (1427s) bert-base-uncased L2H10 sign=+0.73 symD=0 V=sym p=0 steps=3915: speed0=6.88e-02 speedT=2.88e-07 cos=+1.00 k=1 lam_top=+0.60 align=1.00
[E7] 410/3456 (1430s) bert-base-uncased L2H10 sign=+0.73 symD=0 V=sym p=1 steps=4005: speed0=7.78e-02 speedT=2.40e-07 cos=+1.00 k=1 lam_top=+0.60 align=1.00
[E7] 411/3456 (1436s) bert-base-uncased L2H10 sign=+0.73 symD=0 V=push p=0 steps=7982: speed0=3.91e-02 speedT=1.58e-07 cos=+0.05 k=2 lam_top=-0.08 align=0.00
[E7] 412/3456 (1438s) bert-base-uncased L2H10 sign=+0.73 symD=0 V=push p=1 steps=7340: speed0=4.14e-02 speedT=1.87e-07 cos=+0.10 k=2 lam_top=-0.08 align=0.00
[E7] 413/3456 (1454s) bert-base-uncased L2H10 sign=+0.73 symD=0 V=full p=1 steps=30427: speed0=7.13e-02 speedT=6.09e-02 cos=+1.00 k=1 lam_top=+0.24 align=0.35
[E7] 414/3456 (1461s) bert-base-uncased L2H10 sign=+0.73 symD=1 V=sym p=0 steps=3897: speed0=7.57e-02 speedT=2.10e-07 cos=+1.00 k=1 lam_top=+0.60 align=1.00
[E7] 415/3456 (1462s) bert-base-uncased L2H10 sign=+0.73 symD=0 V=full p=0 steps=38436: speed0=6.49e-02 speedT=4.05e-02 cos=+1.00 k=1 lam_top=+0.24 align=0.87
[E7] 416/3456 (1468s) bert-base-uncased L2H10 sign=+0.73 symD=1 V=sym p=1 steps=3897: speed0=9.27e-02 speedT=2.40e-07 cos=+1.00 k=1 lam_top=+0.60 align=1.00
[E7] 417/3456 (1472s) bert-base-uncased L2H10 sign=+0.73 symD=1 V=push p=0 steps=7524: speed0=3.65e-02 speedT=1.58e-07 cos=+0.10 k=2 lam_top=-0.08 align=0.00
[E7] 418/3456 (1476s) bert-base-uncased L2H10 sign=+0.73 symD=1 V=full p=1 steps=25091: speed0=9.38e-02 speedT=6.92e-02 cos=+1.00 k=1 lam_top=+0.24 align=0.00
[E7] 419/3456 (1477s) bert-base-uncased L2H10 sign=+0.73 symD=1 V=push p=1 steps=6480: speed0=3.90e-02 speedT=1.71e-07 cos=-0.01 k=2 lam_top=-0.08 align=0.00
[E7] 420/3456 (1485s) bert-base-uncased L2H11 sign=+0.31 symD=0 V=sym p=0 steps=5159: speed0=8.19e-02 speedT=2.06e-07 cos=+1.00 k=1 lam_top=+0.59 align=1.00
[E7] 421/3456 (1491s) bert-base-uncased L2H11 sign=+0.31 symD=0 V=sym p=1 steps=4062: speed0=8.05e-02 speedT=2.06e-07 cos=+1.00 k=1 lam_top=+0.59 align=1.00
[E7] 422/3456 (1493s) bert-base-uncased L2H11 sign=+0.31 symD=0 V=full p=0 steps=16881: speed0=6.01e-02 speedT=7.59e-03 cos=+1.00 k=1 lam_top=+0.23 align=1.00
[E7] 423/3456 (1495s) bert-base-uncased L2H10 sign=+0.73 symD=1 V=full p=0 steps=39528: speed0=7.60e-02 speedT=5.23e-02 cos=+1.00 k=1 lam_top=+0.24 align=0.76
[E7] 424/3456 (1496s) bert-base-uncased L2H11 sign=+0.31 symD=0 V=full p=1 steps=17067: speed0=6.54e-02 speedT=7.97e-03 cos=+1.00 k=1 lam_top=+0.23 align=1.00
[E7] 425/3456 (1521s) bert-base-uncased L2H11 sign=+0.31 symD=1 V=full p=0 steps=16460: speed0=5.01e-02 speedT=7.68e-03 cos=+1.00 k=1 lam_top=+0.23 align=1.00
[E7] 426/3456 (1521s) bert-base-uncased L2H11 sign=+0.31 symD=1 V=full p=1 steps=17039: speed0=5.54e-02 speedT=7.86e-03 cos=+1.00 k=1 lam_top=+0.23 align=1.00
[E7] 427/3456 (1528s) bert-base-uncased L2H11 sign=+0.31 symD=1 V=sym p=1 steps=4034: speed0=7.93e-02 speedT=2.06e-07 cos=+1.00 k=1 lam_top=+0.59 align=1.00
[E7] 428/3456 (1530s) bert-base-uncased L2H11 sign=+0.31 symD=1 V=sym p=0 steps=5390: speed0=7.93e-02 speedT=3.03e-07 cos=+1.00 k=1 lam_top=+0.59 align=1.00
[E7] 429/3456 (1533s) bert-base-uncased L2H11 sign=+0.31 symD=0 V=push p=0 steps=37380: speed0=4.68e-02 speedT=1.44e-03 cos=-0.01 k=3 lam_top=-0.10 align=0.00
[E7] 430/3456 (1538s) bert-base-uncased L2H11 sign=+0.31 symD=0 V=push p=1 steps=40670: speed0=4.57e-02 speedT=1.23e-02 cos=-0.02 k=13 lam_top=-0.10 align=0.01
[E7] 431/3456 (1540s) bert-base-uncased L3H0 sign=+0.34 symD=0 V=full p=0 steps=5961: speed0=7.61e-02 speedT=1.89e-07 cos=+0.10 k=2 lam_top=+0.43 align=0.01
[E7] 432/3456 (1542s) bert-base-uncased L2H11 sign=+0.31 symD=1 V=push p=0 steps=10116: speed0=4.77e-02 speedT=4.41e-04 cos=-0.01 k=27 lam_top=-0.10 align=0.00
[E7] 433/3456 (1545s) bert-base-uncased L3H0 sign=+0.34 symD=0 V=full p=1 steps=6044: speed0=8.28e-02 speedT=2.02e-07 cos=-0.01 k=2 lam_top=+0.43 align=0.01
[E7] 434/3456 (1549s) bert-base-uncased L3H0 sign=+0.34 symD=0 V=sym p=1 steps=4756: speed0=7.44e-02 speedT=4.51e-07 cos=+0.51 k=2 lam_top=+0.61 align=0.00
[E7] 435/3456 (1549s) bert-base-uncased L3H0 sign=+0.34 symD=0 V=sym p=0 steps=5732: speed0=7.40e-02 speedT=3.11e-07 cos=+0.60 k=2 lam_top=+0.61 align=0.00
[E7] 436/3456 (1550s) bert-base-uncased L2H11 sign=+0.31 symD=1 V=push p=1 steps=13871: speed0=4.73e-02 speedT=1.63e-04 cos=-0.01 k=61 lam_top=-0.10 align=0.00
[E7] 437/3456 (1552s) bert-base-uncased L3H0 sign=+0.34 symD=0 V=push p=0 steps=6186: speed0=4.33e-02 speedT=4.51e-07 cos=-0.02 k=2 lam_top=-0.04 align=0.00
[E7] 438/3456 (1556s) bert-base-uncased L3H0 sign=+0.34 symD=0 V=push p=1 steps=6537: speed0=4.50e-02 speedT=4.44e-07 cos=+0.01 k=3 lam_top=-0.04 align=0.00
[E7] 439/3456 (1559s) bert-base-uncased L3H0 sign=+0.34 symD=1 V=full p=0 steps=6552: speed0=8.79e-02 speedT=2.02e-07 cos=+0.00 k=2 lam_top=+0.43 align=0.01
[E7] 440/3456 (1559s) bert-base-uncased L3H0 sign=+0.34 symD=1 V=full p=1 steps=6294: speed0=9.19e-02 speedT=1.89e-07 cos=-0.01 k=2 lam_top=+0.43 align=0.01
[E7] 441/3456 (1560s) bert-base-uncased L3H0 sign=+0.34 symD=1 V=sym p=0 steps=5500: speed0=7.67e-02 speedT=4.51e-07 cos=+0.42 k=2 lam_top=+0.61 align=0.00
[E7] 442/3456 (1565s) bert-base-uncased L3H0 sign=+0.34 symD=1 V=sym p=1 steps=5220: speed0=7.62e-02 speedT=3.11e-07 cos=+0.60 k=2 lam_top=+0.61 align=0.00
[E7] 443/3456 (1572s) bert-base-uncased L3H1 sign=-0.92 symD=0 V=full p=0 steps=9854: speed0=5.58e-02 speedT=1.02e-02 cos=+1.00 k=1 lam_top=+0.05 align=1.00
[E7] 444/3456 (1574s) bert-base-uncased L3H0 sign=+0.34 symD=1 V=push p=1 steps=10297: speed0=4.43e-02 speedT=3.06e-07 cos=-0.01 k=3 lam_top=-0.04 align=0.00
[E7] 445/3456 (1575s) bert-base-uncased L3H0 sign=+0.34 symD=1 V=push p=0 steps=11928: speed0=4.21e-02 speedT=3.06e-07 cos=-0.02 k=3 lam_top=-0.04 align=0.00
[E7] 446/3456 (1577s) bert-base-uncased L3H1 sign=-0.92 symD=0 V=sym p=0 steps=3338: speed0=7.19e-02 speedT=4.11e-07 cos=+1.00 k=1 lam_top=+0.42 align=1.00
[E7] 447/3456 (1577s) bert-base-uncased L3H1 sign=-0.92 symD=0 V=full p=1 steps=10077: speed0=5.55e-02 speedT=2.18e-02 cos=+1.00 k=1 lam_top=+0.05 align=1.00
[E7] 448/3456 (1579s) bert-base-uncased L3H1 sign=-0.92 symD=0 V=sym p=1 steps=3613: speed0=7.21e-02 speedT=3.36e-07 cos=+1.00 k=1 lam_top=+0.42 align=1.00
[E7] 449/3456 (1591s) bert-base-uncased L3H1 sign=-0.92 symD=1 V=full p=0 steps=9777: speed0=5.04e-02 speedT=1.12e-02 cos=+1.00 k=1 lam_top=+0.05 align=1.00
[E7] 450/3456 (1594s) bert-base-uncased L3H1 sign=-0.92 symD=1 V=full p=1 steps=10125: speed0=5.22e-02 speedT=2.15e-02 cos=+1.00 k=1 lam_top=+0.05 align=1.00
[E7] 451/3456 (1597s) bert-base-uncased L3H1 sign=-0.92 symD=1 V=sym p=0 steps=3327: speed0=7.06e-02 speedT=4.13e-07 cos=+1.00 k=1 lam_top=+0.42 align=1.00
[E7] 452/3456 (1600s) bert-base-uncased L3H1 sign=-0.92 symD=0 V=push p=1 steps=19988: speed0=5.90e-02 speedT=2.34e-03 cos=-0.00 k=19 lam_top=-0.10 align=0.02
[E7] 453/3456 (1601s) bert-base-uncased L3H1 sign=-0.92 symD=1 V=sym p=1 steps=3603: speed0=7.05e-02 speedT=4.12e-07 cos=+1.00 k=1 lam_top=+0.42 align=1.00
[E7] 454/3456 (1602s) bert-base-uncased L3H1 sign=-0.92 symD=0 V=push p=0 steps=22556: speed0=5.69e-02 speedT=1.36e-03 cos=-0.01 k=12 lam_top=-0.10 align=0.05
[E7] 455/3456 (1616s) bert-base-uncased L3H1 sign=-0.92 symD=1 V=push p=0 steps=12788: speed0=5.57e-02 speedT=3.73e-04 cos=+0.03 k=64 lam_top=-0.10 align=0.02
[E7] 456/3456 (1621s) bert-base-uncased L3H2 sign=-0.99 symD=0 V=sym p=0 steps=3423: speed0=7.74e-02 speedT=2.58e-07 cos=+1.00 k=1 lam_top=+0.28 align=1.00
[E7] 457/3456 (1626s) bert-base-uncased L3H2 sign=-0.99 symD=0 V=sym p=1 steps=3488: speed0=8.37e-02 speedT=3.92e-07 cos=+1.00 k=1 lam_top=+0.28 align=1.00
[E7] 458/3456 (1626s) bert-base-uncased L3H1 sign=-0.92 symD=1 V=push p=1 steps=18167: speed0=5.74e-02 speedT=8.25e-04 cos=-0.00 k=63 lam_top=-0.10 align=0.01
[E7] 459/3456 (1629s) bert-base-uncased L3H2 sign=-0.99 symD=0 V=full p=0 steps=24153: speed0=4.31e-02 speedT=5.16e-03 cos=+0.01 k=25 lam_top=-0.03 align=0.19
[E7] 460/3456 (1632s) bert-base-uncased L3H2 sign=-0.99 symD=0 V=full p=1 steps=25714: speed0=5.60e-02 speedT=4.83e-03 cos=-0.01 k=17 lam_top=-0.03 align=0.07
[E7] 461/3456 (1645s) bert-base-uncased L3H2 sign=-0.99 symD=0 V=push p=1 steps=17086: speed0=7.31e-02 speedT=4.80e-04 cos=-0.00 k=13 lam_top=-0.16 align=0.01
[E7] 462/3456 (1650s) bert-base-uncased L3H2 sign=-0.99 symD=1 V=full p=0 steps=14225: speed0=5.02e-02 speedT=3.69e-04 cos=+0.01 k=62 lam_top=-0.03 align=0.10
[E7] 463/3456 (1651s) bert-base-uncased L3H2 sign=-0.99 symD=1 V=sym p=0 steps=3373: speed0=7.68e-02 speedT=2.15e-07 cos=+1.00 k=1 lam_top=+0.28 align=1.00
[E7] 464/3456 (1652s) bert-base-uncased L3H2 sign=-0.99 symD=1 V=full p=1 steps=14494: speed0=6.12e-02 speedT=7.31e-04 cos=+0.01 k=45 lam_top=-0.03 align=0.10
[E7] 465/3456 (1656s) bert-base-uncased L3H2 sign=-0.99 symD=1 V=sym p=1 steps=3344: speed0=8.11e-02 speedT=2.64e-07 cos=+1.00 k=1 lam_top=+0.28 align=1.00
[E7] 466/3456 (1656s) bert-base-uncased L3H2 sign=-0.99 symD=0 V=push p=0 steps=27067: speed0=6.67e-02 speedT=4.38e-04 cos=-0.00 k=3 lam_top=-0.16 align=0.00
[E7] 467/3456 (1675s) bert-base-uncased L3H2 sign=-0.99 symD=1 V=push p=1 steps=16692: speed0=7.08e-02 speedT=2.98e-04 cos=-0.01 k=48 lam_top=-0.16 align=0.00
[E7] 468/3456 (1676s) bert-base-uncased L3H2 sign=-0.99 symD=1 V=push p=0 steps=17374: speed0=6.58e-02 speedT=1.03e-04 cos=-0.01 k=63 lam_top=-0.16 align=0.00
[E7] 469/3456 (1679s) bert-base-uncased L3H3 sign=-0.26 symD=0 V=full p=1 steps=19456: speed0=7.92e-02 speedT=8.41e-03 cos=+0.34 k=2 lam_top=+0.18 align=1.00
[E7] 470/3456 (1681s) bert-base-uncased L3H3 sign=-0.26 symD=0 V=full p=0 steps=21035: speed0=8.20e-02 speedT=7.13e-03 cos=+0.03 k=2 lam_top=+0.18 align=1.00
[E7] 471/3456 (1681s) bert-base-uncased L3H3 sign=-0.26 symD=0 V=sym p=1 steps=3840: speed0=6.07e-02 speedT=3.27e-07 cos=+1.00 k=1 lam_top=+0.60 align=1.00
[E7] 472/3456 (1681s) bert-base-uncased L3H3 sign=-0.26 symD=0 V=sym p=0 steps=4209: speed0=6.56e-02 speedT=2.49e-07 cos=+1.00 k=1 lam_top=+0.60 align=1.00
[E7] 473/3456 (1708s) bert-base-uncased L3H3 sign=-0.26 symD=1 V=full p=1 steps=18109: speed0=6.55e-02 speedT=9.22e-03 cos=+0.31 k=2 lam_top=+0.18 align=1.00
[E7] 474/3456 (1710s) bert-base-uncased L3H3 sign=-0.26 symD=1 V=full p=0 steps=20815: speed0=6.53e-02 speedT=7.69e-03 cos=+0.13 k=2 lam_top=+0.18 align=1.00
[E7] 475/3456 (1715s) bert-base-uncased L3H3 sign=-0.26 symD=0 V=push p=0 steps=32338: speed0=4.22e-02 speedT=1.08e-03 cos=-0.02 k=22 lam_top=-0.04 align=0.00
[E7] 476/3456 (1716s) bert-base-uncased L3H3 sign=-0.26 symD=0 V=push p=1 steps=32055: speed0=4.15e-02 speedT=4.29e-04 cos=-0.01 k=3 lam_top=-0.04 align=0.00
[E7] 477/3456 (1716s) bert-base-uncased L3H3 sign=-0.26 symD=1 V=sym p=0 steps=4784: speed0=5.96e-02 speedT=2.47e-07 cos=+1.00 k=1 lam_top=+0.60 align=1.00
[E7] 478/3456 (1716s) bert-base-uncased L3H3 sign=-0.26 symD=1 V=sym p=1 steps=3694: speed0=5.58e-02 speedT=2.25e-07 cos=+1.00 k=1 lam_top=+0.60 align=1.00
[E7] 479/3456 (1722s) bert-base-uncased L3H4 sign=+0.85 symD=0 V=full p=0 steps=4718: speed0=4.27e-02 speedT=5.12e-08 cos=+1.00 k=1 lam_top=+0.36 align=1.00
[E7] 480/3456 (1724s) bert-base-uncased L3H4 sign=+0.85 symD=0 V=full p=1 steps=5999: speed0=5.00e-02 speedT=9.05e-08 cos=+1.00 k=1 lam_top=+0.36 align=1.00
[E7] 481/3456 (1727s) bert-base-uncased L3H4 sign=+0.85 symD=0 V=sym p=0 steps=3552: speed0=6.07e-02 speedT=3.07e-07 cos=+1.00 k=1 lam_top=+0.66 align=1.00
[E7] 482/3456 (1729s) bert-base-uncased L3H4 sign=+0.85 symD=0 V=sym p=1 steps=3832: speed0=5.46e-02 speedT=2.72e-07 cos=+1.00 k=1 lam_top=+0.66 align=1.00
[E7] 483/3456 (1739s) bert-base-uncased L3H3 sign=-0.26 symD=1 V=push p=0 steps=15657: speed0=3.71e-02 speedT=1.16e-04 cos=-0.01 k=29 lam_top=-0.04 align=0.00
[E7] 484/3456 (1739s) bert-base-uncased L3H3 sign=-0.26 symD=1 V=push p=1 steps=16253: speed0=3.67e-02 speedT=2.24e-03 cos=+0.00 k=52 lam_top=-0.04 align=0.00
[E7] 485/3456 (1745s) bert-base-uncased L3H4 sign=+0.85 symD=1 V=full p=0 steps=4628: speed0=3.95e-02 speedT=4.51e-08 cos=+1.00 k=1 lam_top=+0.36 align=1.00
[E7] 486/3456 (1746s) bert-base-uncased L3H4 sign=+0.85 symD=0 V=push p=0 steps=17229: speed0=3.26e-02 speedT=3.26e-03 cos=+0.00 k=28 lam_top=-0.06 align=0.00
[E7] 487/3456 (1749s) bert-base-uncased L3H4 sign=+0.85 symD=1 V=full p=1 steps=6474: speed0=4.95e-02 speedT=9.59e-08 cos=+1.00 k=1 lam_top=+0.36 align=1.00
[E7] 488/3456 (1751s) bert-base-uncased L3H4 sign=+0.85 symD=1 V=sym p=0 steps=3496: speed0=5.91e-02 speedT=2.47e-07 cos=+1.00 k=1 lam_top=+0.66 align=1.00
[E7] 489/3456 (1753s) bert-base-uncased L3H4 sign=+0.85 symD=1 V=sym p=1 steps=3896: speed0=5.40e-02 speedT=3.00e-07 cos=+1.00 k=1 lam_top=+0.66 align=1.00
[E7] 490/3456 (1755s) bert-base-uncased L3H4 sign=+0.85 symD=0 V=push p=1 steps=23148: speed0=3.10e-02 speedT=6.57e-03 cos=-0.01 k=38 lam_top=-0.06 align=0.02
[E7] 491/3456 (1767s) bert-base-uncased L3H4 sign=+0.85 symD=1 V=push p=0 steps=11909: speed0=3.24e-02 speedT=1.72e-04 cos=-0.00 k=49 lam_top=-0.06 align=0.00
[E7] 492/3456 (1772s) bert-base-uncased L3H4 sign=+0.85 symD=1 V=push p=1 steps=14932: speed0=3.08e-02 speedT=1.51e-03 cos=+0.00 k=60 lam_top=-0.06 align=0.01
[E7] 493/3456 (1774s) bert-base-uncased L3H5 sign=+0.31 symD=0 V=sym p=0 steps=4609: speed0=1.06e-01 speedT=2.06e-07 cos=+1.00 k=1 lam_top=+0.48 align=1.00
[E7] 494/3456 (1775s) bert-base-uncased L3H5 sign=+0.31 symD=0 V=full p=0 steps=19588: speed0=1.27e-01 speedT=6.44e-05 cos=+0.13 k=2 lam_top=+0.19 align=1.00
[E7] 495/3456 (1776s) bert-base-uncased L3H5 sign=+0.31 symD=0 V=full p=1 steps=19206: speed0=1.30e-01 speedT=2.62e-05 cos=-0.02 k=2 lam_top=+0.19 align=1.00
[E7] 496/3456 (1779s) bert-base-uncased L3H5 sign=+0.31 symD=0 V=sym p=1 steps=4591: speed0=1.07e-01 speedT=3.06e-07 cos=+1.00 k=1 lam_top=+0.48 align=1.00
[E7] 497/3456 (1795s) bert-base-uncased L3H5 sign=+0.31 symD=0 V=push p=0 steps=18573: speed0=6.07e-02 speedT=7.56e-04 cos=-0.02 k=15 lam_top=-0.01 align=0.00
[E7] 498/3456 (1803s) bert-base-uncased L3H5 sign=+0.31 symD=1 V=sym p=0 steps=4926: speed0=9.30e-02 speedT=2.15e-07 cos=+1.00 k=1 lam_top=+0.48 align=1.00
[E7] 499/3456 (1804s) bert-base-uncased L3H5 sign=+0.31 symD=1 V=full p=0 steps=18179: speed0=1.03e-01 speedT=5.02e-05 cos=-0.01 k=2 lam_top=+0.19 align=1.00
[E7] 500/3456 (1807s) bert-base-uncased L3H5 sign=+0.31 symD=1 V=full p=1 steps=19637: speed0=1.03e-01 speedT=3.71e-05 cos=+0.24 k=2 lam_top=+0.19 align=1.00
[E7] 501/3456 (1809s) bert-base-uncased L3H5 sign=+0.31 symD=0 V=push p=1 steps=32142: speed0=6.21e-02 speedT=1.30e-02 cos=+0.02 k=36 lam_top=-0.01 align=0.05
[E7] 502/3456 (1812s) bert-base-uncased L3H5 sign=+0.31 symD=1 V=sym p=1 steps=5237: speed0=9.30e-02 speedT=3.07e-07 cos=+1.00 k=1 lam_top=+0.48 align=1.00
[E7] 503/3456 (1827s) bert-base-uncased L3H6 sign=-0.99 symD=0 V=full p=0 steps=15373: speed0=4.30e-02 speedT=1.32e-03 cos=-0.01 k=44 lam_top=-0.07 align=0.11
[E7] 504/3456 (1833s) bert-base-uncased L3H6 sign=-0.99 symD=0 V=sym p=0 steps=4383: speed0=9.29e-02 speedT=2.73e-07 cos=+1.00 k=1 lam_top=+0.32 align=1.00
[E7] 505/3456 (1834s) bert-base-uncased L3H5 sign=+0.31 symD=1 V=push p=1 steps=18879: speed0=5.02e-02 speedT=6.99e-04 cos=-0.00 k=64 lam_top=-0.01 align=0.00
[E7] 506/3456 (1836s) bert-base-uncased L3H5 sign=+0.31 symD=1 V=push p=0 steps=22768: speed0=4.94e-02 speedT=1.43e-03 cos=-0.01 k=57 lam_top=-0.01 align=0.00
[E7] 507/3456 (1840s) bert-base-uncased L3H6 sign=-0.99 symD=0 V=sym p=1 steps=4378: speed0=9.54e-02 speedT=3.03e-07 cos=+1.00 k=1 lam_top=+0.32 align=1.00
[E7] 508/3456 (1855s) bert-base-uncased L3H6 sign=-0.99 symD=0 V=full p=1 steps=37464: speed0=5.30e-02 speedT=2.92e-02 cos=+0.03 k=51 lam_top=-0.07 align=0.37
[E7] 509/3456 (1861s) bert-base-uncased L3H6 sign=-0.99 symD=1 V=full p=0 steps=14010: speed0=4.39e-02 speedT=7.29e-04 cos=+0.05 k=64 lam_top=-0.07 align=0.08
[E7] 510/3456 (1865s) bert-base-uncased L3H6 sign=-0.99 symD=0 V=push p=0 steps=29178: speed0=7.90e-02 speedT=4.07e-05 cos=-0.02 k=3 lam_top=-0.21 align=0.08
[E7] 511/3456 (1869s) bert-base-uncased L3H6 sign=-0.99 symD=1 V=sym p=0 steps=4512: speed0=9.04e-02 speedT=2.56e-07 cos=+1.00 k=1 lam_top=+0.32 align=1.00
[E7] 512/3456 (1872s) bert-base-uncased L3H6 sign=-0.99 symD=1 V=sym p=1 steps=4324: speed0=9.27e-02 speedT=2.78e-07 cos=+1.00 k=1 lam_top=+0.32 align=1.00
[E7] 513/3456 (1873s) bert-base-uncased L3H6 sign=-0.99 symD=1 V=full p=1 steps=12052: speed0=5.40e-02 speedT=8.25e-04 cos=+0.04 k=64 lam_top=-0.07 align=0.08
[E7] 514/3456 (1877s) bert-base-uncased L3H7 sign=-0.95 symD=0 V=full p=0 steps=3368: speed0=7.30e-02 speedT=1.48e-07 cos=+1.00 k=1 lam_top=+0.13 align=1.00
[E7] 515/3456 (1881s) bert-base-uncased L3H7 sign=-0.95 symD=0 V=full p=1 steps=3536: speed0=7.54e-02 speedT=3.22e-07 cos=+1.00 k=1 lam_top=+0.13 align=1.00
[E7] 516/3456 (1886s) bert-base-uncased L3H7 sign=-0.95 symD=0 V=sym p=0 steps=3361: speed0=1.04e-01 speedT=2.53e-07 cos=+1.00 k=1 lam_top=+0.36 align=1.00
[E7] 517/3456 (1887s) bert-base-uncased L3H6 sign=-0.99 symD=1 V=push p=0 steps=12990: speed0=7.71e-02 speedT=2.10e-05 cos=-0.01 k=27 lam_top=-0.21 align=0.00
[E7] 518/3456 (1891s) bert-base-uncased L3H6 sign=-0.99 symD=0 V=push p=1 steps=49781: speed0=8.31e-02 speedT=8.03e-02 cos=+0.00 k=39 lam_top=-0.21 align=0.04
[E7] 519/3456 (1891s) bert-base-uncased L3H7 sign=-0.95 symD=0 V=sym p=1 steps=3443: speed0=9.74e-02 speedT=1.98e-07 cos=+1.00 k=1 lam_top=+0.36 align=1.00
[E7] 520/3456 (1892s) bert-base-uncased L3H6 sign=-0.99 symD=1 V=push p=1 steps=14959: speed0=8.06e-02 speedT=1.15e-04 cos=-0.01 k=37 lam_top=-0.21 align=0.00
[E7] 521/3456 (1895s) bert-base-uncased L3H7 sign=-0.95 symD=1 V=full p=0 steps=2861: speed0=5.46e-02 speedT=2.37e-07 cos=+1.00 k=1 lam_top=+0.13 align=1.00
[E7] 522/3456 (1896s) bert-base-uncased L3H7 sign=-0.95 symD=1 V=full p=1 steps=2970: speed0=5.07e-02 speedT=2.03e-07 cos=+1.00 k=1 lam_top=+0.13 align=1.00
[E7] 523/3456 (1901s) bert-base-uncased L3H7 sign=-0.95 symD=1 V=sym p=0 steps=3307: speed0=1.06e-01 speedT=2.05e-07 cos=+1.00 k=1 lam_top=+0.36 align=1.00
[E7] 524/3456 (1902s) bert-base-uncased L3H7 sign=-0.95 symD=1 V=sym p=1 steps=3359: speed0=9.81e-02 speedT=2.53e-07 cos=+1.00 k=1 lam_top=+0.36 align=1.00
[E7] 525/3456 (1920s) bert-base-uncased L3H7 sign=-0.95 symD=1 V=push p=0 steps=14197: speed0=7.28e-02 speedT=7.94e-04 cos=+0.03 k=64 lam_top=-0.08 align=0.01
[E7] 526/3456 (1923s) bert-base-uncased L3H7 sign=-0.95 symD=1 V=push p=1 steps=14490: speed0=7.00e-02 speedT=1.24e-03 cos=+0.04 k=64 lam_top=-0.08 align=0.01
[E7] 527/3456 (1923s) bert-base-uncased L3H7 sign=-0.95 symD=0 V=push p=0 steps=32361: speed0=7.55e-02 speedT=7.27e-03 cos=-0.01 k=41 lam_top=-0.08 align=0.02
[E7] 528/3456 (1929s) bert-base-uncased L3H8 sign=+0.03 symD=0 V=sym p=0 steps=3737: speed0=7.04e-02 speedT=2.86e-07 cos=+1.00 k=1 lam_top=+0.59 align=1.00
[E7] 529/3456 (1934s) bert-base-uncased L3H8 sign=+0.03 symD=0 V=sym p=1 steps=3818: speed0=6.65e-02 speedT=3.39e-07 cos=+1.00 k=1 lam_top=+0.59 align=1.00
[E7] 530/3456 (1944s) bert-base-uncased L3H7 sign=-0.95 symD=0 V=push p=1 steps=48238: speed0=7.50e-02 speedT=6.84e-03 cos=+0.02 k=49 lam_top=-0.08 align=0.01
[E7] 531/3456 (1954s) bert-base-uncased L3H8 sign=+0.03 symD=0 V=push p=0 steps=18792: speed0=4.36e-02 speedT=1.24e-07 cos=-0.01 k=2 lam_top=-0.09 align=0.00
[E7] 532/3456 (1978s) bert-base-uncased L3H8 sign=+0.03 symD=0 V=push p=1 steps=31095: speed0=4.52e-02 speedT=1.70e-03 cos=+0.01 k=3 lam_top=-0.09 align=0.00
[E7] 533/3456 (2017s) bert-base-uncased L3H8 sign=+0.03 symD=0 V=full p=0 steps=83590: speed0=4.71e-02 speedT=2.16e-01 cos=+1.00 k=1 lam_top=+0.17 align=1.00
[E7] 534/3456 (2019s) bert-base-uncased L3H8 sign=+0.03 symD=0 V=full p=1 steps=83851: speed0=4.31e-02 speedT=1.99e-01 cos=+1.00 k=1 lam_top=+0.17 align=1.00
[E7] 535/3456 (2022s) bert-base-uncased L3H8 sign=+0.03 symD=1 V=sym p=0 steps=3473: speed0=7.35e-02 speedT=2.91e-07 cos=+1.00 k=1 lam_top=+0.59 align=1.00
[E7] 536/3456 (2025s) bert-base-uncased L3H8 sign=+0.03 symD=1 V=sym p=1 steps=3345: speed0=7.29e-02 speedT=3.41e-07 cos=+1.00 k=1 lam_top=+0.59 align=1.00
[E7] 537/3456 (2049s) bert-base-uncased L3H8 sign=+0.03 symD=1 V=push p=0 steps=19093: speed0=4.15e-02 speedT=7.13e-06 cos=-0.02 k=9 lam_top=-0.09 align=0.00
[E7] 538/3456 (2067s) bert-base-uncased L3H8 sign=+0.03 symD=1 V=push p=1 steps=29050: speed0=3.98e-02 speedT=1.32e-05 cos=-0.02 k=12 lam_top=-0.09 align=0.00
[E7] 539/3456 (2074s) bert-base-uncased L3H9 sign=+0.46 symD=0 V=full p=0 steps=21080: speed0=1.33e-01 speedT=3.42e-07 cos=+1.00 k=1 lam_top=+0.22 align=1.00
[E7] 540/3456 (2076s) bert-base-uncased L3H8 sign=+0.03 symD=1 V=full p=0 steps=84149: speed0=5.57e-02 speedT=2.47e-01 cos=+1.00 k=1 lam_top=+0.17 align=1.00
[E7] 541/3456 (2083s) bert-base-uncased L3H9 sign=+0.46 symD=0 V=sym p=0 steps=5499: speed0=1.05e-01 speedT=2.52e-07 cos=+1.00 k=1 lam_top=+0.59 align=1.00
[E7] 542/3456 (2084s) bert-base-uncased L3H9 sign=+0.46 symD=0 V=sym p=1 steps=5088: speed0=1.08e-01 speedT=1.97e-07 cos=+1.00 k=1 lam_top=+0.59 align=1.00
[E7] 543/3456 (2099s) bert-base-uncased L3H9 sign=+0.46 symD=0 V=full p=1 steps=26893: speed0=1.35e-01 speedT=3.19e-07 cos=+1.00 k=1 lam_top=+0.22 align=1.00
[E7] 544/3456 (2102s) bert-base-uncased L3H8 sign=+0.03 symD=1 V=full p=1 steps=84188: speed0=5.70e-02 speedT=2.04e-01 cos=+1.00 k=1 lam_top=+0.17 align=1.00
[E7] 545/3456 (2121s) bert-base-uncased L3H9 sign=+0.46 symD=0 V=push p=0 steps=35823: speed0=5.69e-02 speedT=1.25e-04 cos=-0.02 k=4 lam_top=-0.02 align=0.00
[E7] 546/3456 (2125s) bert-base-uncased L3H9 sign=+0.46 symD=1 V=full p=0 steps=18829: speed0=1.08e-01 speedT=3.38e-07 cos=+1.00 k=1 lam_top=+0.22 align=1.00
[E7] 547/3456 (2132s) bert-base-uncased L3H9 sign=+0.46 symD=1 V=sym p=0 steps=6837: speed0=9.33e-02 speedT=2.52e-07 cos=+1.00 k=1 lam_top=+0.59 align=1.00
[E7] 548/3456 (2133s) bert-base-uncased L3H9 sign=+0.46 symD=0 V=push p=1 steps=44430: speed0=5.86e-02 speedT=3.00e-03 cos=-0.02 k=3 lam_top=-0.02 align=0.00
[E7] 549/3456 (2134s) bert-base-uncased L3H9 sign=+0.46 symD=1 V=sym p=1 steps=5384: speed0=9.45e-02 speedT=1.97e-07 cos=+1.00 k=1 lam_top=+0.59 align=1.00
[E7] 550/3456 (2141s) bert-base-uncased L3H9 sign=+0.46 symD=1 V=full p=1 steps=26882: speed0=1.06e-01 speedT=3.17e-07 cos=+1.00 k=1 lam_top=+0.22 align=1.00
[E7] 551/3456 (2151s) bert-base-uncased L3H9 sign=+0.46 symD=1 V=push p=1 steps=12855: speed0=4.56e-02 speedT=5.25e-05 cos=-0.01 k=39 lam_top=-0.02 align=0.00
[E7] 552/3456 (2158s) bert-base-uncased L3H10 sign=+0.75 symD=0 V=sym p=0 steps=4628: speed0=9.22e-02 speedT=3.17e-07 cos=+1.00 k=1 lam_top=+0.60 align=1.00
[E7] 553/3456 (2160s) bert-base-uncased L3H9 sign=+0.46 symD=1 V=push p=0 steps=19161: speed0=4.75e-02 speedT=1.26e-05 cos=-0.02 k=19 lam_top=-0.02 align=0.00
[E7] 554/3456 (2163s) bert-base-uncased L3H10 sign=+0.75 symD=0 V=sym p=1 steps=3908: speed0=1.05e-01 speedT=3.37e-07 cos=+1.00 k=1 lam_top=+0.60 align=1.00
[E7] 555/3456 (2166s) bert-base-uncased L3H10 sign=+0.75 symD=0 V=full p=0 steps=28779: speed0=8.06e-02 speedT=2.28e-02 cos=+1.00 k=1 lam_top=+0.27 align=1.00
[E7] 556/3456 (2171s) bert-base-uncased L3H10 sign=+0.75 symD=0 V=full p=1 steps=26251: speed0=9.31e-02 speedT=3.41e-02 cos=+1.00 k=1 lam_top=+0.27 align=1.00
[E7] 557/3456 (2183s) bert-base-uncased L3H10 sign=+0.75 symD=0 V=push p=1 steps=17723: speed0=5.35e-02 speedT=1.95e-03 cos=-0.01 k=3 lam_top=-0.08 align=0.00
[E7] 558/3456 (2184s) bert-base-uncased L3H10 sign=+0.75 symD=0 V=push p=0 steps=22269: speed0=4.98e-02 speedT=4.48e-06 cos=-0.01 k=3 lam_top=-0.08 align=0.00
[E7] 559/3456 (2190s) bert-base-uncased L3H10 sign=+0.75 symD=1 V=sym p=0 steps=4347: speed0=8.78e-02 speedT=2.34e-07 cos=+1.00 k=1 lam_top=+0.60 align=1.00
[E7] 560/3456 (2190s) bert-base-uncased L3H10 sign=+0.75 symD=1 V=sym p=1 steps=3753: speed0=9.76e-02 speedT=2.41e-07 cos=+1.00 k=1 lam_top=+0.60 align=1.00
[E7] 561/3456 (2208s) bert-base-uncased L3H10 sign=+0.75 symD=1 V=push p=0 steps=12610: speed0=5.11e-02 speedT=9.24e-06 cos=-0.02 k=14 lam_top=-0.08 align=0.00
[E7] 562/3456 (2209s) bert-base-uncased L3H10 sign=+0.75 symD=1 V=full p=1 steps=25815: speed0=7.11e-02 speedT=3.67e-02 cos=+1.00 k=1 lam_top=+0.27 align=1.00
[E7] 563/3456 (2209s) bert-base-uncased L3H10 sign=+0.75 symD=1 V=full p=0 steps=29589: speed0=6.59e-02 speedT=5.26e-02 cos=+1.00 k=1 lam_top=+0.27 align=1.00
[E7] 564/3456 (2215s) bert-base-uncased L3H11 sign=-0.31 symD=0 V=full p=0 steps=6240: speed0=9.41e-02 speedT=4.43e-08 cos=+0.13 k=2 lam_top=+0.23 align=1.00
[E7] 565/3456 (2216s) bert-base-uncased L3H11 sign=-0.31 symD=0 V=full p=1 steps=6157: speed0=8.85e-02 speedT=8.94e-08 cos=+1.00 k=1 lam_top=+0.23 align=1.00
[E7] 566/3456 (2217s) bert-base-uncased L3H11 sign=-0.31 symD=0 V=sym p=0 steps=5481: speed0=7.15e-02 speedT=2.21e-07 cos=+1.00 k=1 lam_top=+0.62 align=1.00
[E7] 567/3456 (2220s) bert-base-uncased L3H10 sign=+0.75 symD=1 V=push p=1 steps=20924: speed0=5.35e-02 speedT=9.94e-08 cos=-0.02 k=11 lam_top=-0.08 align=0.00
[E7] 568/3456 (2222s) bert-base-uncased L3H11 sign=-0.31 symD=0 V=sym p=1 steps=4772: speed0=6.87e-02 speedT=2.21e-07 cos=+1.00 k=1 lam_top=+0.62 align=1.00
[E7] 569/3456 (2227s) bert-base-uncased L3H11 sign=-0.31 symD=1 V=full p=0 steps=4781: speed0=7.56e-02 speedT=4.50e-08 cos=+0.21 k=2 lam_top=+0.23 align=1.00
[E7] 570/3456 (2229s) bert-base-uncased L3H11 sign=-0.31 symD=1 V=full p=1 steps=4914: speed0=7.00e-02 speedT=8.84e-08 cos=+0.88 k=2 lam_top=+0.23 align=1.00
[E7] 571/3456 (2236s) bert-base-uncased L3H11 sign=-0.31 symD=1 V=sym p=0 steps=5310: speed0=6.23e-02 speedT=2.07e-07 cos=+1.00 k=1 lam_top=+0.62 align=1.00
[E7] 572/3456 (2237s) bert-base-uncased L3H11 sign=-0.31 symD=1 V=sym p=1 steps=4407: speed0=6.06e-02 speedT=2.29e-07 cos=+1.00 k=1 lam_top=+0.62 align=1.00
[E7] 573/3456 (2245s) bert-base-uncased L3H11 sign=-0.31 symD=0 V=push p=0 steps=26998: speed0=4.60e-02 speedT=1.46e-03 cos=+0.02 k=42 lam_top=-0.05 align=0.00
[E7] 574/3456 (2248s) bert-base-uncased L3H11 sign=-0.31 symD=0 V=push p=1 steps=27743: speed0=4.50e-02 speedT=9.70e-04 cos=-0.01 k=42 lam_top=-0.05 align=0.00
[E7] 575/3456 (2252s) bert-base-uncased L4H0 sign=+0.98 symD=0 V=full p=0 steps=5933: speed0=1.08e-01 speedT=1.61e-07 cos=+1.00 k=1 lam_top=+0.60 align=1.00
[E7] 576/3456 (2253s) bert-base-uncased L4H0 sign=+0.98 symD=0 V=full p=1 steps=4933: speed0=1.25e-01 speedT=1.56e-07 cos=+1.00 k=1 lam_top=+0.60 align=1.00
[E7] 577/3456 (2256s) bert-base-uncased L3H11 sign=-0.31 symD=1 V=push p=1 steps=14256: speed0=3.81e-02 speedT=1.85e-03 cos=+0.06 k=64 lam_top=-0.05 align=0.00
[E7] 578/3456 (2257s) bert-base-uncased L3H11 sign=-0.31 symD=1 V=push p=0 steps=14683: speed0=3.78e-02 speedT=1.12e-03 cos=+0.01 k=64 lam_top=-0.05 align=0.00
[E7] 579/3456 (2260s) bert-base-uncased L4H0 sign=+0.98 symD=0 V=sym p=0 steps=6322: speed0=1.30e-01 speedT=1.45e-07 cos=+0.01 k=2 lam_top=+0.80 align=1.00
[E7] 580/3456 (2261s) bert-base-uncased L4H0 sign=+0.98 symD=0 V=sym p=1 steps=5486: speed0=1.43e-01 speedT=2.02e-07 cos=+1.00 k=1 lam_top=+0.80 align=1.00
[E7] 581/3456 (2268s) bert-base-uncased L4H0 sign=+0.98 symD=1 V=full p=1 steps=5370: speed0=9.68e-02 speedT=1.42e-07 cos=+1.00 k=1 lam_top=+0.60 align=1.00
[E7] 582/3456 (2270s) bert-base-uncased L4H0 sign=+0.98 symD=1 V=full p=0 steps=6640: speed0=8.92e-02 speedT=1.39e-07 cos=+1.00 k=1 lam_top=+0.60 align=1.00
[E7] 583/3456 (2278s) bert-base-uncased L4H0 sign=+0.98 symD=1 V=sym p=1 steps=4870: speed0=1.30e-01 speedT=2.38e-07 cos=+1.00 k=1 lam_top=+0.80 align=1.00
[E7] 584/3456 (2279s) bert-base-uncased L4H0 sign=+0.98 symD=1 V=sym p=0 steps=7157: speed0=1.23e-01 speedT=2.02e-07 cos=+1.00 k=1 lam_top=+0.80 align=1.00
[E7] 585/3456 (2280s) bert-base-uncased L4H0 sign=+0.98 symD=0 V=push p=1 steps=22771: speed0=5.53e-02 speedT=6.71e-05 cos=+0.31 k=2 lam_top=-0.08 align=0.00
[E7] 586/3456 (2283s) bert-base-uncased L4H1 sign=-0.88 symD=0 V=full p=0 steps=2393: speed0=4.13e-02 speedT=9.09e-08 cos=+1.00 k=1 lam_top=+0.22 align=1.00
[E7] 587/3456 (2286s) bert-base-uncased L4H1 sign=-0.88 symD=0 V=full p=1 steps=2318: speed0=4.72e-02 speedT=9.58e-08 cos=+1.00 k=1 lam_top=+0.22 align=1.00
[E7] 588/3456 (2291s) bert-base-uncased L4H1 sign=-0.88 symD=0 V=sym p=0 steps=3689: speed0=7.73e-02 speedT=2.47e-07 cos=+1.00 k=1 lam_top=+0.38 align=1.00
[E7] 589/3456 (2295s) bert-base-uncased L4H0 sign=+0.98 symD=1 V=push p=1 steps=12162: speed0=5.92e-02 speedT=4.08e-08 cos=-0.02 k=2 lam_top=-0.08 align=0.00
[E7] 590/3456 (2296s) bert-base-uncased L4H1 sign=-0.88 symD=0 V=sym p=1 steps=3850: speed0=7.75e-02 speedT=1.64e-07 cos=+1.00 k=1 lam_top=+0.38 align=1.00
[E7] 591/3456 (2304s) bert-base-uncased L4H0 sign=+0.98 symD=1 V=push p=0 steps=19723: speed0=6.28e-02 speedT=3.80e-04 cos=-0.01 k=15 lam_top=-0.08 align=0.00
[E7] 592/3456 (2305s) bert-base-uncased L4H0 sign=+0.98 symD=0 V=push p=0 steps=45675: speed0=6.09e-02 speedT=4.09e-03 cos=+0.10 k=6 lam_top=-0.08 align=0.00
[E7] 593/3456 (2308s) bert-base-uncased L4H1 sign=-0.88 symD=0 V=push p=0 steps=11124: speed0=5.68e-02 speedT=6.47e-03 cos=-0.01 k=32 lam_top=-0.06 align=0.00
[E7] 594/3456 (2308s) bert-base-uncased L4H1 sign=-0.88 symD=1 V=full p=0 steps=2422: speed0=4.22e-02 speedT=9.17e-08 cos=+1.00 k=1 lam_top=+0.22 align=1.00
[E7] 595/3456 (2309s) bert-base-uncased L4H1 sign=-0.88 symD=1 V=full p=1 steps=2358: speed0=4.44e-02 speedT=9.47e-08 cos=+1.00 k=1 lam_top=+0.22 align=1.00
[E7] 596/3456 (2314s) bert-base-uncased L4H1 sign=-0.88 symD=1 V=sym p=1 steps=3921: speed0=7.14e-02 speedT=2.16e-07 cos=+1.00 k=1 lam_top=+0.38 align=1.00
[E7] 597/3456 (2314s) bert-base-uncased L4H1 sign=-0.88 symD=1 V=sym p=0 steps=3735: speed0=7.43e-02 speedT=2.76e-07 cos=+1.00 k=1 lam_top=+0.38 align=1.00
[E7] 598/3456 (2319s) bert-base-uncased L4H2 sign=-0.96 symD=0 V=full p=0 steps=4325: speed0=8.93e-02 speedT=2.07e-07 cos=+1.00 k=1 lam_top=+0.10 align=1.00
[E7] 599/3456 (2324s) bert-base-uncased L4H2 sign=-0.96 symD=0 V=full p=1 steps=4155: speed0=5.75e-02 speedT=7.68e-08 cos=+1.00 k=1 lam_top=+0.10 align=1.00
[E7] 600/3456 (2326s) bert-base-uncased L4H1 sign=-0.88 symD=0 V=push p=1 steps=26282: speed0=5.44e-02 speedT=6.03e-04 cos=+0.01 k=3 lam_top=-0.06 align=0.00
[E7] 601/3456 (2328s) bert-base-uncased L4H2 sign=-0.96 symD=0 V=sym p=0 steps=3373: speed0=9.82e-02 speedT=3.07e-07 cos=+1.00 k=1 lam_top=+0.49 align=1.00
[E7] 602/3456 (2331s) bert-base-uncased L4H2 sign=-0.96 symD=0 V=sym p=1 steps=3213: speed0=8.61e-02 speedT=2.54e-07 cos=+1.00 k=1 lam_top=+0.49 align=1.00
[E7] 603/3456 (2331s) bert-base-uncased L4H1 sign=-0.88 symD=1 V=push p=1 steps=12608: speed0=4.97e-02 speedT=4.58e-05 cos=-0.01 k=26 lam_top=-0.06 align=0.00
[E7] 604/3456 (2336s) bert-base-uncased L4H2 sign=-0.96 symD=1 V=full p=0 steps=3822: speed0=5.89e-02 speedT=9.92e-08 cos=+1.00 k=1 lam_top=+0.10 align=1.00
[E7] 605/3456 (2340s) bert-base-uncased L4H2 sign=-0.96 symD=1 V=full p=1 steps=3460: speed0=4.99e-02 speedT=7.02e-08 cos=+1.00 k=1 lam_top=+0.10 align=1.00
[E7] 606/3456 (2342s) bert-base-uncased L4H1 sign=-0.88 symD=1 V=push p=0 steps=23331: speed0=5.48e-02 speedT=1.74e-06 cos=-0.02 k=21 lam_top=-0.06 align=0.00
[E7] 607/3456 (2346s) bert-base-uncased L4H2 sign=-0.96 symD=1 V=sym p=0 steps=3337: speed0=8.54e-02 speedT=2.21e-07 cos=+1.00 k=1 lam_top=+0.49 align=1.00
[E7] 608/3456 (2347s) bert-base-uncased L4H2 sign=-0.96 symD=1 V=sym p=1 steps=3176: speed0=8.32e-02 speedT=2.41e-07 cos=+1.00 k=1 lam_top=+0.49 align=1.00
[E7] 609/3456 (2359s) bert-base-uncased L4H2 sign=-0.96 symD=0 V=push p=0 steps=28875: speed0=8.36e-02 speedT=5.63e-04 cos=-0.02 k=21 lam_top=-0.12 align=0.02
[E7] 610/3456 (2367s) bert-base-uncased L4H2 sign=-0.96 symD=1 V=push p=0 steps=15020: speed0=6.81e-02 speedT=1.20e-04 cos=-0.01 k=48 lam_top=-0.12 align=0.00
[E7] 611/3456 (2368s) bert-base-uncased L4H3 sign=+0.66 symD=0 V=full p=0 steps=8250: speed0=1.33e-01 speedT=9.52e-08 cos=+0.00 k=4 lam_top=+0.30 align=0.02
[E7] 612/3456 (2373s) bert-base-uncased L4H2 sign=-0.96 symD=1 V=push p=1 steps=18771: speed0=6.56e-02 speedT=1.06e-04 cos=-0.01 k=34 lam_top=-0.12 align=0.00
[E7] 613/3456 (2373s) bert-base-uncased L4H2 sign=-0.96 symD=0 V=push p=1 steps=39482: speed0=6.91e-02 speedT=4.63e-04 cos=-0.02 k=4 lam_top=-0.12 align=0.12
[E7] 614/3456 (2375s) bert-base-uncased L4H3 sign=+0.66 symD=0 V=full p=1 steps=7272: speed0=1.37e-01 speedT=9.97e-08 cos=+0.07 k=4 lam_top=+0.30 align=1.00
[E7] 615/3456 (2382s) bert-base-uncased L4H3 sign=+0.66 symD=0 V=push p=0 steps=8381: speed0=5.09e-02 speedT=3.93e-07 cos=+0.15 k=2 lam_top=-0.06 align=0.00
[E7] 616/3456 (2384s) bert-base-uncased L4H3 sign=+0.66 symD=0 V=push p=1 steps=8799: speed0=4.88e-02 speedT=3.36e-07 cos=+0.09 k=3 lam_top=-0.06 align=0.00
[E7] 617/3456 (2386s) bert-base-uncased L4H3 sign=+0.66 symD=0 V=sym p=0 steps=13275: speed0=1.04e-01 speedT=2.02e-07 cos=+1.00 k=1 lam_top=+0.58 align=1.00
[E7] 618/3456 (2387s) bert-base-uncased L4H3 sign=+0.66 symD=0 V=sym p=1 steps=10121: speed0=1.04e-01 speedT=1.86e-07 cos=+1.00 k=1 lam_top=+0.58 align=1.00
[E7] 619/3456 (2395s) bert-base-uncased L4H3 sign=+0.66 symD=1 V=full p=1 steps=7351: speed0=1.40e-01 speedT=1.04e-07 cos=+0.18 k=3 lam_top=+0.30 align=0.02
[E7] 620/3456 (2400s) bert-base-uncased L4H3 sign=+0.66 symD=1 V=full p=0 steps=13008: speed0=1.37e-01 speedT=1.06e-07 cos=+0.15 k=3 lam_top=+0.30 align=0.02
[E7] 621/3456 (2405s) bert-base-uncased L4H3 sign=+0.66 symD=1 V=sym p=1 steps=10013: speed0=1.05e-01 speedT=1.86e-07 cos=+1.00 k=1 lam_top=+0.58 align=1.00
[E7] 622/3456 (2407s) bert-base-uncased L4H3 sign=+0.66 symD=1 V=push p=0 steps=8326: speed0=5.11e-02 speedT=2.49e-07 cos=+0.02 k=2 lam_top=-0.06 align=0.00
[E7] 623/3456 (2408s) bert-base-uncased L4H3 sign=+0.66 symD=1 V=sym p=0 steps=13248: speed0=1.06e-01 speedT=1.86e-07 cos=+1.00 k=1 lam_top=+0.58 align=1.00
[E7] 624/3456 (2410s) bert-base-uncased L4H3 sign=+0.66 symD=1 V=push p=1 steps=7358: speed0=4.91e-02 speedT=2.86e-07 cos=-0.01 k=4 lam_top=-0.06 align=0.00
[E7] 625/3456 (2413s) bert-base-uncased L4H4 sign=+0.54 symD=0 V=sym p=0 steps=4128: speed0=7.38e-02 speedT=4.01e-05 cos=+1.00 k=1 lam_top=+0.61 align=1.00
[E7] 626/3456 (2416s) bert-base-uncased L4H4 sign=+0.54 symD=0 V=sym p=1 steps=4654: speed0=7.95e-02 speedT=7.59e-05 cos=+1.00 k=1 lam_top=+0.61 align=1.00
[E7] 627/3456 (2427s) bert-base-uncased L4H4 sign=+0.54 symD=0 V=push p=0 steps=13422: speed0=3.82e-02 speedT=3.08e-03 cos=+0.01 k=56 lam_top=-0.09 align=0.01
[E7] 628/3456 (2444s) bert-base-uncased L4H4 sign=+0.54 symD=0 V=push p=1 steps=25687: speed0=3.62e-02 speedT=5.19e-03 cos=-0.01 k=15 lam_top=-0.09 align=0.00
[E7] 629/3456 (2453s) bert-base-uncased L4H4 sign=+0.54 symD=0 V=full p=0 steps=42975: speed0=5.82e-02 speedT=9.98e-02 cos=+1.00 k=1 lam_top=+0.27 align=1.00
[E7] 630/3456 (2455s) bert-base-uncased L4H4 sign=+0.54 symD=0 V=full p=1 steps=42879: speed0=6.83e-02 speedT=9.77e-02 cos=+1.00 k=1 lam_top=+0.27 align=1.00
[E7] 631/3456 (2460s) bert-base-uncased L4H4 sign=+0.54 symD=1 V=sym p=0 steps=4071: speed0=7.28e-02 speedT=3.91e-05 cos=+1.00 k=1 lam_top=+0.61 align=1.00
[E7] 632/3456 (2462s) bert-base-uncased L4H4 sign=+0.54 symD=1 V=sym p=1 steps=4645: speed0=7.92e-02 speedT=8.00e-05 cos=+1.00 k=1 lam_top=+0.61 align=1.00
[E7] 633/3456 (2474s) bert-base-uncased L4H4 sign=+0.54 symD=1 V=push p=0 steps=9766: speed0=3.80e-02 speedT=1.86e-03 cos=+0.05 k=64 lam_top=-0.09 align=0.01
[E7] 634/3456 (2477s) bert-base-uncased L4H4 sign=+0.54 symD=1 V=push p=1 steps=10508: speed0=3.72e-02 speedT=3.93e-04 cos=+0.04 k=64 lam_top=-0.09 align=0.01
[E7] 635/3456 (2486s) bert-base-uncased L4H5 sign=+0.20 symD=0 V=full p=1 steps=7904: speed0=1.21e-01 speedT=1.45e-07 cos=+1.00 k=1 lam_top=+0.27 align=1.00
[E7] 636/3456 (2487s) bert-base-uncased L4H5 sign=+0.20 symD=0 V=full p=0 steps=11552: speed0=1.29e-01 speedT=2.05e-07 cos=+1.00 k=1 lam_top=+0.27 align=1.00
[E7] 637/3456 (2488s) bert-base-uncased L4H4 sign=+0.54 symD=1 V=full p=0 steps=42970: speed0=5.61e-02 speedT=6.25e-02 cos=+1.00 k=1 lam_top=+0.27 align=1.00
[E7] 638/3456 (2493s) bert-base-uncased L4H5 sign=+0.20 symD=0 V=sym p=1 steps=4598: speed0=1.16e-01 speedT=2.47e-07 cos=+1.00 k=1 lam_top=+0.56 align=1.00
[E7] 639/3456 (2494s) bert-base-uncased L4H5 sign=+0.20 symD=0 V=sym p=0 steps=5985: speed0=1.16e-01 speedT=1.91e-07 cos=+1.00 k=1 lam_top=+0.56 align=1.00
[E7] 640/3456 (2504s) bert-base-uncased L4H5 sign=+0.20 symD=0 V=push p=0 steps=15145: speed0=6.45e-02 speedT=2.10e-03 cos=-0.02 k=4 lam_top=-0.02 align=0.00
[E7] 641/3456 (2506s) bert-base-uncased L4H4 sign=+0.54 symD=1 V=full p=1 steps=42809: speed0=6.47e-02 speedT=9.98e-02 cos=+1.00 k=1 lam_top=+0.27 align=1.00
[E7] 642/3456 (2506s) bert-base-uncased L4H5 sign=+0.20 symD=1 V=full p=0 steps=8436: speed0=1.05e-01 speedT=1.57e-07 cos=+0.02 k=2 lam_top=+0.27 align=1.00
[E7] 643/3456 (2514s) bert-base-uncased L4H5 sign=+0.20 symD=1 V=sym p=1 steps=5027: speed0=1.12e-01 speedT=2.03e-07 cos=+1.00 k=1 lam_top=+0.56 align=1.00
[E7] 644/3456 (2515s) bert-base-uncased L4H5 sign=+0.20 symD=1 V=full p=1 steps=7744: speed0=1.01e-01 speedT=9.46e-08 cos=+0.05 k=2 lam_top=+0.27 align=1.00
[E7] 645/3456 (2516s) bert-base-uncased L4H5 sign=+0.20 symD=1 V=sym p=0 steps=6272: speed0=1.12e-01 speedT=1.91e-07 cos=+1.00 k=1 lam_top=+0.56 align=1.00
[E7] 646/3456 (2521s) bert-base-uncased L4H5 sign=+0.20 symD=0 V=push p=1 steps=26147: speed0=6.61e-02 speedT=2.66e-03 cos=-0.01 k=3 lam_top=-0.02 align=0.00
[E7] 647/3456 (2537s) bert-base-uncased L4H5 sign=+0.20 symD=1 V=push p=0 steps=17249: speed0=6.25e-02 speedT=3.74e-05 cos=-0.02 k=34 lam_top=-0.02 align=0.00
[E7] 648/3456 (2543s) bert-base-uncased L4H5 sign=+0.20 symD=1 V=push p=1 steps=20808: speed0=6.29e-02 speedT=4.26e-04 cos=-0.02 k=35 lam_top=-0.02 align=0.00
[E7] 649/3456 (2544s) bert-base-uncased L4H6 sign=+0.10 symD=0 V=sym p=0 steps=4830: speed0=9.80e-02 speedT=2.97e-07 cos=+1.00 k=1 lam_top=+0.57 align=1.00
[E7] 650/3456 (2549s) bert-base-uncased L4H6 sign=+0.10 symD=0 V=sym p=1 steps=4179: speed0=9.00e-02 speedT=2.53e-07 cos=+1.00 k=1 lam_top=+0.57 align=1.00
[E7] 651/3456 (2550s) bert-base-uncased L4H6 sign=+0.10 symD=0 V=push p=0 steps=6455: speed0=6.32e-02 speedT=1.35e-07 cos=-0.02 k=2 lam_top=-0.14 align=0.00
[E7] 652/3456 (2564s) bert-base-uncased L4H6 sign=+0.10 symD=0 V=full p=0 steps=43610: speed0=8.97e-02 speedT=3.42e-03 cos=+1.00 k=1 lam_top=+0.18 align=1.00
[E7] 653/3456 (2571s) bert-base-uncased L4H6 sign=+0.10 symD=0 V=full p=1 steps=47835: speed0=8.25e-02 speedT=1.06e-02 cos=+1.00 k=1 lam_top=+0.18 align=0.99
[E7] 654/3456 (2577s) bert-base-uncased L4H6 sign=+0.10 symD=1 V=sym p=0 steps=4086: speed0=9.19e-02 speedT=3.24e-07 cos=+1.00 k=1 lam_top=+0.57 align=1.00
[E7] 655/3456 (2583s) bert-base-uncased L4H6 sign=+0.10 symD=1 V=sym p=1 steps=4025: speed0=8.96e-02 speedT=2.89e-07 cos=+1.00 k=1 lam_top=+0.57 align=1.00
[E7] 656/3456 (2599s) bert-base-uncased L4H6 sign=+0.10 symD=0 V=push p=1 steps=52945: speed0=5.50e-02 speedT=5.90e-04 cos=-0.01 k=4 lam_top=-0.14 align=0.02
[E7] 657/3456 (2604s) bert-base-uncased L4H6 sign=+0.10 symD=1 V=push p=0 steps=16457: speed0=6.14e-02 speedT=1.20e-03 cos=-0.01 k=12 lam_top=-0.14 align=0.00
[E7] 658/3456 (2604s) bert-base-uncased L4H6 sign=+0.10 symD=1 V=full p=0 steps=40646: speed0=7.38e-02 speedT=2.42e-03 cos=+1.00 k=1 lam_top=+0.18 align=1.00
[E7] 659/3456 (2609s) bert-base-uncased L4H7 sign=+0.76 symD=0 V=full p=1 steps=4802: speed0=1.18e-01 speedT=1.48e-07 cos=+1.00 k=1 lam_top=+0.39 align=1.00
[E7] 660/3456 (2609s) bert-base-uncased L4H7 sign=+0.76 symD=0 V=full p=0 steps=5486: speed0=1.15e-01 speedT=1.57e-07 cos=+1.00 k=1 lam_top=+0.39 align=1.00
[E7] 661/3456 (2614s) bert-base-uncased L4H7 sign=+0.76 symD=0 V=sym p=1 steps=5013: speed0=1.04e-01 speedT=2.03e-07 cos=+1.00 k=1 lam_top=+0.62 align=1.00
[E7] 662/3456 (2616s) bert-base-uncased L4H7 sign=+0.76 symD=0 V=sym p=0 steps=5096: speed0=1.05e-01 speedT=2.03e-07 cos=+1.00 k=1 lam_top=+0.62 align=1.00
[E7] 663/3456 (2616s) bert-base-uncased L4H6 sign=+0.10 symD=1 V=push p=1 steps=13116: speed0=5.57e-02 speedT=8.48e-07 cos=-0.02 k=8 lam_top=-0.14 align=0.00
[E7] 664/3456 (2617s) bert-base-uncased L4H6 sign=+0.10 symD=1 V=full p=1 steps=44580: speed0=7.56e-02 speedT=3.87e-03 cos=+1.00 k=1 lam_top=+0.18 align=1.00
[E7] 665/3456 (2621s) bert-base-uncased L4H7 sign=+0.76 symD=0 V=push p=0 steps=6796: speed0=4.75e-02 speedT=4.04e-07 cos=-0.01 k=2 lam_top=-0.11 align=0.00
[E7] 666/3456 (2623s) bert-base-uncased L4H7 sign=+0.76 symD=1 V=full p=1 steps=4962: speed0=1.08e-01 speedT=3.72e-08 cos=+1.00 k=1 lam_top=+0.39 align=1.00
[E7] 667/3456 (2624s) bert-base-uncased L4H7 sign=+0.76 symD=1 V=full p=0 steps=5925: speed0=1.09e-01 speedT=1.09e-07 cos=+1.00 k=1 lam_top=+0.39 align=1.00
[E7] 668/3456 (2628s) bert-base-uncased L4H7 sign=+0.76 symD=1 V=sym p=0 steps=4840: speed0=1.02e-01 speedT=1.83e-07 cos=+1.00 k=1 lam_top=+0.62 align=1.00
[E7] 669/3456 (2630s) bert-base-uncased L4H7 sign=+0.76 symD=1 V=sym p=1 steps=4895: speed0=9.97e-02 speedT=1.83e-07 cos=+1.00 k=1 lam_top=+0.62 align=1.00
[E7] 670/3456 (2632s) bert-base-uncased L4H7 sign=+0.76 symD=0 V=push p=1 steps=17656: speed0=5.23e-02 speedT=8.16e-04 cos=-0.01 k=2 lam_top=-0.11 align=0.00
[E7] 671/3456 (2636s) bert-base-uncased L4H7 sign=+0.76 symD=1 V=push p=0 steps=11247: speed0=4.58e-02 speedT=1.09e-07 cos=-0.01 k=2 lam_top=-0.11 align=0.00
[E7] 672/3456 (2637s) bert-base-uncased L4H8 sign=-0.79 symD=0 V=full p=0 steps=6860: speed0=7.65e-02 speedT=1.94e-07 cos=+1.00 k=1 lam_top=+0.05 align=1.00
[E7] 673/3456 (2640s) bert-base-uncased L4H7 sign=+0.76 symD=1 V=push p=1 steps=9812: speed0=5.02e-02 speedT=1.18e-07 cos=-0.01 k=2 lam_top=-0.11 align=0.00
[E7] 674/3456 (2641s) bert-base-uncased L4H8 sign=-0.79 symD=0 V=sym p=0 steps=4062: speed0=9.09e-02 speedT=2.46e-07 cos=+1.00 k=1 lam_top=+0.48 align=1.00
[E7] 675/3456 (2641s) bert-base-uncased L4H8 sign=-0.79 symD=0 V=full p=1 steps=10160: speed0=8.45e-02 speedT=1.92e-07 cos=+1.00 k=1 lam_top=+0.05 align=1.00
[E7] 676/3456 (2642s) bert-base-uncased L4H8 sign=-0.79 symD=0 V=sym p=1 steps=4642: speed0=8.97e-02 speedT=2.85e-07 cos=+1.00 k=1 lam_top=+0.48 align=1.00
[E7] 677/3456 (2652s) bert-base-uncased L4H8 sign=-0.79 symD=1 V=full p=0 steps=8748: speed0=6.46e-02 speedT=2.02e-07 cos=+1.00 k=1 lam_top=+0.05 align=1.00
[E7] 678/3456 (2653s) bert-base-uncased L4H8 sign=-0.79 symD=0 V=push p=1 steps=12428: speed0=6.64e-02 speedT=5.03e-04 cos=-0.02 k=13 lam_top=-0.12 align=0.00
[E7] 679/3456 (2655s) bert-base-uncased L4H8 sign=-0.79 symD=1 V=full p=1 steps=11034: speed0=7.44e-02 speedT=2.18e-07 cos=+1.00 k=1 lam_top=+0.05 align=1.00
[E7] 680/3456 (2658s) bert-base-uncased L4H8 sign=-0.79 symD=1 V=sym p=1 steps=4182: speed0=8.67e-02 speedT=2.84e-07 cos=+1.00 k=1 lam_top=+0.48 align=1.00
[E7] 681/3456 (2658s) bert-base-uncased L4H8 sign=-0.79 symD=1 V=sym p=0 steps=3959: speed0=8.68e-02 speedT=2.80e-07 cos=+1.00 k=1 lam_top=+0.48 align=1.00
[E7] 682/3456 (2672s) bert-base-uncased L4H8 sign=-0.79 symD=1 V=push p=0 steps=14666: speed0=6.35e-02 speedT=2.00e-04 cos=-0.01 k=27 lam_top=-0.12 align=0.00
[E7] 683/3456 (2673s) bert-base-uncased L4H8 sign=-0.79 symD=1 V=push p=1 steps=13312: speed0=6.38e-02 speedT=1.13e-03 cos=+0.00 k=64 lam_top=-0.12 align=0.01
[E7] 684/3456 (2673s) bert-base-uncased L4H9 sign=-0.99 symD=0 V=full p=0 steps=15640: speed0=6.22e-02 speedT=7.83e-04 cos=-0.01 k=21 lam_top=-0.06 align=0.05
[E7] 685/3456 (2678s) bert-base-uncased L4H9 sign=-0.99 symD=0 V=sym p=1 steps=3817: speed0=7.89e-02 speedT=3.87e-07 cos=+1.00 k=1 lam_top=+0.20 align=1.00
[E7] 686/3456 (2678s) bert-base-uncased L4H9 sign=-0.99 symD=0 V=sym p=0 steps=3662: speed0=7.43e-02 speedT=2.93e-07 cos=+1.00 k=1 lam_top=+0.20 align=1.00
[E7] 687/3456 (2680s) bert-base-uncased L4H8 sign=-0.79 symD=0 V=push p=0 steps=41838: speed0=6.62e-02 speedT=3.39e-02 cos=-0.02 k=21 lam_top=-0.12 align=0.00
[E7] 688/3456 (2698s) bert-base-uncased L4H9 sign=-0.99 symD=0 V=full p=1 steps=25198: speed0=6.75e-02 speedT=2.92e-04 cos=-0.02 k=20 lam_top=-0.06 align=0.03
[E7] 689/3456 (2702s) bert-base-uncased L4H9 sign=-0.99 symD=1 V=full p=0 steps=17035: speed0=6.12e-02 speedT=2.27e-04 cos=-0.01 k=59 lam_top=-0.06 align=0.03
[E7] 690/3456 (2705s) bert-base-uncased L4H9 sign=-0.99 symD=0 V=push p=1 steps=30937: speed0=7.24e-02 speedT=1.03e-03 cos=-0.01 k=20 lam_top=-0.12 align=0.01
[E7] 691/3456 (2707s) bert-base-uncased L4H9 sign=-0.99 symD=1 V=sym p=0 steps=3588: speed0=7.46e-02 speedT=2.44e-07 cos=+1.00 k=1 lam_top=+0.20 align=1.00
[E7] 692/3456 (2708s) bert-base-uncased L4H9 sign=-0.99 symD=0 V=push p=0 steps=35275: speed0=6.58e-02 speedT=1.20e-03 cos=-0.02 k=20 lam_top=-0.12 align=0.00
[E7] 693/3456 (2710s) bert-base-uncased L4H9 sign=-0.99 symD=1 V=sym p=1 steps=3681: speed0=7.75e-02 speedT=2.65e-07 cos=+1.00 k=1 lam_top=+0.20 align=1.00
[E7] 694/3456 (2713s) bert-base-uncased L4H9 sign=-0.99 symD=1 V=full p=1 steps=12577: speed0=6.16e-02 speedT=2.44e-04 cos=-0.01 k=48 lam_top=-0.06 align=0.03
[E7] 695/3456 (2720s) bert-base-uncased L4H10 sign=-0.08 symD=0 V=full p=0 steps=10337: speed0=1.04e-01 speedT=1.34e-07 cos=+1.00 k=1 lam_top=+0.20 align=1.00
[E7] 696/3456 (2720s) bert-base-uncased L4H10 sign=-0.08 symD=0 V=full p=1 steps=6698: speed0=9.70e-02 speedT=6.51e-08 cos=+1.00 k=1 lam_top=+0.20 align=1.00
[E7] 697/3456 (2725s) bert-base-uncased L4H10 sign=-0.08 symD=0 V=sym p=1 steps=4846: speed0=8.80e-02 speedT=2.02e-07 cos=+1.00 k=1 lam_top=+0.60 align=1.00
[E7] 698/3456 (2727s) bert-base-uncased L4H10 sign=-0.08 symD=0 V=sym p=0 steps=5852: speed0=9.39e-02 speedT=2.34e-07 cos=+1.00 k=1 lam_top=+0.60 align=1.00
[E7] 699/3456 (2728s) bert-base-uncased L4H9 sign=-0.99 symD=1 V=push p=0 steps=17028: speed0=6.58e-02 speedT=1.17e-03 cos=-0.01 k=63 lam_top=-0.12 align=0.00
[E7] 700/3456 (2730s) bert-base-uncased L4H9 sign=-0.99 symD=1 V=push p=1 steps=18416: speed0=7.05e-02 speedT=5.14e-04 cos=-0.01 k=64 lam_top=-0.12 align=0.00
[E7] 701/3456 (2738s) bert-base-uncased L4H10 sign=-0.08 symD=1 V=full p=1 steps=6752: speed0=8.29e-02 speedT=1.03e-07 cos=+1.00 k=1 lam_top=+0.20 align=1.00
[E7] 702/3456 (2740s) bert-base-uncased L4H10 sign=-0.08 symD=1 V=full p=0 steps=9863: speed0=8.81e-02 speedT=4.37e-08 cos=+1.00 k=1 lam_top=+0.20 align=1.00
[E7] 703/3456 (2747s) bert-base-uncased L4H10 sign=-0.08 symD=1 V=sym p=0 steps=6404: speed0=8.87e-02 speedT=1.83e-07 cos=+1.00 k=1 lam_top=+0.60 align=1.00
[E7] 704/3456 (2749s) bert-base-uncased L4H10 sign=-0.08 symD=1 V=sym p=1 steps=6292: speed0=8.74e-02 speedT=1.83e-07 cos=+1.00 k=1 lam_top=+0.60 align=1.00
[E7] 705/3456 (2754s) bert-base-uncased L4H10 sign=-0.08 symD=0 V=push p=1 steps=25555: speed0=5.19e-02 speedT=2.96e-04 cos=-0.02 k=3 lam_top=-0.04 align=0.00
[E7] 706/3456 (2759s) bert-base-uncased L4H10 sign=-0.08 symD=0 V=push p=0 steps=35172: speed0=5.38e-02 speedT=1.35e-03 cos=-0.02 k=6 lam_top=-0.04 align=0.00
[E7] 707/3456 (2762s) bert-base-uncased L4H10 sign=-0.08 symD=1 V=push p=0 steps=13405: speed0=5.00e-02 speedT=2.91e-04 cos=-0.01 k=59 lam_top=-0.04 align=0.00
[E7] 708/3456 (2767s) bert-base-uncased L4H10 sign=-0.08 symD=1 V=push p=1 steps=15504: speed0=5.16e-02 speedT=3.48e-04 cos=-0.01 k=62 lam_top=-0.04 align=0.00
[E7] 709/3456 (2768s) bert-base-uncased L4H11 sign=+0.27 symD=0 V=sym p=0 steps=4628: speed0=1.03e-01 speedT=2.38e-07 cos=+1.00 k=1 lam_top=+0.53 align=1.00
[E7] 710/3456 (2772s) bert-base-uncased L4H11 sign=+0.27 symD=0 V=sym p=1 steps=4138: speed0=1.04e-01 speedT=2.36e-07 cos=+1.00 k=1 lam_top=+0.53 align=1.00
[E7] 711/3456 (2776s) bert-base-uncased L4H11 sign=+0.27 symD=0 V=full p=0 steps=21893: speed0=1.08e-01 speedT=2.41e-04 cos=+1.00 k=1 lam_top=+0.18 align=1.00
[E7] 712/3456 (2787s) bert-base-uncased L4H11 sign=+0.27 symD=0 V=full p=1 steps=29611: speed0=1.13e-01 speedT=8.15e-04 cos=+1.00 k=1 lam_top=+0.18 align=1.00
[E7] 713/3456 (2790s) bert-base-uncased L4H11 sign=+0.27 symD=0 V=push p=0 steps=24310: speed0=6.02e-02 speedT=2.58e-03 cos=-0.01 k=38 lam_top=-0.12 align=0.00
[E7] 714/3456 (2795s) bert-base-uncased L4H11 sign=+0.27 symD=1 V=full p=0 steps=15151: speed0=8.54e-02 speedT=6.50e-05 cos=+1.00 k=1 lam_top=+0.18 align=1.00
[E7] 715/3456 (2796s) bert-base-uncased L4H11 sign=+0.27 symD=0 V=push p=1 steps=25530: speed0=6.09e-02 speedT=1.15e-03 cos=-0.02 k=13 lam_top=-0.12 align=0.00
[E7] 716/3456 (2797s) bert-base-uncased L4H11 sign=+0.27 symD=1 V=sym p=0 steps=4449: speed0=9.35e-02 speedT=3.18e-07 cos=+1.00 k=1 lam_top=+0.53 align=1.00
[E7] 717/3456 (2802s) bert-base-uncased L4H11 sign=+0.27 symD=1 V=sym p=1 steps=4104: speed0=9.38e-02 speedT=3.28e-07 cos=+1.00 k=1 lam_top=+0.53 align=1.00
[E7] 718/3456 (2816s) bert-base-uncased L4H11 sign=+0.27 symD=1 V=push p=1 steps=15147: speed0=5.22e-02 speedT=3.36e-04 cos=-0.01 k=61 lam_top=-0.12 align=0.00
[E7] 719/3456 (2816s) bert-base-uncased L5H0 sign=-0.28 symD=0 V=full p=0 steps=13810: speed0=9.51e-02 speedT=1.40e-03 cos=+1.00 k=1 lam_top=+0.14 align=1.00
[E7] 720/3456 (2821s) bert-base-uncased L5H0 sign=-0.28 symD=0 V=sym p=0 steps=4887: speed0=9.08e-02 speedT=6.57e-06 cos=+1.00 k=1 lam_top=+0.45 align=1.00
[E7] 721/3456 (2823s) bert-base-uncased L4H11 sign=+0.27 symD=1 V=full p=1 steps=28578: speed0=8.64e-02 speedT=5.77e-04 cos=+1.00 k=1 lam_top=+0.18 align=1.00
[E7] 722/3456 (2826s) bert-base-uncased L5H0 sign=-0.28 symD=0 V=sym p=1 steps=5377: speed0=8.59e-02 speedT=2.73e-05 cos=+1.00 k=1 lam_top=+0.45 align=1.00
[E7] 723/3456 (2827s) bert-base-uncased L4H11 sign=+0.27 symD=1 V=push p=0 steps=22105: speed0=5.21e-02 speedT=3.39e-05 cos=-0.02 k=15 lam_top=-0.12 align=0.00
[E7] 724/3456 (2830s) bert-base-uncased L5H0 sign=-0.28 symD=0 V=full p=1 steps=16097: speed0=9.45e-02 speedT=2.72e-03 cos=+1.00 k=1 lam_top=+0.14 align=0.99
[E7] 725/3456 (2844s) bert-base-uncased L5H0 sign=-0.28 symD=0 V=push p=1 steps=19547: speed0=5.82e-02 speedT=1.66e-03 cos=-0.01 k=27 lam_top=-0.08 align=0.01
[E7] 726/3456 (2846s) bert-base-uncased L5H0 sign=-0.28 symD=1 V=full p=0 steps=16230: speed0=7.90e-02 speedT=4.71e-03 cos=+1.00 k=1 lam_top=+0.14 align=0.96
[E7] 727/3456 (2848s) bert-base-uncased L5H0 sign=-0.28 symD=1 V=full p=1 steps=15520: speed0=8.18e-02 speedT=2.44e-03 cos=+1.00 k=1 lam_top=+0.14 align=0.99
[E7] 728/3456 (2850s) bert-base-uncased L5H0 sign=-0.28 symD=0 V=push p=0 steps=31117: speed0=6.08e-02 speedT=5.89e-03 cos=-0.01 k=41 lam_top=-0.08 align=0.00
[E7] 729/3456 (2851s) bert-base-uncased L5H0 sign=-0.28 symD=1 V=sym p=0 steps=4914: speed0=8.84e-02 speedT=1.04e-05 cos=+1.00 k=1 lam_top=+0.45 align=1.00
[E7] 730/3456 (2852s) bert-base-uncased L5H0 sign=-0.28 symD=1 V=sym p=1 steps=4969: speed0=8.36e-02 speedT=8.95e-06 cos=+1.00 k=1 lam_top=+0.45 align=1.00
[E7] 731/3456 (2862s) bert-base-uncased L5H0 sign=-0.28 symD=1 V=push p=1 steps=10827: speed0=5.52e-02 speedT=9.38e-04 cos=+0.05 k=64 lam_top=-0.08 align=0.01
[E7] 732/3456 (2863s) bert-base-uncased L5H0 sign=-0.28 symD=1 V=push p=0 steps=12774: speed0=5.79e-02 speedT=9.21e-04 cos=+0.02 k=64 lam_top=-0.08 align=0.00
[E7] 733/3456 (2867s) bert-base-uncased L5H1 sign=+0.06 symD=0 V=sym p=0 steps=4744: speed0=9.31e-02 speedT=3.34e-07 cos=+1.00 k=1 lam_top=+0.48 align=1.00
[E7] 734/3456 (2869s) bert-base-uncased L5H1 sign=+0.06 symD=0 V=sym p=1 steps=4765: speed0=8.82e-02 speedT=3.17e-07 cos=+1.00 k=1 lam_top=+0.48 align=1.00
[E7] 735/3456 (2871s) bert-base-uncased L5H1 sign=+0.06 symD=0 V=full p=0 steps=20762: speed0=8.52e-02 speedT=1.21e-02 cos=+1.00 k=1 lam_top=+0.19 align=1.00
[E7] 736/3456 (2874s) bert-base-uncased L5H1 sign=+0.06 symD=0 V=full p=1 steps=20624: speed0=8.40e-02 speedT=1.16e-02 cos=+1.00 k=1 lam_top=+0.19 align=1.00
[E7] 737/3456 (2885s) bert-base-uncased L5H1 sign=+0.06 symD=0 V=push p=0 steps=19758: speed0=6.31e-02 speedT=3.42e-04 cos=-0.01 k=2 lam_top=-0.14 align=0.00
[E7] 738/3456 (2892s) bert-base-uncased L5H1 sign=+0.06 symD=1 V=sym p=0 steps=4689: speed0=9.11e-02 speedT=3.18e-07 cos=+1.00 k=1 lam_top=+0.48 align=1.00
[E7] 739/3456 (2895s) bert-base-uncased L5H1 sign=+0.06 symD=1 V=full p=0 steps=20316: speed0=7.99e-02 speedT=1.15e-02 cos=+1.00 k=1 lam_top=+0.19 align=1.00
[E7] 740/3456 (2898s) bert-base-uncased L5H1 sign=+0.06 symD=1 V=sym p=1 steps=4799: speed0=8.58e-02 speedT=2.73e-07 cos=+1.00 k=1 lam_top=+0.48 align=1.00
[E7] 741/3456 (2899s) bert-base-uncased L5H1 sign=+0.06 symD=1 V=full p=1 steps=20622: speed0=7.65e-02 speedT=1.16e-02 cos=+1.00 k=1 lam_top=+0.19 align=1.00
[E7] 742/3456 (2902s) bert-base-uncased L5H2 sign=-0.46 symD=0 V=full p=0 steps=3620: speed0=8.05e-02 speedT=1.75e-07 cos=+1.00 k=1 lam_top=+0.25 align=1.00
[E7] 743/3456 (2903s) bert-base-uncased L5H1 sign=+0.06 symD=1 V=push p=0 steps=6683: speed0=6.20e-02 speedT=1.70e-07 cos=-0.02 k=2 lam_top=-0.14 align=0.00
[E7] 744/3456 (2906s) bert-base-uncased L5H2 sign=-0.46 symD=0 V=full p=1 steps=3994: speed0=6.36e-02 speedT=1.75e-07 cos=+1.00 k=1 lam_top=+0.25 align=1.00
[E7] 745/3456 (2907s) bert-base-uncased L5H1 sign=+0.06 symD=0 V=push p=1 steps=42828: speed0=6.16e-02 speedT=1.04e-03 cos=+0.07 k=2 lam_top=-0.14 align=0.00
[E7] 746/3456 (2910s) bert-base-uncased L5H2 sign=-0.46 symD=0 V=sym p=0 steps=3758: speed0=1.58e-01 speedT=2.60e-07 cos=+1.00 k=1 lam_top=+0.55 align=1.00
[E7] 747/3456 (2911s) bert-base-uncased L5H2 sign=-0.46 symD=0 V=sym p=1 steps=3984: speed0=1.60e-01 speedT=4.86e-07 cos=+1.00 k=1 lam_top=+0.55 align=1.00
[E7] 748/3456 (2915s) bert-base-uncased L5H2 sign=-0.46 symD=1 V=full p=0 steps=3394: speed0=5.43e-02 speedT=1.75e-07 cos=+1.00 k=1 lam_top=+0.25 align=1.00
[E7] 749/3456 (2918s) bert-base-uncased L5H2 sign=-0.46 symD=1 V=full p=1 steps=3518: speed0=5.93e-02 speedT=1.75e-07 cos=+1.00 k=1 lam_top=+0.25 align=1.00
[E7] 750/3456 (2923s) bert-base-uncased L5H2 sign=-0.46 symD=1 V=sym p=0 steps=3809: speed0=1.52e-01 speedT=2.70e-07 cos=+1.00 k=1 lam_top=+0.55 align=1.00
[E7] 751/3456 (2929s) bert-base-uncased L5H2 sign=-0.46 symD=1 V=sym p=1 steps=3966: speed0=1.55e-01 speedT=3.88e-07 cos=+1.00 k=1 lam_top=+0.55 align=1.00
[E7] 752/3456 (2939s) bert-base-uncased L5H1 sign=+0.06 symD=1 V=push p=1 steps=37025: speed0=5.97e-02 speedT=1.01e-04 cos=-0.01 k=2 lam_top=-0.14 align=0.00
[E7] 753/3456 (2952s) bert-base-uncased L5H2 sign=-0.46 symD=0 V=push p=0 steps=51422: speed0=1.08e-01 speedT=5.49e-03 cos=-0.02 k=15 lam_top=-0.09 align=0.00
[E7] 754/3456 (2954s) bert-base-uncased L5H2 sign=-0.46 symD=1 V=push p=0 steps=20974: speed0=1.02e-01 speedT=1.36e-04 cos=-0.01 k=33 lam_top=-0.09 align=0.00
[E7] 755/3456 (2956s) bert-base-uncased L5H2 sign=-0.46 symD=0 V=push p=1 steps=49302: speed0=1.06e-01 speedT=2.25e-05 cos=-0.01 k=5 lam_top=-0.09 align=0.01
[E7] 756/3456 (2957s) bert-base-uncased L5H3 sign=-0.11 symD=0 V=full p=0 steps=4758: speed0=9.64e-02 speedT=2.24e-07 cos=+1.00 k=1 lam_top=+0.23 align=1.00
[E7] 757/3456 (2957s) bert-base-uncased L5H3 sign=-0.11 symD=0 V=full p=1 steps=4158: speed0=8.75e-02 speedT=5.07e-08 cos=+1.00 k=1 lam_top=+0.23 align=1.00
[E7] 758/3456 (2961s) bert-base-uncased L5H3 sign=-0.11 symD=0 V=sym p=0 steps=4302: speed0=9.12e-02 speedT=2.32e-07 cos=+1.00 k=1 lam_top=+0.59 align=1.00
[E7] 759/3456 (2961s) bert-base-uncased L5H3 sign=-0.11 symD=0 V=sym p=1 steps=3990: speed0=8.72e-02 speedT=1.83e-07 cos=+1.00 k=1 lam_top=+0.59 align=1.00
[E7] 760/3456 (2966s) bert-base-uncased L5H3 sign=-0.11 symD=1 V=full p=0 steps=4974: speed0=7.70e-02 speedT=2.15e-07 cos=+1.00 k=1 lam_top=+0.23 align=1.00
[E7] 761/3456 (2968s) bert-base-uncased L5H2 sign=-0.46 symD=1 V=push p=1 steps=24846: speed0=1.02e-01 speedT=1.63e-04 cos=-0.01 k=32 lam_top=-0.09 align=0.00
[E7] 762/3456 (2971s) bert-base-uncased L5H3 sign=-0.11 symD=1 V=full p=1 steps=4175: speed0=7.60e-02 speedT=1.72e-07 cos=+1.00 k=1 lam_top=+0.23 align=1.00
[E7] 763/3456 (2975s) bert-base-uncased L5H3 sign=-0.11 symD=1 V=sym p=0 steps=4647: speed0=8.42e-02 speedT=2.03e-07 cos=+1.00 k=1 lam_top=+0.59 align=1.00
[E7] 764/3456 (2976s) bert-base-uncased L5H3 sign=-0.11 symD=1 V=sym p=1 steps=4549: speed0=8.34e-02 speedT=1.83e-07 cos=+1.00 k=1 lam_top=+0.59 align=1.00
[E7] 765/3456 (2981s) bert-base-uncased L5H3 sign=-0.11 symD=0 V=push p=1 steps=22175: speed0=5.30e-02 speedT=3.82e-05 cos=-0.02 k=3 lam_top=-0.05 align=0.00
[E7] 766/3456 (2985s) bert-base-uncased L5H4 sign=-0.98 symD=0 V=full p=0 steps=5392: speed0=7.34e-02 speedT=1.15e-07 cos=+1.00 k=1 lam_top=+0.02 align=1.00
[E7] 767/3456 (2992s) bert-base-uncased L5H3 sign=-0.11 symD=1 V=push p=0 steps=12758: speed0=5.05e-02 speedT=3.13e-04 cos=-0.00 k=58 lam_top=-0.05 align=0.00
[E7] 768/3456 (2993s) bert-base-uncased L5H3 sign=-0.11 symD=1 V=push p=1 steps=13930: speed0=5.04e-02 speedT=3.40e-03 cos=-0.00 k=64 lam_top=-0.05 align=0.00
[E7] 769/3456 (2996s) bert-base-uncased L5H4 sign=-0.98 symD=0 V=sym p=0 steps=4107: speed0=1.04e-01 speedT=2.03e-07 cos=+1.00 k=1 lam_top=+0.32 align=1.00
[E7] 770/3456 (2998s) bert-base-uncased L5H4 sign=-0.98 symD=0 V=sym p=1 steps=4234: speed0=9.67e-02 speedT=2.48e-07 cos=+1.00 k=1 lam_top=+0.32 align=1.00
[E7] 771/3456 (2998s) bert-base-uncased L5H4 sign=-0.98 symD=0 V=full p=1 steps=13136: speed0=7.27e-02 speedT=2.95e-07 cos=+1.00 k=1 lam_top=+0.02 align=1.00
[E7] 772/3456 (3005s) bert-base-uncased L5H3 sign=-0.11 symD=0 V=push p=0 steps=52834: speed0=5.44e-02 speedT=1.58e-02 cos=+0.07 k=39 lam_top=-0.05 align=0.67
[E7] 773/3456 (3005s) bert-base-uncased L5H4 sign=-0.98 symD=1 V=full p=0 steps=6287: speed0=6.53e-02 speedT=3.14e-07 cos=+1.00 k=1 lam_top=+0.02 align=1.00
[E7] 774/3456 (3010s) bert-base-uncased L5H4 sign=-0.98 symD=0 V=push p=0 steps=15753: speed0=9.23e-02 speedT=1.07e-03 cos=-0.01 k=30 lam_top=-0.18 align=0.01
[E7] 775/3456 (3011s) bert-base-uncased L5H4 sign=-0.98 symD=1 V=sym p=0 steps=4131: speed0=9.88e-02 speedT=1.91e-07 cos=+1.00 k=1 lam_top=+0.32 align=1.00
[E7] 776/3456 (3014s) bert-base-uncased L5H4 sign=-0.98 symD=1 V=full p=1 steps=8454: speed0=6.83e-02 speedT=3.34e-07 cos=+1.00 k=1 lam_top=+0.02 align=1.00
[E7] 777/3456 (3018s) bert-base-uncased L5H4 sign=-0.98 symD=0 V=push p=1 steps=23529: speed0=8.62e-02 speedT=1.24e-03 cos=-0.01 k=16 lam_top=-0.18 align=0.01
[E7] 778/3456 (3018s) bert-base-uncased L5H4 sign=-0.98 symD=1 V=sym p=1 steps=4219: speed0=9.58e-02 speedT=1.91e-07 cos=+1.00 k=1 lam_top=+0.32 align=1.00
[E7] 779/3456 (3026s) bert-base-uncased L5H5 sign=+0.43 symD=0 V=full p=1 steps=7562: speed0=9.50e-02 speedT=3.62e-08 cos=+1.00 k=1 lam_top=+0.20 align=1.00
[E7] 780/3456 (3027s) bert-base-uncased L5H4 sign=-0.98 symD=1 V=push p=0 steps=14187: speed0=8.63e-02 speedT=3.95e-04 cos=+0.01 k=64 lam_top=-0.18 align=0.01
[E7] 781/3456 (3029s) bert-base-uncased L5H5 sign=+0.43 symD=0 V=full p=0 steps=11261: speed0=8.76e-02 speedT=3.96e-06 cos=+1.00 k=1 lam_top=+0.20 align=1.00
[E7] 782/3456 (3030s) bert-base-uncased L5H5 sign=+0.43 symD=0 V=sym p=0 steps=3874: speed0=9.41e-02 speedT=2.85e-07 cos=+1.00 k=1 lam_top=+0.52 align=1.00
[E7] 783/3456 (3034s) bert-base-uncased L5H4 sign=-0.98 symD=1 V=push p=1 steps=16176: speed0=8.50e-02 speedT=2.15e-04 cos=-0.01 k=43 lam_top=-0.18 align=0.00
[E7] 784/3456 (3035s) bert-base-uncased L5H5 sign=+0.43 symD=0 V=sym p=1 steps=6743: speed0=9.94e-02 speedT=1.29e-07 cos=+0.13 k=2 lam_top=+0.52 align=1.00
[E7] 785/3456 (3036s) bert-base-uncased L5H5 sign=+0.43 symD=0 V=push p=1 steps=8110: speed0=5.63e-02 speedT=1.41e-05 cos=-0.01 k=2 lam_top=-0.10 align=0.00
[E7] 786/3456 (3043s) bert-base-uncased L5H5 sign=+0.43 symD=0 V=push p=0 steps=15485: speed0=5.49e-02 speedT=7.40e-05 cos=+0.18 k=3 lam_top=-0.10 align=0.00
[E7] 787/3456 (3044s) bert-base-uncased L5H5 sign=+0.43 symD=1 V=full p=1 steps=7741: speed0=9.72e-02 speedT=3.86e-08 cos=+1.00 k=1 lam_top=+0.20 align=1.00
[E7] 788/3456 (3044s) bert-base-uncased L5H5 sign=+0.43 symD=1 V=sym p=0 steps=6969: speed0=9.31e-02 speedT=2.71e-07 cos=+0.51 k=2 lam_top=+0.52 align=1.00
[E7] 789/3456 (3046s) bert-base-uncased L5H5 sign=+0.43 symD=1 V=full p=0 steps=9730: speed0=8.88e-02 speedT=3.13e-07 cos=+1.00 k=1 lam_top=+0.20 align=1.00
[E7] 790/3456 (3052s) bert-base-uncased L5H5 sign=+0.43 symD=1 V=sym p=1 steps=6622: speed0=1.00e-01 speedT=2.19e-07 cos=+0.06 k=2 lam_top=+0.52 align=1.00
[E7] 791/3456 (3087s) bert-base-uncased L5H5 sign=+0.43 symD=1 V=push p=1 steps=41879: speed0=5.59e-02 speedT=1.29e-04 cos=-0.02 k=6 lam_top=-0.10 align=0.00
[E7] 792/3456 (3091s) bert-base-uncased L5H6 sign=+0.41 symD=0 V=sym p=0 steps=4390: speed0=1.14e-01 speedT=2.63e-07 cos=+1.00 k=1 lam_top=+0.58 align=1.00
[E7] 793/3456 (3094s) bert-base-uncased L5H5 sign=+0.43 symD=1 V=push p=0 steps=48134: speed0=5.43e-02 speedT=1.17e-03 cos=+0.05 k=2 lam_top=-0.10 align=0.00
[E7] 794/3456 (3095s) bert-base-uncased L5H6 sign=+0.41 symD=0 V=full p=0 steps=50239: speed0=1.23e-01 speedT=4.63e-02 cos=+1.00 k=1 lam_top=+0.23 align=1.00
[E7] 795/3456 (3095s) bert-base-uncased L5H6 sign=+0.41 symD=0 V=sym p=1 steps=4325: speed0=1.14e-01 speedT=2.66e-07 cos=+1.00 k=1 lam_top=+0.58 align=1.00
[E7] 796/3456 (3105s) bert-base-uncased L5H6 sign=+0.41 symD=0 V=full p=1 steps=53897: speed0=1.27e-01 speedT=2.75e-02 cos=+1.00 k=1 lam_top=+0.23 align=0.99
[E7] 797/3456 (3107s) bert-base-uncased L5H6 sign=+0.41 symD=0 V=push p=0 steps=16100: speed0=6.76e-02 speedT=1.54e-04 cos=-0.02 k=8 lam_top=-0.16 align=0.00
[E7] 798/3456 (3109s) bert-base-uncased L5H6 sign=+0.41 symD=0 V=push p=1 steps=17138: speed0=7.15e-02 speedT=1.46e-07 cos=-0.02 k=2 lam_top=-0.16 align=0.00
[E7] 799/3456 (3113s) bert-base-uncased L5H6 sign=+0.41 symD=1 V=sym p=0 steps=4291: speed0=1.06e-01 speedT=2.90e-07 cos=+1.00 k=1 lam_top=+0.58 align=1.00
[E7] 800/3456 (3114s) bert-base-uncased L5H6 sign=+0.41 symD=1 V=sym p=1 steps=4432: speed0=1.04e-01 speedT=2.83e-07 cos=+1.00 k=1 lam_top=+0.58 align=1.00
[E7] 801/3456 (3120s) bert-base-uncased L5H6 sign=+0.41 symD=1 V=push p=1 steps=5660: speed0=6.33e-02 speedT=1.47e-07 cos=-0.02 k=2 lam_top=-0.16 align=0.00
[E7] 802/3456 (3135s) bert-base-uncased L5H6 sign=+0.41 symD=1 V=push p=0 steps=22866: speed0=6.04e-02 speedT=5.21e-05 cos=-0.01 k=2 lam_top=-0.16 align=0.00
[E7] 803/3456 (3142s) bert-base-uncased L5H7 sign=+0.42 symD=0 V=full p=0 steps=23237: speed0=1.05e-01 speedT=5.35e-02 cos=+1.00 k=1 lam_top=+0.22 align=0.99
[E7] 804/3456 (3147s) bert-base-uncased L5H7 sign=+0.42 symD=0 V=sym p=0 steps=4074: speed0=1.00e-01 speedT=2.28e-06 cos=+1.00 k=1 lam_top=+0.51 align=1.00
[E7] 805/3456 (3151s) bert-base-uncased L5H7 sign=+0.42 symD=0 V=sym p=1 steps=3704: speed0=9.88e-02 speedT=4.05e-07 cos=+1.00 k=1 lam_top=+0.51 align=1.00
[E7] 806/3456 (3153s) bert-base-uncased L5H6 sign=+0.41 symD=1 V=full p=0 steps=52344: speed0=1.05e-01 speedT=3.71e-02 cos=+1.00 k=1 lam_top=+0.23 align=1.00
[E7] 807/3456 (3161s) bert-base-uncased L5H7 sign=+0.42 symD=0 V=full p=1 steps=29362: speed0=1.02e-01 speedT=4.52e-02 cos=+1.00 k=1 lam_top=+0.22 align=0.95
[E7] 808/3456 (3166s) bert-base-uncased L5H6 sign=+0.41 symD=1 V=full p=1 steps=54792: speed0=1.07e-01 speedT=2.69e-02 cos=+1.00 k=1 lam_top=+0.23 align=0.99
[E7] 809/3456 (3182s) bert-base-uncased L5H7 sign=+0.42 symD=0 V=push p=0 steps=40828: speed0=5.90e-02 speedT=1.54e-03 cos=-0.02 k=7 lam_top=-0.15 align=0.00
[E7] 810/3456 (3183s) bert-base-uncased L5H7 sign=+0.42 symD=1 V=full p=0 steps=20983: speed0=8.74e-02 speedT=5.33e-02 cos=+1.00 k=1 lam_top=+0.22 align=1.00
[E7] 811/3456 (3187s) bert-base-uncased L5H7 sign=+0.42 symD=1 V=sym p=0 steps=4250: speed0=1.02e-01 speedT=2.52e-06 cos=+1.00 k=1 lam_top=+0.51 align=1.00
[E7] 812/3456 (3189s) bert-base-uncased L5H7 sign=+0.42 symD=1 V=sym p=1 steps=3765: speed0=1.01e-01 speedT=8.45e-07 cos=+1.00 k=1 lam_top=+0.51 align=1.00
[E7] 813/3456 (3190s) bert-base-uncased L5H7 sign=+0.42 symD=1 V=full p=1 steps=24924: speed0=8.70e-02 speedT=5.60e-02 cos=+1.00 k=1 lam_top=+0.22 align=0.99
[E7] 814/3456 (3200s) bert-base-uncased L5H7 sign=+0.42 symD=0 V=push p=1 steps=50843: speed0=6.08e-02 speedT=9.23e-04 cos=-0.00 k=3 lam_top=-0.15 align=0.00
[E7] 815/3456 (3217s) bert-base-uncased L5H8 sign=+0.05 symD=0 V=full p=0 steps=28418: speed0=7.11e-02 speedT=6.72e-02 cos=+1.00 k=1 lam_top=+0.23 align=1.00
[E7] 816/3456 (3218s) bert-base-uncased L5H7 sign=+0.42 symD=1 V=push p=0 steps=28489: speed0=6.79e-02 speedT=3.43e-03 cos=-0.01 k=3 lam_top=-0.15 align=0.00
[E7] 817/3456 (3221s) bert-base-uncased L5H8 sign=+0.05 symD=0 V=sym p=0 steps=3965: speed0=8.61e-02 speedT=3.18e-04 cos=+1.00 k=1 lam_top=+0.60 align=0.99
[E7] 818/3456 (3221s) bert-base-uncased L5H8 sign=+0.05 symD=0 V=sym p=1 steps=4343: speed0=8.39e-02 speedT=4.17e-05 cos=+1.00 k=1 lam_top=+0.60 align=1.00
[E7] 819/3456 (3224s) bert-base-uncased L5H8 sign=+0.05 symD=0 V=full p=1 steps=27718: speed0=7.96e-02 speedT=8.11e-02 cos=+1.00 k=1 lam_top=+0.23 align=1.00
[E7] 820/3456 (3236s) bert-base-uncased L5H8 sign=+0.05 symD=0 V=push p=1 steps=15763: speed0=5.48e-02 speedT=4.35e-03 cos=-0.00 k=44 lam_top=-0.07 align=0.01
[E7] 821/3456 (3239s) bert-base-uncased L5H7 sign=+0.42 symD=1 V=push p=1 steps=50085: speed0=6.83e-02 speedT=2.50e-04 cos=-0.01 k=2 lam_top=-0.15 align=0.00
[E7] 822/3456 (3244s) bert-base-uncased L5H8 sign=+0.05 symD=1 V=sym p=0 steps=3834: speed0=8.41e-02 speedT=2.31e-04 cos=+1.00 k=1 lam_top=+0.60 align=1.00
[E7] 823/3456 (3248s) bert-base-uncased L5H8 sign=+0.05 symD=1 V=sym p=1 steps=4250: speed0=8.43e-02 speedT=4.15e-05 cos=+1.00 k=1 lam_top=+0.60 align=1.00
[E7] 824/3456 (3254s) bert-base-uncased L5H8 sign=+0.05 symD=0 V=push p=0 steps=37589: speed0=5.59e-02 speedT=2.33e-02 cos=+0.02 k=46 lam_top=-0.07 align=0.01
[E7] 825/3456 (3256s) bert-base-uncased L5H8 sign=+0.05 symD=1 V=full p=0 steps=29022: speed0=5.75e-02 speedT=8.32e-02 cos=+1.00 k=1 lam_top=+0.23 align=1.00
[E7] 826/3456 (3260s) bert-base-uncased L5H8 sign=+0.05 symD=1 V=push p=0 steps=10860: speed0=5.66e-02 speedT=4.35e-04 cos=+0.02 k=64 lam_top=-0.07 align=0.01
[E7] 827/3456 (3265s) bert-base-uncased L5H8 sign=+0.05 symD=1 V=push p=1 steps=11273: speed0=5.59e-02 speedT=2.78e-04 cos=+0.02 k=51 lam_top=-0.07 align=0.00
[E7] 828/3456 (3267s) bert-base-uncased L5H8 sign=+0.05 symD=1 V=full p=1 steps=27656: speed0=7.00e-02 speedT=6.60e-02 cos=+1.00 k=1 lam_top=+0.23 align=1.00
[E7] 829/3456 (3271s) bert-base-uncased L5H9 sign=+0.56 symD=0 V=sym p=0 steps=6052: speed0=1.16e-01 speedT=3.03e-07 cos=+1.00 k=1 lam_top=+0.48 align=1.00
[E7] 830/3456 (3272s) bert-base-uncased L5H9 sign=+0.56 symD=0 V=sym p=1 steps=5145: speed0=1.14e-01 speedT=2.78e-07 cos=+1.00 k=1 lam_top=+0.48 align=1.00
[E7] 831/3456 (3284s) bert-base-uncased L5H9 sign=+0.56 symD=0 V=push p=1 steps=13700: speed0=6.39e-02 speedT=3.86e-06 cos=-0.01 k=5 lam_top=-0.01 align=0.00
[E7] 832/3456 (3290s) bert-base-uncased L5H9 sign=+0.56 symD=0 V=push p=0 steps=22278: speed0=6.52e-02 speedT=6.40e-04 cos=-0.01 k=9 lam_top=-0.01 align=0.00
[E7] 833/3456 (3293s) bert-base-uncased L5H9 sign=+0.56 symD=0 V=full p=0 steps=41666: speed0=1.23e-01 speedT=8.36e-02 cos=+0.37 k=3 lam_top=+0.19 align=1.00
[E7] 834/3456 (3300s) bert-base-uncased L5H9 sign=+0.56 symD=0 V=full p=1 steps=42894: speed0=1.28e-01 speedT=8.25e-02 cos=+0.03 k=3 lam_top=+0.19 align=1.00
[E7] 835/3456 (3301s) bert-base-uncased L5H9 sign=+0.56 symD=1 V=sym p=0 steps=6471: speed0=1.12e-01 speedT=2.43e-07 cos=+1.00 k=1 lam_top=+0.48 align=1.00
[E7] 836/3456 (3308s) bert-base-uncased L5H9 sign=+0.56 symD=1 V=sym p=1 steps=5697: speed0=1.05e-01 speedT=2.06e-07 cos=+1.00 k=1 lam_top=+0.48 align=1.00
[E7] 837/3456 (3325s) bert-base-uncased L5H9 sign=+0.56 symD=1 V=push p=0 steps=21323: speed0=6.15e-02 speedT=3.20e-05 cos=-0.01 k=16 lam_top=-0.01 align=0.00
[E7] 838/3456 (3334s) bert-base-uncased L5H9 sign=+0.56 symD=1 V=full p=1 steps=37781: speed0=1.03e-01 speedT=8.37e-02 cos=+0.01 k=5 lam_top=+0.19 align=1.00
[E7] 839/3456 (3337s) bert-base-uncased L5H9 sign=+0.56 symD=1 V=full p=0 steps=45361: speed0=1.02e-01 speedT=8.37e-02 cos=+0.19 k=4 lam_top=+0.19 align=1.00
[E7] 840/3456 (3343s) bert-base-uncased L5H10 sign=+0.35 symD=0 V=sym p=0 steps=5774: speed0=1.13e-01 speedT=2.56e-07 cos=+1.00 k=1 lam_top=+0.57 align=1.00
[E7] 841/3456 (3349s) bert-base-uncased L5H9 sign=+0.56 symD=1 V=push p=1 steps=37574: speed0=5.64e-02 speedT=6.50e-04 cos=-0.02 k=8 lam_top=-0.01 align=0.01
[E7] 842/3456 (3349s) bert-base-uncased L5H10 sign=+0.35 symD=0 V=sym p=1 steps=5647: speed0=1.11e-01 speedT=2.66e-07 cos=+1.00 k=1 lam_top=+0.57 align=1.00
[E7] 843/3456 (3360s) bert-base-uncased L5H10 sign=+0.35 symD=0 V=full p=0 steps=38633: speed0=1.07e-01 speedT=9.64e-02 cos=+1.00 k=1 lam_top=+0.21 align=1.00
[E7] 844/3456 (3366s) bert-base-uncased L5H10 sign=+0.35 symD=0 V=push p=0 steps=19622: speed0=6.23e-02 speedT=3.66e-03 cos=-0.02 k=8 lam_top=-0.03 align=0.00
[E7] 845/3456 (3370s) bert-base-uncased L5H10 sign=+0.35 symD=0 V=full p=1 steps=39214: speed0=1.05e-01 speedT=9.65e-02 cos=+1.00 k=1 lam_top=+0.21 align=1.00
[E7] 846/3456 (3374s) bert-base-uncased L5H10 sign=+0.35 symD=0 V=push p=1 steps=28099: speed0=6.30e-02 speedT=4.66e-04 cos=-0.02 k=4 lam_top=-0.03 align=0.00
[E7] 847/3456 (3376s) bert-base-uncased L5H10 sign=+0.35 symD=1 V=sym p=0 steps=5093: speed0=1.06e-01 speedT=2.35e-07 cos=+1.00 k=1 lam_top=+0.57 align=1.00
[E7] 848/3456 (3380s) bert-base-uncased L5H10 sign=+0.35 symD=1 V=sym p=1 steps=4991: speed0=1.04e-01 speedT=1.74e-07 cos=+1.00 k=1 lam_top=+0.57 align=1.00
[E7] 849/3456 (3392s) bert-base-uncased L5H10 sign=+0.35 symD=1 V=push p=0 steps=13593: speed0=5.80e-02 speedT=2.37e-04 cos=-0.01 k=61 lam_top=-0.03 align=0.00
[E7] 850/3456 (3395s) bert-base-uncased L5H10 sign=+0.35 symD=1 V=push p=1 steps=14453: speed0=5.76e-02 speedT=1.43e-04 cos=-0.01 k=58 lam_top=-0.03 align=0.00
[E7] 851/3456 (3401s) bert-base-uncased L5H10 sign=+0.35 symD=1 V=full p=0 steps=38302: speed0=9.44e-02 speedT=9.16e-02 cos=+1.00 k=1 lam_top=+0.21 align=1.00
[E7] 852/3456 (3404s) bert-base-uncased L5H11 sign=-0.51 symD=0 V=sym p=0 steps=3686: speed0=9.95e-02 speedT=2.64e-07 cos=+1.00 k=1 lam_top=+0.43 align=1.00
[E7] 853/3456 (3409s) bert-base-uncased L5H11 sign=-0.51 symD=0 V=sym p=1 steps=3632: speed0=9.28e-02 speedT=1.65e-07 cos=+1.00 k=1 lam_top=+0.43 align=1.00
[E7] 854/3456 (3409s) bert-base-uncased L5H10 sign=+0.35 symD=1 V=full p=1 steps=37647: speed0=8.96e-02 speedT=7.60e-02 cos=+1.00 k=1 lam_top=+0.21 align=1.00
[E7] 855/3456 (3411s) bert-base-uncased L5H11 sign=-0.51 symD=0 V=full p=0 steps=21836: speed0=9.11e-02 speedT=2.17e-02 cos=+1.00 k=1 lam_top=+0.10 align=1.00
[E7] 856/3456 (3412s) bert-base-uncased L5H11 sign=-0.51 symD=0 V=full p=1 steps=21340: speed0=8.23e-02 speedT=2.62e-02 cos=+1.00 k=1 lam_top=+0.10 align=1.00
[E7] 857/3456 (3421s) bert-base-uncased L5H11 sign=-0.51 symD=0 V=push p=0 steps=17049: speed0=6.78e-02 speedT=1.16e-03 cos=+0.02 k=14 lam_top=-0.05 align=0.02
[E7] 858/3456 (3425s) bert-base-uncased L5H11 sign=-0.51 symD=1 V=sym p=0 steps=3732: speed0=9.30e-02 speedT=2.33e-07 cos=+1.00 k=1 lam_top=+0.43 align=1.00
[E7] 859/3456 (3428s) bert-base-uncased L5H11 sign=-0.51 symD=0 V=push p=1 steps=22670: speed0=6.36e-02 speedT=4.32e-03 cos=-0.02 k=4 lam_top=-0.05 align=0.01
[E7] 860/3456 (3431s) bert-base-uncased L5H11 sign=-0.51 symD=1 V=sym p=1 steps=3672: speed0=8.82e-02 speedT=2.68e-07 cos=+1.00 k=1 lam_top=+0.43 align=1.00
[E7] 861/3456 (3431s) bert-base-uncased L5H11 sign=-0.51 symD=1 V=full p=0 steps=21660: speed0=7.24e-02 speedT=2.69e-02 cos=+1.00 k=1 lam_top=+0.10 align=1.00
[E7] 862/3456 (3437s) bert-base-uncased L6H0 sign=-0.05 symD=0 V=full p=0 steps=6802: speed0=1.23e-01 speedT=1.03e-07 cos=+1.00 k=1 lam_top=+0.18 align=1.00
[E7] 863/3456 (3437s) bert-base-uncased L5H11 sign=-0.51 symD=1 V=full p=1 steps=20841: speed0=6.96e-02 speedT=2.15e-02 cos=+1.00 k=1 lam_top=+0.10 align=1.00
[E7] 864/3456 (3438s) bert-base-uncased L5H11 sign=-0.51 symD=1 V=push p=1 steps=6169: speed0=6.03e-02 speedT=3.65e-06 cos=-0.02 k=3 lam_top=-0.05 align=0.00
[E7] 865/3456 (3442s) bert-base-uncased L6H0 sign=-0.05 symD=0 V=full p=1 steps=5954: speed0=1.19e-01 speedT=5.71e-08 cos=+1.00 k=1 lam_top=+0.18 align=1.00
[E7] 866/3456 (3442s) bert-base-uncased L6H0 sign=-0.05 symD=0 V=sym p=1 steps=4411: speed0=9.59e-02 speedT=2.49e-07 cos=+1.00 k=1 lam_top=+0.51 align=1.00
[E7] 867/3456 (3444s) bert-base-uncased L6H0 sign=-0.05 symD=0 V=sym p=0 steps=4759: speed0=9.73e-02 speedT=2.18e-07 cos=+1.00 k=1 lam_top=+0.51 align=1.00
[E7] 868/3456 (3447s) bert-base-uncased L5H11 sign=-0.51 symD=1 V=push p=0 steps=17175: speed0=6.41e-02 speedT=2.04e-05 cos=-0.02 k=6 lam_top=-0.05 align=0.00
[E7] 869/3456 (3447s) bert-base-uncased L6H0 sign=-0.05 symD=0 V=push p=0 steps=8009: speed0=5.89e-02 speedT=2.32e-07 cos=+0.27 k=2 lam_top=-0.06 align=0.00
[E7] 870/3456 (3450s) bert-base-uncased L6H0 sign=-0.05 symD=0 V=push p=1 steps=10377: speed0=5.31e-02 speedT=2.07e-07 cos=-0.02 k=2 lam_top=-0.06 align=0.00
[E7] 871/3456 (3452s) bert-base-uncased L6H0 sign=-0.05 symD=1 V=sym p=0 steps=4514: speed0=9.77e-02 speedT=2.13e-07 cos=+1.00 k=1 lam_top=+0.51 align=1.00
[E7] 872/3456 (3453s) bert-base-uncased L6H0 sign=-0.05 symD=1 V=full p=0 steps=6920: speed0=1.23e-01 speedT=1.56e-07 cos=+1.00 k=1 lam_top=+0.18 align=1.00
[E7] 873/3456 (3454s) bert-base-uncased L6H0 sign=-0.05 symD=1 V=full p=1 steps=6037: speed0=1.15e-01 speedT=1.32e-07 cos=+1.00 k=1 lam_top=+0.18 align=1.00
[E7] 874/3456 (3456s) bert-base-uncased L6H0 sign=-0.05 symD=1 V=sym p=1 steps=4286: speed0=9.44e-02 speedT=2.49e-07 cos=+1.00 k=1 lam_top=+0.51 align=1.00
[E7] 875/3456 (3458s) bert-base-uncased L6H1 sign=-0.45 symD=0 V=full p=0 steps=4706: speed0=7.29e-02 speedT=1.50e-07 cos=+1.00 k=1 lam_top=+0.14 align=1.00
[E7] 876/3456 (3460s) bert-base-uncased L6H0 sign=-0.05 symD=1 V=push p=1 steps=6859: speed0=5.29e-02 speedT=1.93e-07 cos=+0.03 k=2 lam_top=-0.06 align=0.00
[E7] 877/3456 (3464s) bert-base-uncased L6H0 sign=-0.05 symD=1 V=push p=0 steps=10336: speed0=5.72e-02 speedT=2.55e-07 cos=+0.27 k=2 lam_top=-0.06 align=0.00
[E7] 878/3456 (3465s) bert-base-uncased L6H1 sign=-0.45 symD=0 V=sym p=1 steps=4647: speed0=7.87e-02 speedT=2.05e-07 cos=+1.00 k=1 lam_top=+0.47 align=1.00
[E7] 879/3456 (3466s) bert-base-uncased L6H1 sign=-0.45 symD=0 V=full p=1 steps=12784: speed0=8.40e-02 speedT=2.88e-03 cos=+0.46 k=2 lam_top=+0.14 align=0.11
[E7] 880/3456 (3467s) bert-base-uncased L6H1 sign=-0.45 symD=0 V=sym p=0 steps=8242: speed0=7.35e-02 speedT=2.10e-07 cos=+1.00 k=1 lam_top=+0.47 align=1.00
[E7] 881/3456 (3471s) bert-base-uncased L6H1 sign=-0.45 symD=1 V=full p=0 steps=4706: speed0=7.01e-02 speedT=1.20e-07 cos=+1.00 k=1 lam_top=+0.14 align=1.00
[E7] 882/3456 (3473s) bert-base-uncased L6H1 sign=-0.45 symD=0 V=push p=0 steps=11429: speed0=5.03e-02 speedT=1.58e-07 cos=-0.02 k=2 lam_top=-0.13 align=0.00
[E7] 883/3456 (3474s) bert-base-uncased L6H1 sign=-0.45 symD=1 V=full p=1 steps=6007: speed0=7.97e-02 speedT=1.30e-07 cos=+1.00 k=1 lam_top=+0.14 align=1.00
[E7] 884/3456 (3476s) bert-base-uncased L6H1 sign=-0.45 symD=0 V=push p=1 steps=13175: speed0=5.30e-02 speedT=1.50e-05 cos=+0.34 k=4 lam_top=-0.13 align=0.00
[E7] 885/3456 (3479s) bert-base-uncased L6H1 sign=-0.45 symD=1 V=sym p=1 steps=4498: speed0=7.46e-02 speedT=2.05e-07 cos=+1.00 k=1 lam_top=+0.47 align=1.00
[E7] 886/3456 (3481s) bert-base-uncased L6H1 sign=-0.45 symD=1 V=sym p=0 steps=7729: speed0=7.25e-02 speedT=3.07e-07 cos=+1.00 k=1 lam_top=+0.47 align=1.00
[E7] 887/3456 (3495s) bert-base-uncased L6H2 sign=-0.80 symD=0 V=full p=0 steps=17406: speed0=9.77e-02 speedT=2.26e-02 cos=+1.00 k=1 lam_top=+0.09 align=1.00
[E7] 888/3456 (3497s) bert-base-uncased L6H2 sign=-0.80 symD=0 V=full p=1 steps=17101: speed0=9.68e-02 speedT=1.50e-02 cos=+1.00 k=1 lam_top=+0.09 align=1.00
[E7] 889/3456 (3499s) bert-base-uncased L6H1 sign=-0.45 symD=1 V=push p=1 steps=20572: speed0=4.98e-02 speedT=9.48e-08 cos=-0.02 k=3 lam_top=-0.13 align=0.00
[E7] 890/3456 (3499s) bert-base-uncased L6H2 sign=-0.80 symD=0 V=sym p=0 steps=4256: speed0=9.51e-02 speedT=2.11e-07 cos=+1.00 k=1 lam_top=+0.42 align=1.00
[E7] 891/3456 (3502s) bert-base-uncased L6H2 sign=-0.80 symD=0 V=sym p=1 steps=4186: speed0=9.24e-02 speedT=2.78e-07 cos=+1.00 k=1 lam_top=+0.42 align=1.00
[E7] 892/3456 (3508s) bert-base-uncased L6H1 sign=-0.45 symD=1 V=push p=0 steps=31657: speed0=5.00e-02 speedT=1.40e-03 cos=-0.01 k=12 lam_top=-0.13 align=0.00
[E7] 893/3456 (3520s) bert-base-uncased L6H2 sign=-0.80 symD=0 V=push p=1 steps=21030: speed0=6.87e-02 speedT=2.65e-04 cos=-0.01 k=27 lam_top=-0.06 align=0.00
[E7] 894/3456 (3528s) bert-base-uncased L6H2 sign=-0.80 symD=1 V=full p=0 steps=16543: speed0=8.99e-02 speedT=1.01e-02 cos=+1.00 k=1 lam_top=+0.09 align=1.00
[E7] 895/3456 (3530s) bert-base-uncased L6H2 sign=-0.80 symD=1 V=sym p=0 steps=4240: speed0=9.08e-02 speedT=2.81e-07 cos=+1.00 k=1 lam_top=+0.42 align=1.00
[E7] 896/3456 (3537s) bert-base-uncased L6H2 sign=-0.80 symD=1 V=full p=1 steps=16633: speed0=8.15e-02 speedT=9.07e-03 cos=+1.00 k=1 lam_top=+0.09 align=1.00
[E7] 897/3456 (3538s) bert-base-uncased L6H2 sign=-0.80 symD=1 V=sym p=1 steps=4213: speed0=8.58e-02 speedT=2.90e-07 cos=+1.00 k=1 lam_top=+0.42 align=1.00
[E7] 898/3456 (3548s) bert-base-uncased L6H2 sign=-0.80 symD=0 V=push p=0 steps=39509: speed0=6.67e-02 speedT=8.86e-04 cos=-0.02 k=11 lam_top=-0.06 align=0.01
[E7] 899/3456 (3557s) bert-base-uncased L6H2 sign=-0.80 symD=1 V=push p=0 steps=14053: speed0=6.16e-02 speedT=1.45e-03 cos=+0.01 k=64 lam_top=-0.06 align=0.00
[E7] 900/3456 (3564s) bert-base-uncased L6H2 sign=-0.80 symD=1 V=push p=1 steps=15545: speed0=6.13e-02 speedT=6.20e-04 cos=+0.01 k=64 lam_top=-0.06 align=0.00
[E7] 901/3456 (3566s) bert-base-uncased L6H3 sign=+0.03 symD=0 V=sym p=0 steps=4817: speed0=1.33e-01 speedT=2.03e-07 cos=+1.00 k=1 lam_top=+0.53 align=1.00
[E7] 902/3456 (3573s) bert-base-uncased L6H3 sign=+0.03 symD=0 V=sym p=1 steps=4906: speed0=1.34e-01 speedT=2.03e-07 cos=+1.00 k=1 lam_top=+0.53 align=1.00
[E7] 903/3456 (3600s) bert-base-uncased L6H3 sign=+0.03 symD=0 V=push p=0 steps=26948: speed0=8.78e-02 speedT=1.93e-04 cos=-0.02 k=4 lam_top=-0.20 align=0.00
[E7] 904/3456 (3600s) bert-base-uncased L6H3 sign=+0.03 symD=0 V=full p=0 steps=44560: speed0=1.19e-01 speedT=6.78e-02 cos=+1.00 k=1 lam_top=+0.16 align=0.97
[E7] 905/3456 (3602s) bert-base-uncased L6H3 sign=+0.03 symD=0 V=full p=1 steps=38442: speed0=1.26e-01 speedT=5.32e-02 cos=+1.00 k=1 lam_top=+0.16 align=0.89
[E7] 906/3456 (3613s) bert-base-uncased L6H3 sign=+0.03 symD=1 V=sym p=0 steps=4879: speed0=1.29e-01 speedT=2.33e-07 cos=+1.00 k=1 lam_top=+0.53 align=1.00
[E7] 907/3456 (3624s) bert-base-uncased L6H3 sign=+0.03 symD=1 V=sym p=1 steps=4888: speed0=1.27e-01 speedT=2.03e-07 cos=+1.00 k=1 lam_top=+0.53 align=1.00
[E7] 908/3456 (3649s) bert-base-uncased L6H3 sign=+0.03 symD=0 V=push p=1 steps=53584: speed0=8.85e-02 speedT=4.09e-06 cos=-0.01 k=3 lam_top=-0.20 align=0.00
[E7] 909/3456 (3661s) bert-base-uncased L6H3 sign=+0.03 symD=1 V=full p=1 steps=31426: speed0=1.11e-01 speedT=3.98e-02 cos=+1.00 k=1 lam_top=+0.16 align=0.80
[E7] 910/3456 (3669s) bert-base-uncased L6H4 sign=+0.71 symD=0 V=full p=0 steps=5333: speed0=1.27e-01 speedT=9.82e-08 cos=+1.00 k=1 lam_top=+0.35 align=1.00
[E7] 911/3456 (3683s) bert-base-uncased L6H3 sign=+0.03 symD=1 V=full p=0 steps=44606: speed0=1.06e-01 speedT=7.09e-02 cos=+1.00 k=1 lam_top=+0.16 align=0.98
[E7] 912/3456 (3685s) bert-base-uncased L6H4 sign=+0.71 symD=0 V=full p=1 steps=10444: speed0=1.22e-01 speedT=1.13e-07 cos=+1.00 k=1 lam_top=+0.35 align=1.00
[E7] 913/3456 (3689s) bert-base-uncased L6H3 sign=+0.03 symD=1 V=push p=1 steps=22263: speed0=8.32e-02 speedT=2.40e-05 cos=-0.02 k=10 lam_top=-0.20 align=0.00
[E7] 914/3456 (3692s) bert-base-uncased L6H4 sign=+0.71 symD=0 V=sym p=0 steps=4754: speed0=1.14e-01 speedT=1.86e-07 cos=+1.00 k=1 lam_top=+0.66 align=1.00
[E7] 915/3456 (3695s) bert-base-uncased L6H4 sign=+0.71 symD=0 V=sym p=1 steps=4961: speed0=1.08e-01 speedT=2.38e-07 cos=+1.00 k=1 lam_top=+0.66 align=1.00
[E7] 916/3456 (3698s) bert-base-uncased L6H3 sign=+0.03 symD=1 V=push p=0 steps=38469: speed0=8.37e-02 speedT=4.10e-04 cos=-0.02 k=5 lam_top=-0.20 align=0.00
[E7] 917/3456 (3706s) bert-base-uncased L6H4 sign=+0.71 symD=0 V=push p=1 steps=8150: speed0=5.59e-02 speedT=7.85e-04 cos=-0.01 k=11 lam_top=-0.17 align=0.00
[E7] 918/3456 (3709s) bert-base-uncased L6H4 sign=+0.71 symD=1 V=full p=0 steps=6335: speed0=1.09e-01 speedT=1.24e-07 cos=+1.00 k=1 lam_top=+0.35 align=1.00
[E7] 919/3456 (3716s) bert-base-uncased L6H4 sign=+0.71 symD=1 V=sym p=0 steps=4729: speed0=1.07e-01 speedT=1.85e-07 cos=+1.00 k=1 lam_top=+0.66 align=1.00
[E7] 920/3456 (3718s) bert-base-uncased L6H4 sign=+0.71 symD=1 V=sym p=1 steps=4867: speed0=1.08e-01 speedT=2.02e-07 cos=+1.00 k=1 lam_top=+0.66 align=1.00
[E7] 921/3456 (3719s) bert-base-uncased L6H4 sign=+0.71 symD=1 V=full p=1 steps=11311: speed0=1.15e-01 speedT=1.02e-07 cos=+1.00 k=1 lam_top=+0.35 align=1.00
[E7] 922/3456 (3725s) bert-base-uncased L6H4 sign=+0.71 symD=0 V=push p=0 steps=23714: speed0=5.95e-02 speedT=2.53e-05 cos=-0.01 k=5 lam_top=-0.17 align=0.00
[E7] 923/3456 (3726s) bert-base-uncased L6H5 sign=+0.87 symD=0 V=full p=0 steps=4469: speed0=1.27e-01 speedT=1.42e-07 cos=+1.00 k=1 lam_top=+0.46 align=1.00
[E7] 924/3456 (3734s) bert-base-uncased L6H5 sign=+0.87 symD=0 V=full p=1 steps=5851: speed0=1.41e-01 speedT=1.79e-07 cos=+1.00 k=1 lam_top=+0.46 align=1.00
[E7] 925/3456 (3735s) bert-base-uncased L6H5 sign=+0.87 symD=0 V=sym p=0 steps=4598: speed0=1.21e-01 speedT=1.85e-07 cos=+1.00 k=1 lam_top=+0.71 align=1.00
[E7] 926/3456 (3743s) bert-base-uncased L6H5 sign=+0.87 symD=0 V=sym p=1 steps=4679: speed0=1.22e-01 speedT=1.85e-07 cos=+1.00 k=1 lam_top=+0.71 align=1.00
[E7] 927/3456 (3749s) bert-base-uncased L6H5 sign=+0.87 symD=0 V=push p=0 steps=8616: speed0=5.59e-02 speedT=1.50e-07 cos=-0.00 k=3 lam_top=-0.13 align=0.00
[E7] 928/3456 (3752s) bert-base-uncased L6H4 sign=+0.71 symD=1 V=push p=1 steps=18432: speed0=5.77e-02 speedT=1.62e-05 cos=-0.02 k=22 lam_top=-0.17 align=0.00
[E7] 929/3456 (3757s) bert-base-uncased L6H5 sign=+0.87 symD=0 V=push p=1 steps=9588: speed0=5.23e-02 speedT=1.51e-07 cos=+0.00 k=2 lam_top=-0.13 align=0.00
[E7] 930/3456 (3757s) bert-base-uncased L6H5 sign=+0.87 symD=1 V=full p=0 steps=4142: speed0=1.07e-01 speedT=1.93e-07 cos=+1.00 k=1 lam_top=+0.46 align=1.00
[E7] 931/3456 (3761s) bert-base-uncased L6H5 sign=+0.87 symD=1 V=full p=1 steps=5532: speed0=1.09e-01 speedT=7.52e-08 cos=+1.00 k=1 lam_top=+0.46 align=1.00
[E7] 932/3456 (3767s) bert-base-uncased L6H4 sign=+0.71 symD=1 V=push p=0 steps=27472: speed0=5.95e-02 speedT=1.66e-04 cos=-0.01 k=6 lam_top=-0.17 align=0.00
[E7] 933/3456 (3768s) bert-base-uncased L6H5 sign=+0.87 symD=1 V=sym p=0 steps=4384: speed0=1.15e-01 speedT=2.39e-07 cos=+1.00 k=1 lam_top=+0.71 align=1.00
[E7] 934/3456 (3769s) bert-base-uncased L6H5 sign=+0.87 symD=1 V=sym p=1 steps=4799: speed0=1.13e-01 speedT=2.02e-07 cos=+1.00 k=1 lam_top=+0.71 align=1.00
[E7] 935/3456 (3777s) bert-base-uncased L6H5 sign=+0.87 symD=1 V=push p=0 steps=7632: speed0=5.70e-02 speedT=1.52e-07 cos=-0.01 k=4 lam_top=-0.13 align=0.00
[E7] 936/3456 (3781s) bert-base-uncased L6H5 sign=+0.87 symD=1 V=push p=1 steps=7574: speed0=5.39e-02 speedT=1.55e-07 cos=-0.01 k=2 lam_top=-0.13 align=0.00
[E7] 937/3456 (3787s) bert-base-uncased L6H6 sign=+0.50 symD=0 V=sym p=0 steps=5489: speed0=1.07e-01 speedT=3.11e-07 cos=+1.00 k=1 lam_top=+0.57 align=1.00
[E7] 938/3456 (3792s) bert-base-uncased L6H6 sign=+0.50 symD=0 V=sym p=1 steps=5516: speed0=9.95e-02 speedT=2.05e-07 cos=+1.00 k=1 lam_top=+0.57 align=1.00
[E7] 939/3456 (3819s) bert-base-uncased L6H6 sign=+0.50 symD=0 V=push p=0 steps=22864: speed0=6.01e-02 speedT=5.81e-04 cos=+0.03 k=2 lam_top=-0.12 align=0.00
[E7] 940/3456 (3824s) bert-base-uncased L6H6 sign=+0.50 symD=0 V=push p=1 steps=21004: speed0=5.73e-02 speedT=3.77e-05 cos=-0.01 k=3 lam_top=-0.12 align=0.00
[E7] 941/3456 (3876s) bert-base-uncased L6H6 sign=+0.50 symD=0 V=full p=1 steps=71918: speed0=1.06e-01 speedT=2.81e-01 cos=+1.00 k=1 lam_top=+0.25 align=1.00
[E7] 942/3456 (3876s) bert-base-uncased L6H6 sign=+0.50 symD=0 V=full p=0 steps=73737: speed0=1.01e-01 speedT=3.03e-01 cos=+1.00 k=1 lam_top=+0.25 align=1.00
[E7] 943/3456 (3889s) bert-base-uncased L6H6 sign=+0.50 symD=1 V=sym p=1 steps=5598: speed0=9.42e-02 speedT=2.08e-07 cos=+1.00 k=1 lam_top=+0.57 align=1.00
[E7] 944/3456 (3889s) bert-base-uncased L6H6 sign=+0.50 symD=1 V=sym p=0 steps=5642: speed0=1.05e-01 speedT=3.63e-07 cos=+1.00 k=1 lam_top=+0.57 align=1.00
[E7] 945/3456 (3913s) bert-base-uncased L6H6 sign=+0.50 symD=1 V=push p=0 steps=14618: speed0=5.81e-02 speedT=1.69e-06 cos=+0.05 k=2 lam_top=-0.12 align=0.00
[E7] 946/3456 (3931s) bert-base-uncased L6H6 sign=+0.50 symD=1 V=push p=1 steps=25326: speed0=5.25e-02 speedT=1.86e-07 cos=-0.02 k=9 lam_top=-0.12 align=0.00
[E7] 947/3456 (3932s) bert-base-uncased L6H7 sign=-0.11 symD=0 V=full p=0 steps=12651: speed0=6.53e-02 speedT=1.67e-02 cos=+1.00 k=1 lam_top=+0.35 align=1.00
[E7] 948/3456 (3940s) bert-base-uncased L6H7 sign=-0.11 symD=0 V=sym p=0 steps=4204: speed0=9.09e-02 speedT=2.83e-07 cos=+1.00 k=1 lam_top=+0.66 align=1.00
[E7] 949/3456 (3945s) bert-base-uncased L6H7 sign=-0.11 symD=0 V=sym p=1 steps=3904: speed0=8.41e-02 speedT=2.83e-07 cos=+1.00 k=1 lam_top=+0.66 align=1.00
[E7] 950/3456 (3947s) bert-base-uncased L6H7 sign=-0.11 symD=0 V=full p=1 steps=12793: speed0=6.39e-02 speedT=1.88e-02 cos=+1.00 k=1 lam_top=+0.35 align=1.00
[E7] 951/3456 (3948s) bert-base-uncased L6H6 sign=+0.50 symD=1 V=full p=0 steps=74545: speed0=9.09e-02 speedT=2.93e-01 cos=+1.00 k=1 lam_top=+0.25 align=1.00
[E7] 952/3456 (3956s) bert-base-uncased L6H6 sign=+0.50 symD=1 V=full p=1 steps=71807: speed0=8.86e-02 speedT=2.64e-01 cos=+1.00 k=1 lam_top=+0.25 align=1.00
[E7] 953/3456 (3960s) bert-base-uncased L6H7 sign=-0.11 symD=0 V=push p=0 steps=20870: speed0=6.12e-02 speedT=3.03e-04 cos=-0.02 k=12 lam_top=-0.08 align=0.00
[E7] 954/3456 (3962s) bert-base-uncased L6H7 sign=-0.11 symD=1 V=full p=0 steps=12716: speed0=5.97e-02 speedT=1.83e-02 cos=+1.00 k=1 lam_top=+0.35 align=1.00
[E7] 955/3456 (3965s) bert-base-uncased L6H7 sign=-0.11 symD=0 V=push p=1 steps=21534: speed0=5.62e-02 speedT=1.28e-03 cos=-0.02 k=21 lam_top=-0.08 align=0.01
[E7] 956/3456 (3965s) bert-base-uncased L6H7 sign=-0.11 symD=1 V=sym p=0 steps=4153: speed0=9.03e-02 speedT=2.83e-07 cos=+1.00 k=1 lam_top=+0.66 align=1.00
[E7] 957/3456 (3967s) bert-base-uncased L6H7 sign=-0.11 symD=1 V=sym p=1 steps=3932: speed0=8.70e-02 speedT=2.83e-07 cos=+1.00 k=1 lam_top=+0.66 align=1.00
[E7] 958/3456 (3970s) bert-base-uncased L6H7 sign=-0.11 symD=1 V=full p=1 steps=12848: speed0=6.05e-02 speedT=2.14e-02 cos=+1.00 k=1 lam_top=+0.35 align=1.00
[E7] 959/3456 (3987s) bert-base-uncased L6H7 sign=-0.11 symD=1 V=push p=1 steps=18095: speed0=5.85e-02 speedT=7.64e-05 cos=-0.01 k=44 lam_top=-0.08 align=0.00
[E7] 960/3456 (3988s) bert-base-uncased L6H7 sign=-0.11 symD=1 V=push p=0 steps=18820: speed0=6.10e-02 speedT=2.19e-03 cos=-0.01 k=64 lam_top=-0.08 align=0.00
[E7] 961/3456 (3989s) bert-base-uncased L6H8 sign=-0.89 symD=0 V=full p=0 steps=25215: speed0=8.72e-02 speedT=3.75e-02 cos=+1.00 k=1 lam_top=+0.04 align=1.00
[E7] 962/3456 (3990s) bert-base-uncased L6H8 sign=-0.89 symD=0 V=sym p=0 steps=3602: speed0=1.02e-01 speedT=1.30e-04 cos=+1.00 k=1 lam_top=+0.42 align=1.00
[E7] 963/3456 (3992s) bert-base-uncased L6H8 sign=-0.89 symD=0 V=sym p=1 steps=3727: speed0=1.05e-01 speedT=3.99e-05 cos=+1.00 k=1 lam_top=+0.42 align=1.00
[E7] 964/3456 (3992s) bert-base-uncased L6H8 sign=-0.89 symD=0 V=full p=1 steps=25280: speed0=9.60e-02 speedT=5.36e-02 cos=+1.00 k=1 lam_top=+0.04 align=1.00
[E7] 965/3456 (4000s) bert-base-uncased L6H8 sign=-0.89 symD=0 V=push p=0 steps=15913: speed0=7.08e-02 speedT=2.20e-04 cos=-0.01 k=15 lam_top=-0.14 align=0.00
[E7] 966/3456 (4004s) bert-base-uncased L6H8 sign=-0.89 symD=1 V=sym p=0 steps=3594: speed0=1.00e-01 speedT=1.25e-04 cos=+1.00 k=1 lam_top=+0.42 align=1.00
[E7] 967/3456 (4008s) bert-base-uncased L6H8 sign=-0.89 symD=1 V=sym p=1 steps=3823: speed0=1.00e-01 speedT=9.84e-05 cos=+1.00 k=1 lam_top=+0.42 align=1.00
[E7] 968/3456 (4017s) bert-base-uncased L6H8 sign=-0.89 symD=0 V=push p=1 steps=32955: speed0=7.85e-02 speedT=1.11e-03 cos=-0.02 k=8 lam_top=-0.14 align=0.08
[E7] 969/3456 (4019s) bert-base-uncased L6H8 sign=-0.89 symD=1 V=full p=1 steps=25018: speed0=8.56e-02 speedT=4.34e-02 cos=+1.00 k=1 lam_top=+0.04 align=1.00
[E7] 970/3456 (4022s) bert-base-uncased L6H8 sign=-0.89 symD=1 V=full p=0 steps=24969: speed0=9.06e-02 speedT=3.85e-02 cos=+1.00 k=1 lam_top=+0.04 align=1.00
[E7] 971/3456 (4024s) bert-base-uncased L6H8 sign=-0.89 symD=1 V=push p=0 steps=16898: speed0=6.91e-02 speedT=2.03e-04 cos=-0.01 k=3 lam_top=-0.14 align=0.00
[E7] 972/3456 (4028s) bert-base-uncased L6H9 sign=-0.19 symD=0 V=full p=0 steps=8967: speed0=1.02e-01 speedT=3.96e-08 cos=+0.00 k=2 lam_top=+0.18 align=1.00
[E7] 973/3456 (4029s) bert-base-uncased L6H9 sign=-0.19 symD=0 V=full p=1 steps=6631: speed0=1.08e-01 speedT=1.85e-07 cos=+1.00 k=1 lam_top=+0.18 align=1.00
[E7] 974/3456 (4029s) bert-base-uncased L6H9 sign=-0.19 symD=0 V=sym p=0 steps=4533: speed0=1.09e-01 speedT=3.29e-07 cos=+1.00 k=1 lam_top=+0.52 align=1.00
[E7] 975/3456 (4033s) bert-base-uncased L6H9 sign=-0.19 symD=0 V=sym p=1 steps=4527: speed0=1.07e-01 speedT=2.14e-07 cos=+1.00 k=1 lam_top=+0.52 align=1.00
[E7] 976/3456 (4035s) bert-base-uncased L6H8 sign=-0.89 symD=1 V=push p=1 steps=15481: speed0=7.35e-02 speedT=4.54e-04 cos=-0.01 k=61 lam_top=-0.14 align=0.02
[E7] 977/3456 (4042s) bert-base-uncased L6H9 sign=-0.19 symD=1 V=full p=0 steps=7823: speed0=8.75e-02 speedT=9.85e-08 cos=+0.00 k=2 lam_top=+0.18 align=1.00
[E7] 978/3456 (4043s) bert-base-uncased L6H9 sign=-0.19 symD=1 V=full p=1 steps=7348: speed0=8.97e-02 speedT=5.60e-08 cos=+0.88 k=2 lam_top=+0.18 align=1.00
[E7] 979/3456 (4050s) bert-base-uncased L6H9 sign=-0.19 symD=1 V=sym p=0 steps=5338: speed0=1.03e-01 speedT=2.89e-07 cos=+1.00 k=1 lam_top=+0.52 align=1.00
[E7] 980/3456 (4051s) bert-base-uncased L6H9 sign=-0.19 symD=1 V=sym p=1 steps=5817: speed0=9.70e-02 speedT=2.79e-07 cos=+1.00 k=1 lam_top=+0.52 align=1.00
[E7] 981/3456 (4064s) bert-base-uncased L6H9 sign=-0.19 symD=1 V=push p=0 steps=12082: speed0=6.79e-02 speedT=6.90e-04 cos=+0.03 k=64 lam_top=-0.04 align=0.00
[E7] 982/3456 (4066s) bert-base-uncased L6H9 sign=-0.19 symD=1 V=push p=1 steps=15403: speed0=6.39e-02 speedT=4.48e-04 cos=+0.04 k=58 lam_top=-0.04 align=0.00
[E7] 983/3456 (4068s) bert-base-uncased L6H10 sign=-0.17 symD=0 V=full p=0 steps=5150: speed0=1.03e-01 speedT=4.02e-08 cos=+1.00 k=1 lam_top=+0.18 align=1.00
[E7] 984/3456 (4070s) bert-base-uncased L6H10 sign=-0.17 symD=0 V=full p=1 steps=4585: speed0=9.69e-02 speedT=4.02e-08 cos=+1.00 k=1 lam_top=+0.18 align=1.00
[E7] 985/3456 (4072s) bert-base-uncased L6H9 sign=-0.19 symD=0 V=push p=1 steps=53773: speed0=6.85e-02 speedT=1.13e-03 cos=-0.01 k=33 lam_top=-0.04 align=0.02
[E7] 986/3456 (4073s) bert-base-uncased L6H10 sign=-0.17 symD=0 V=sym p=0 steps=5763: speed0=9.53e-02 speedT=2.70e-07 cos=+1.00 k=1 lam_top=+0.50 align=1.00
[E7] 987/3456 (4077s) bert-base-uncased L6H10 sign=-0.17 symD=0 V=sym p=1 steps=4641: speed0=8.58e-02 speedT=3.30e-07 cos=+1.00 k=1 lam_top=+0.50 align=1.00
[E7] 988/3456 (4079s) bert-base-uncased L6H9 sign=-0.19 symD=0 V=push p=0 steps=60425: speed0=6.93e-02 speedT=5.60e-03 cos=-0.01 k=28 lam_top=-0.04 align=0.00
[E7] 989/3456 (4083s) bert-base-uncased L6H10 sign=-0.17 symD=1 V=full p=0 steps=4729: speed0=9.56e-02 speedT=4.02e-08 cos=+1.00 k=1 lam_top=+0.18 align=1.00
[E7] 990/3456 (4084s) bert-base-uncased L6H10 sign=-0.17 symD=1 V=full p=1 steps=4825: speed0=8.47e-02 speedT=4.02e-08 cos=+1.00 k=1 lam_top=+0.18 align=1.00
[E7] 991/3456 (4088s) bert-base-uncased L6H10 sign=-0.17 symD=0 V=push p=0 steps=20847: speed0=6.07e-02 speedT=1.42e-04 cos=-0.02 k=3 lam_top=-0.14 align=0.00
[E7] 992/3456 (4090s) bert-base-uncased L6H10 sign=-0.17 symD=1 V=sym p=1 steps=4423: speed0=8.10e-02 speedT=2.43e-07 cos=+1.00 k=1 lam_top=+0.50 align=1.00
[E7] 993/3456 (4091s) bert-base-uncased L6H10 sign=-0.17 symD=1 V=sym p=0 steps=5650: speed0=9.10e-02 speedT=3.57e-07 cos=+1.00 k=1 lam_top=+0.50 align=1.00
[E7] 994/3456 (4104s) bert-base-uncased L6H10 sign=-0.17 symD=0 V=push p=1 steps=30331: speed0=5.73e-02 speedT=8.12e-04 cos=-0.01 k=3 lam_top=-0.14 align=0.00
[E7] 995/3456 (4113s) bert-base-uncased L6H10 sign=-0.17 symD=1 V=push p=1 steps=23618: speed0=5.39e-02 speedT=5.30e-05 cos=-0.02 k=5 lam_top=-0.14 align=0.00
[E7] 996/3456 (4117s) bert-base-uncased L6H11 sign=+0.25 symD=0 V=full p=0 steps=22996: speed0=1.22e-01 speedT=2.76e-02 cos=-0.00 k=3 lam_top=+0.20 align=1.00
[E7] 997/3456 (4120s) bert-base-uncased L6H11 sign=+0.25 symD=0 V=sym p=0 steps=5464: speed0=1.31e-01 speedT=2.25e-07 cos=+1.00 k=1 lam_top=+0.50 align=1.00
[E7] 998/3456 (4124s) bert-base-uncased L6H11 sign=+0.25 symD=0 V=sym p=1 steps=5649: speed0=1.22e-01 speedT=2.07e-07 cos=+1.00 k=1 lam_top=+0.50 align=1.00
[E7] 999/3456 (4126s) bert-base-uncased L6H11 sign=+0.25 symD=0 V=full p=1 steps=20731: speed0=1.22e-01 speedT=2.69e-02 cos=+0.02 k=2 lam_top=+0.20 align=1.00
[E7] 1000/3456 (4127s) bert-base-uncased L6H10 sign=-0.17 symD=1 V=push p=0 steps=37011: speed0=5.70e-02 speedT=6.17e-03 cos=+0.03 k=3 lam_top=-0.14 align=0.00
[E7] 1001/3456 (4139s) bert-base-uncased L6H11 sign=+0.25 symD=0 V=push p=0 steps=20539: speed0=8.34e-02 speedT=4.35e-05 cos=-0.01 k=3 lam_top=-0.02 align=0.00
[E7] 1002/3456 (4146s) bert-base-uncased L6H11 sign=+0.25 symD=1 V=sym p=0 steps=5449: speed0=1.21e-01 speedT=3.85e-07 cos=+1.00 k=1 lam_top=+0.50 align=1.00
[E7] 1003/3456 (4148s) bert-base-uncased L6H11 sign=+0.25 symD=1 V=full p=1 steps=20069: speed0=9.58e-02 speedT=2.80e-02 cos=+0.00 k=2 lam_top=+0.20 align=1.00
[E7] 1004/3456 (4153s) bert-base-uncased L6H11 sign=+0.25 symD=1 V=sym p=1 steps=5116: speed0=1.12e-01 speedT=3.13e-07 cos=+1.00 k=1 lam_top=+0.50 align=1.00
[E7] 1005/3456 (4158s) bert-base-uncased L6H11 sign=+0.25 symD=1 V=full p=0 steps=22932: speed0=9.77e-02 speedT=2.97e-02 cos=+0.01 k=4 lam_top=+0.20 align=1.00
[E7] 1006/3456 (4169s) bert-base-uncased L6H11 sign=+0.25 symD=0 V=push p=1 steps=34938: speed0=7.72e-02 speedT=5.63e-03 cos=-0.01 k=8 lam_top=-0.02 align=0.00
[E7] 1007/3456 (4218s) bert-base-uncased L6H11 sign=+0.25 symD=1 V=push p=0 steps=16102: speed0=7.59e-02 speedT=5.52e-04 cos=-0.01 k=17 lam_top=-0.02 align=0.00
[E7] 1008/3456 (4260s) bert-base-uncased L7H0 sign=+0.24 symD=0 V=sym p=0 steps=4823: speed0=1.08e-01 speedT=2.06e-07 cos=+1.00 k=1 lam_top=+0.59 align=1.00
[E7] 1009/3456 (4264s) bert-base-uncased L6H11 sign=+0.25 symD=1 V=push p=1 steps=16701: speed0=6.93e-02 speedT=5.72e-07 cos=-0.02 k=7 lam_top=-0.02 align=0.00
[E7] 1010/3456 (4294s) bert-base-uncased L7H0 sign=+0.24 symD=0 V=sym p=1 steps=4967: speed0=1.05e-01 speedT=2.55e-07 cos=+1.00 k=1 lam_top=+0.59 align=1.00
[E7] 1011/3456 (4380s) bert-base-uncased L7H0 sign=+0.24 symD=0 V=push p=0 steps=20450: speed0=5.77e-02 speedT=2.75e-03 cos=-0.01 k=33 lam_top=-0.03 align=0.01
[E7] 1012/3456 (4381s) bert-base-uncased L7H0 sign=+0.24 symD=0 V=push p=1 steps=14275: speed0=5.54e-02 speedT=8.55e-04 cos=+0.00 k=31 lam_top=-0.03 align=0.00
[E7] 1013/3456 (4393s) bert-base-uncased L7H0 sign=+0.24 symD=0 V=full p=0 steps=39217: speed0=1.03e-01 speedT=8.70e-02 cos=+1.00 k=1 lam_top=+0.23 align=1.00
[E7] 1014/3456 (4415s) bert-base-uncased L7H0 sign=+0.24 symD=0 V=full p=1 steps=39008: speed0=9.10e-02 speedT=7.17e-02 cos=+1.00 k=1 lam_top=+0.23 align=1.00
[E7] 1015/3456 (4439s) bert-base-uncased L7H0 sign=+0.24 symD=1 V=sym p=0 steps=5368: speed0=9.82e-02 speedT=2.06e-07 cos=+1.00 k=1 lam_top=+0.59 align=1.00
[E7] 1016/3456 (4453s) bert-base-uncased L7H0 sign=+0.24 symD=1 V=sym p=1 steps=4299: speed0=9.53e-02 speedT=2.00e-07 cos=+1.00 k=1 lam_top=+0.59 align=1.00
[E7] 1017/3456 (4539s) bert-base-uncased L7H0 sign=+0.24 symD=1 V=push p=1 steps=10578: speed0=4.94e-02 speedT=2.45e-04 cos=+0.00 k=60 lam_top=-0.03 align=0.00
[E7] 1018/3456 (4551s) bert-base-uncased L7H0 sign=+0.24 symD=1 V=push p=0 steps=13996: speed0=5.31e-02 speedT=6.70e-04 cos=-0.01 k=64 lam_top=-0.03 align=0.00
[E7] 1019/3456 (4658s) bert-base-uncased L7H1 sign=+0.03 symD=0 V=full p=0 steps=17767: speed0=9.20e-02 speedT=3.41e-07 cos=+1.00 k=1 lam_top=+0.18 align=1.00
[E7] 1020/3456 (4695s) bert-base-uncased L7H0 sign=+0.24 symD=1 V=full p=0 steps=39552: speed0=8.49e-02 speedT=8.61e-02 cos=+1.00 k=1 lam_top=+0.23 align=1.00
[E7] 1021/3456 (4699s) bert-base-uncased L7H0 sign=+0.24 symD=1 V=full p=1 steps=39763: speed0=7.47e-02 speedT=9.59e-02 cos=+1.00 k=1 lam_top=+0.23 align=1.00
[E7] 1022/3456 (4700s) bert-base-uncased L7H1 sign=+0.03 symD=0 V=sym p=0 steps=5334: speed0=1.05e-01 speedT=2.07e-07 cos=+1.00 k=1 lam_top=+0.52 align=1.00
[E7] 1023/3456 (4719s) bert-base-uncased L7H1 sign=+0.03 symD=0 V=full p=1 steps=26444: speed0=9.07e-02 speedT=1.97e-06 cos=+1.00 k=1 lam_top=+0.18 align=1.00
[E7] 1024/3456 (4732s) bert-base-uncased L7H1 sign=+0.03 symD=0 V=sym p=1 steps=4526: speed0=9.32e-02 speedT=2.02e-07 cos=+1.00 k=1 lam_top=+0.52 align=1.00
[E7] 1025/3456 (4801s) bert-base-uncased L7H1 sign=+0.03 symD=0 V=push p=0 steps=16016: speed0=7.19e-02 speedT=1.19e-03 cos=-0.01 k=17 lam_top=-0.15 align=0.01
[E7] 1026/3456 (4829s) bert-base-uncased L7H1 sign=+0.03 symD=1 V=full p=0 steps=13868: speed0=8.12e-02 speedT=1.81e-07 cos=+1.00 k=1 lam_top=+0.18 align=1.00
[E7] 1027/3456 (4851s) bert-base-uncased L7H1 sign=+0.03 symD=1 V=sym p=0 steps=5128: speed0=1.01e-01 speedT=2.02e-07 cos=+1.00 k=1 lam_top=+0.52 align=1.00
[E7] 1028/3456 (4856s) bert-base-uncased L7H1 sign=+0.03 symD=1 V=full p=1 steps=15332: speed0=7.99e-02 speedT=2.37e-07 cos=+1.00 k=1 lam_top=+0.18 align=1.00
[E7] 1029/3456 (4872s) bert-base-uncased L7H1 sign=+0.03 symD=1 V=sym p=1 steps=4551: speed0=9.04e-02 speedT=2.02e-07 cos=+1.00 k=1 lam_top=+0.52 align=1.00
[E7] 1030/3456 (4891s) bert-base-uncased L7H1 sign=+0.03 symD=0 V=push p=1 steps=30372: speed0=6.59e-02 speedT=4.63e-03 cos=-0.01 k=8 lam_top=-0.15 align=0.00
[E7] 1031/3456 (4961s) bert-base-uncased L7H1 sign=+0.03 symD=1 V=push p=1 steps=13300: speed0=6.35e-02 speedT=8.07e-05 cos=-0.01 k=53 lam_top=-0.15 align=0.00
[E7] 1032/3456 (4975s) bert-base-uncased L7H1 sign=+0.03 symD=1 V=push p=0 steps=16045: speed0=7.01e-02 speedT=1.96e-04 cos=-0.01 k=64 lam_top=-0.15 align=0.00
[E7] 1033/3456 (4990s) bert-base-uncased L7H2 sign=+0.33 symD=0 V=sym p=0 steps=3753: speed0=1.02e-01 speedT=3.86e-07 cos=+1.00 k=1 lam_top=+0.54 align=1.00
[E7] 1034/3456 (5005s) bert-base-uncased L7H2 sign=+0.33 symD=0 V=sym p=1 steps=3873: speed0=9.92e-02 speedT=3.48e-07 cos=+1.00 k=1 lam_top=+0.54 align=1.00
[E7] 1035/3456 (5085s) bert-base-uncased L7H2 sign=+0.33 symD=0 V=push p=0 steps=14674: speed0=6.34e-02 speedT=1.44e-04 cos=-0.02 k=2 lam_top=-0.12 align=0.00
[E7] 1036/3456 (5095s) bert-base-uncased L7H2 sign=+0.33 symD=0 V=push p=1 steps=14265: speed0=6.31e-02 speedT=1.38e-03 cos=-0.01 k=3 lam_top=-0.12 align=0.00
[E7] 1037/3456 (5115s) bert-base-uncased L7H2 sign=+0.33 symD=0 V=full p=0 steps=37785: speed0=8.31e-02 speedT=8.15e-02 cos=+1.00 k=1 lam_top=+0.18 align=1.00
[E7] 1038/3456 (5135s) bert-base-uncased L7H2 sign=+0.33 symD=0 V=full p=1 steps=37328: speed0=9.12e-02 speedT=7.06e-02 cos=+1.00 k=1 lam_top=+0.18 align=1.00
[E7] 1039/3456 (5153s) bert-base-uncased L7H2 sign=+0.33 symD=1 V=sym p=0 steps=3727: speed0=9.89e-02 speedT=2.24e-07 cos=+1.00 k=1 lam_top=+0.54 align=1.00
[E7] 1040/3456 (5172s) bert-base-uncased L7H2 sign=+0.33 symD=1 V=sym p=1 steps=3834: speed0=9.44e-02 speedT=4.85e-07 cos=+1.00 k=1 lam_top=+0.54 align=1.00
[E7] 1041/3456 (5253s) bert-base-uncased L7H2 sign=+0.33 symD=1 V=push p=0 steps=12576: speed0=6.14e-02 speedT=7.03e-04 cos=-0.02 k=14 lam_top=-0.12 align=0.00
[E7] 1042/3456 (5287s) bert-base-uncased L7H3 sign=-0.49 symD=0 V=full p=0 steps=5380: speed0=1.22e-01 speedT=1.31e-07 cos=+1.00 k=1 lam_top=+0.19 align=1.00
[E7] 1043/3456 (5295s) bert-base-uncased L7H2 sign=+0.33 symD=1 V=push p=1 steps=15732: speed0=5.98e-02 speedT=3.01e-05 cos=-0.02 k=22 lam_top=-0.12 align=0.00
[E7] 1044/3456 (5321s) bert-base-uncased L7H3 sign=-0.49 symD=0 V=full p=1 steps=5561: speed0=1.15e-01 speedT=1.74e-07 cos=+1.00 k=1 lam_top=+0.19 align=1.00
[E7] 1045/3456 (5326s) bert-base-uncased L7H3 sign=-0.49 symD=0 V=sym p=0 steps=4347: speed0=1.61e-01 speedT=3.55e-07 cos=+1.00 k=1 lam_top=+0.55 align=1.00
[E7] 1046/3456 (5356s) bert-base-uncased L7H3 sign=-0.49 symD=0 V=sym p=1 steps=4261: speed0=1.60e-01 speedT=2.64e-07 cos=+1.00 k=1 lam_top=+0.55 align=1.00
[E7] 1047/3456 (5386s) bert-base-uncased L7H2 sign=+0.33 symD=1 V=full p=0 steps=37587: speed0=7.28e-02 speedT=7.32e-02 cos=+1.00 k=1 lam_top=+0.18 align=1.00
[E7] 1048/3456 (5388s) bert-base-uncased L7H3 sign=-0.49 symD=0 V=push p=0 steps=10269: speed0=9.76e-02 speedT=1.65e-06 cos=-0.01 k=7 lam_top=-0.25 align=0.00
[E7] 1049/3456 (5401s) bert-base-uncased L7H2 sign=+0.33 symD=1 V=full p=1 steps=37473: speed0=7.90e-02 speedT=6.79e-02 cos=+1.00 k=1 lam_top=+0.18 align=1.00
[E7] 1050/3456 (5432s) bert-base-uncased L7H3 sign=-0.49 symD=1 V=full p=1 steps=5067: speed0=1.07e-01 speedT=1.07e-07 cos=+1.00 k=1 lam_top=+0.19 align=1.00
[E7] 1051/3456 (5434s) bert-base-uncased L7H3 sign=-0.49 symD=1 V=full p=0 steps=5445: speed0=1.12e-01 speedT=8.43e-08 cos=+1.00 k=1 lam_top=+0.19 align=1.00
[E7] 1052/3456 (5442s) bert-base-uncased L7H3 sign=-0.49 symD=1 V=sym p=0 steps=4319: speed0=1.61e-01 speedT=4.08e-07 cos=+1.00 k=1 lam_top=+0.55 align=1.00
[E7] 1053/3456 (5470s) bert-base-uncased L7H3 sign=-0.49 symD=1 V=sym p=1 steps=4255: speed0=1.57e-01 speedT=2.96e-07 cos=+1.00 k=1 lam_top=+0.55 align=1.00
[E7] 1054/3456 (5580s) bert-base-uncased L7H3 sign=-0.49 symD=0 V=push p=1 steps=35414: speed0=1.01e-01 speedT=4.26e-04 cos=-0.01 k=11 lam_top=-0.25 align=0.00
[E7] 1055/3456 (5628s) bert-base-uncased L7H3 sign=-0.49 symD=1 V=push p=1 steps=23840: speed0=9.69e-02 speedT=1.41e-03 cos=-0.01 k=12 lam_top=-0.25 align=0.00
[E7] 1056/3456 (5645s) bert-base-uncased L7H4 sign=+0.48 symD=0 V=full p=0 steps=26557: speed0=1.23e-01 speedT=2.42e-02 cos=+1.00 k=1 lam_top=+0.24 align=1.00
[E7] 1057/3456 (5664s) bert-base-uncased L7H4 sign=+0.48 symD=0 V=sym p=0 steps=4843: speed0=1.37e-01 speedT=2.78e-07 cos=+1.00 k=1 lam_top=+0.52 align=1.00
[E7] 1058/3456 (5670s) bert-base-uncased L7H3 sign=-0.49 symD=1 V=push p=0 steps=30238: speed0=9.60e-02 speedT=3.35e-04 cos=-0.01 k=10 lam_top=-0.25 align=0.00
[E7] 1059/3456 (5686s) bert-base-uncased L7H4 sign=+0.48 symD=0 V=sym p=1 steps=4890: speed0=1.33e-01 speedT=2.24e-07 cos=+1.00 k=1 lam_top=+0.52 align=1.00
[E7] 1060/3456 (5709s) bert-base-uncased L7H4 sign=+0.48 symD=0 V=push p=0 steps=6734: speed0=8.28e-02 speedT=1.99e-07 cos=-0.01 k=2 lam_top=-0.10 align=0.00
[E7] 1061/3456 (5721s) bert-base-uncased L7H4 sign=+0.48 symD=0 V=push p=1 steps=7740: speed0=7.81e-02 speedT=2.06e-07 cos=-0.02 k=2 lam_top=-0.10 align=0.00
[E7] 1062/3456 (5752s) bert-base-uncased L7H4 sign=+0.48 symD=0 V=full p=1 steps=26189: speed0=1.28e-01 speedT=2.85e-02 cos=+1.00 k=1 lam_top=+0.24 align=1.00
[E7] 1063/3456 (5769s) bert-base-uncased L7H4 sign=+0.48 symD=1 V=sym p=0 steps=4930: speed0=1.26e-01 speedT=2.80e-07 cos=+1.00 k=1 lam_top=+0.52 align=1.00
[E7] 1064/3456 (5806s) bert-base-uncased L7H4 sign=+0.48 symD=1 V=sym p=1 steps=5383: speed0=1.20e-01 speedT=2.35e-07 cos=+1.00 k=1 lam_top=+0.52 align=1.00
[E7] 1065/3456 (5814s) bert-base-uncased L7H4 sign=+0.48 symD=1 V=push p=0 steps=5300: speed0=7.58e-02 speedT=2.06e-07 cos=+0.08 k=2 lam_top=-0.10 align=0.00
[E7] 1066/3456 (5855s) bert-base-uncased L7H4 sign=+0.48 symD=1 V=push p=1 steps=6409: speed0=6.99e-02 speedT=1.99e-07 cos=+0.02 k=2 lam_top=-0.10 align=0.00
[E7] 1067/3456 (5906s) bert-base-uncased L7H4 sign=+0.48 symD=1 V=full p=0 steps=26219: speed0=9.94e-02 speedT=2.63e-02 cos=+1.00 k=1 lam_top=+0.24 align=1.00
[E7] 1068/3456 (5918s) bert-base-uncased L7H4 sign=+0.48 symD=1 V=full p=1 steps=25082: speed0=1.01e-01 speedT=3.29e-02 cos=+1.00 k=1 lam_top=+0.24 align=1.00
[E7] 1069/3456 (5947s) bert-base-uncased L7H5 sign=+0.89 symD=0 V=sym p=0 steps=4805: speed0=1.32e-01 speedT=1.60e-04 cos=+1.00 k=1 lam_top=+0.67 align=1.00
[E7] 1070/3456 (5960s) bert-base-uncased L7H5 sign=+0.89 symD=0 V=sym p=1 steps=5024: speed0=1.27e-01 speedT=3.79e-04 cos=+1.00 k=1 lam_top=+0.67 align=1.00
[E7] 1071/3456 (6033s) bert-base-uncased L7H5 sign=+0.89 symD=0 V=push p=1 steps=11599: speed0=5.13e-02 speedT=5.52e-03 cos=-0.01 k=2 lam_top=-0.12 align=0.00
[E7] 1072/3456 (6059s) bert-base-uncased L7H5 sign=+0.89 symD=0 V=full p=0 steps=37099: speed0=1.17e-01 speedT=9.17e-02 cos=+1.00 k=1 lam_top=+0.42 align=1.00
[E7] 1073/3456 (6098s) bert-base-uncased L7H5 sign=+0.89 symD=0 V=full p=1 steps=36360: speed0=1.14e-01 speedT=6.15e-02 cos=+1.00 k=1 lam_top=+0.42 align=1.00
[E7] 1074/3456 (6102s) bert-base-uncased L7H5 sign=+0.89 symD=0 V=push p=0 steps=24205: speed0=4.75e-02 speedT=2.95e-05 cos=-0.01 k=2 lam_top=-0.12 align=0.00
[E7] 1075/3456 (6143s) bert-base-uncased L7H5 sign=+0.89 symD=1 V=sym p=0 steps=4763: speed0=1.28e-01 speedT=1.46e-04 cos=+1.00 k=1 lam_top=+0.67 align=1.00
[E7] 1076/3456 (6148s) bert-base-uncased L7H5 sign=+0.89 symD=1 V=sym p=1 steps=4991: speed0=1.27e-01 speedT=4.39e-04 cos=+1.00 k=1 lam_top=+0.67 align=1.00
[E7] 1077/3456 (6205s) bert-base-uncased L7H5 sign=+0.89 symD=1 V=push p=0 steps=7787: speed0=4.90e-02 speedT=1.65e-04 cos=-0.02 k=20 lam_top=-0.12 align=0.00
[E7] 1078/3456 (6292s) bert-base-uncased L7H6 sign=-0.62 symD=0 V=full p=0 steps=13591: speed0=1.12e-01 speedT=1.35e-05 cos=+1.00 k=1 lam_top=+0.09 align=1.00
[E7] 1079/3456 (6324s) bert-base-uncased L7H5 sign=+0.89 symD=1 V=full p=0 steps=37222: speed0=1.06e-01 speedT=9.15e-02 cos=+1.00 k=1 lam_top=+0.42 align=1.00
[E7] 1080/3456 (6342s) bert-base-uncased L7H5 sign=+0.89 symD=1 V=push p=1 steps=25189: speed0=5.31e-02 speedT=5.02e-04 cos=+0.00 k=2 lam_top=-0.12 align=0.00
[E7] 1081/3456 (6343s) bert-base-uncased L7H5 sign=+0.89 symD=1 V=full p=1 steps=35885: speed0=1.05e-01 speedT=6.23e-02 cos=+1.00 k=1 lam_top=+0.42 align=1.00
[E7] 1082/3456 (6365s) bert-base-uncased L7H6 sign=-0.62 symD=0 V=sym p=0 steps=5349: speed0=1.16e-01 speedT=2.06e-07 cos=+1.00 k=1 lam_top=+0.51 align=1.00
[E7] 1083/3456 (6373s) bert-base-uncased L7H6 sign=-0.62 symD=0 V=sym p=1 steps=4551: speed0=1.09e-01 speedT=2.55e-07 cos=+1.00 k=1 lam_top=+0.51 align=1.00
[E7] 1084/3456 (6374s) bert-base-uncased L7H6 sign=-0.62 symD=0 V=full p=1 steps=13485: speed0=1.09e-01 speedT=1.57e-05 cos=+1.00 k=1 lam_top=+0.09 align=1.00
[E7] 1085/3456 (6408s) bert-base-uncased L7H6 sign=-0.62 symD=0 V=push p=0 steps=12575: speed0=7.41e-02 speedT=2.61e-07 cos=-0.02 k=2 lam_top=-0.23 align=0.00
[E7] 1086/3456 (6420s) bert-base-uncased L7H6 sign=-0.62 symD=0 V=push p=1 steps=10184: speed0=7.01e-02 speedT=8.15e-05 cos=+0.00 k=2 lam_top=-0.23 align=0.00
[E7] 1087/3456 (6449s) bert-base-uncased L7H6 sign=-0.62 symD=1 V=sym p=0 steps=4937: speed0=1.13e-01 speedT=2.06e-07 cos=+1.00 k=1 lam_top=+0.51 align=1.00
[E7] 1088/3456 (6460s) bert-base-uncased L7H6 sign=-0.62 symD=1 V=sym p=1 steps=4532: speed0=1.07e-01 speedT=2.00e-07 cos=+1.00 k=1 lam_top=+0.51 align=1.00
[E7] 1089/3456 (6468s) bert-base-uncased L7H6 sign=-0.62 symD=1 V=full p=0 steps=13009: speed0=1.01e-01 speedT=1.21e-05 cos=+1.00 k=1 lam_top=+0.09 align=1.00
[E7] 1090/3456 (6487s) bert-base-uncased L7H6 sign=-0.62 symD=1 V=full p=1 steps=15344: speed0=1.01e-01 speedT=2.53e-05 cos=+1.00 k=1 lam_top=+0.09 align=1.00
[E7] 1091/3456 (6529s) bert-base-uncased L7H6 sign=-0.62 symD=1 V=push p=0 steps=10463: speed0=7.03e-02 speedT=3.97e-05 cos=+0.19 k=3 lam_top=-0.23 align=0.00
[E7] 1092/3456 (6535s) bert-base-uncased L7H6 sign=-0.62 symD=1 V=push p=1 steps=9836: speed0=6.71e-02 speedT=7.86e-05 cos=+0.02 k=2 lam_top=-0.23 align=0.00
[E7] 1093/3456 (6562s) bert-base-uncased L7H7 sign=-0.17 symD=0 V=sym p=0 steps=4478: speed0=1.10e-01 speedT=1.98e-07 cos=+1.00 k=1 lam_top=+0.55 align=1.00
[E7] 1094/3456 (6585s) bert-base-uncased L7H7 sign=-0.17 symD=0 V=sym p=1 steps=6723: speed0=1.09e-01 speedT=2.54e-07 cos=+1.00 k=1 lam_top=+0.55 align=1.00
[E7] 1095/3456 (6602s) bert-base-uncased L7H7 sign=-0.17 symD=0 V=full p=0 steps=22249: speed0=9.65e-02 speedT=7.45e-02 cos=+1.00 k=1 lam_top=+0.17 align=1.00
[E7] 1096/3456 (6620s) bert-base-uncased L7H7 sign=-0.17 symD=0 V=full p=1 steps=21727: speed0=9.30e-02 speedT=2.01e-02 cos=+1.00 k=1 lam_top=+0.17 align=1.00
[E7] 1097/3456 (6621s) bert-base-uncased L7H7 sign=-0.17 symD=0 V=push p=0 steps=9812: speed0=6.79e-02 speedT=3.52e-07 cos=-0.02 k=2 lam_top=-0.20 align=0.00
[E7] 1098/3456 (6631s) bert-base-uncased L7H7 sign=-0.17 symD=0 V=push p=1 steps=7752: speed0=7.20e-02 speedT=3.34e-07 cos=-0.01 k=2 lam_top=-0.20 align=0.00
[E7] 1099/3456 (6665s) bert-base-uncased L7H7 sign=-0.17 symD=1 V=sym p=0 steps=4654: speed0=1.06e-01 speedT=1.98e-07 cos=+1.00 k=1 lam_top=+0.55 align=1.00
[E7] 1100/3456 (6679s) bert-base-uncased L7H7 sign=-0.17 symD=1 V=sym p=1 steps=4890: speed0=1.03e-01 speedT=2.05e-07 cos=+1.00 k=1 lam_top=+0.55 align=1.00
[E7] 1101/3456 (6743s) bert-base-uncased L7H7 sign=-0.17 symD=1 V=push p=1 steps=8436: speed0=6.81e-02 speedT=2.96e-07 cos=+0.03 k=2 lam_top=-0.20 align=0.00
[E7] 1102/3456 (6746s) bert-base-uncased L7H7 sign=-0.17 symD=1 V=push p=0 steps=10418: speed0=6.57e-02 speedT=3.09e-07 cos=-0.01 k=2 lam_top=-0.20 align=0.00
[E7] 1103/3456 (6777s) bert-base-uncased L7H7 sign=-0.17 symD=1 V=full p=0 steps=22624: speed0=8.87e-02 speedT=7.46e-02 cos=+1.00 k=1 lam_top=+0.17 align=1.00
[E7] 1104/3456 (6790s) bert-base-uncased L7H7 sign=-0.17 symD=1 V=full p=1 steps=21755: speed0=8.26e-02 speedT=2.45e-02 cos=+1.00 k=1 lam_top=+0.17 align=1.00
[E7] 1105/3456 (6793s) bert-base-uncased L7H8 sign=-0.57 symD=0 V=full p=1 steps=7589: speed0=8.43e-02 speedT=3.42e-08 cos=-0.01 k=2 lam_top=+0.13 align=1.00
[E7] 1106/3456 (6811s) bert-base-uncased L7H8 sign=-0.57 symD=0 V=sym p=0 steps=4693: speed0=1.00e-01 speedT=2.17e-07 cos=+1.00 k=1 lam_top=+0.51 align=1.00
[E7] 1107/3456 (6815s) bert-base-uncased L7H8 sign=-0.57 symD=0 V=full p=0 steps=11938: speed0=1.00e-01 speedT=7.16e-08 cos=+1.00 k=1 lam_top=+0.13 align=1.00
[E7] 1108/3456 (6825s) bert-base-uncased L7H8 sign=-0.57 symD=0 V=sym p=1 steps=4723: speed0=9.47e-02 speedT=2.17e-07 cos=+1.00 k=1 lam_top=+0.51 align=1.00
[E7] 1109/3456 (6908s) bert-base-uncased L7H8 sign=-0.57 symD=1 V=full p=0 steps=12140: speed0=8.64e-02 speedT=5.16e-08 cos=+1.00 k=1 lam_top=+0.13 align=1.00
[E7] 1110/3456 (6933s) bert-base-uncased L7H8 sign=-0.57 symD=1 V=full p=1 steps=14439: speed0=7.64e-02 speedT=5.72e-08 cos=+1.00 k=1 lam_top=+0.13 align=1.00
[E7] 1111/3456 (6935s) bert-base-uncased L7H8 sign=-0.57 symD=0 V=push p=1 steps=21139: speed0=6.71e-02 speedT=1.92e-03 cos=-0.01 k=43 lam_top=-0.09 align=0.01
[E7] 1112/3456 (6957s) bert-base-uncased L7H8 sign=-0.57 symD=1 V=sym p=0 steps=5566: speed0=9.52e-02 speedT=2.89e-07 cos=+1.00 k=1 lam_top=+0.51 align=1.00
[E7] 1113/3456 (6980s) bert-base-uncased L7H8 sign=-0.57 symD=1 V=sym p=1 steps=5254: speed0=9.09e-02 speedT=2.46e-07 cos=+1.00 k=1 lam_top=+0.51 align=1.00
[E7] 1114/3456 (7024s) bert-base-uncased L7H8 sign=-0.57 symD=0 V=push p=0 steps=39065: speed0=7.29e-02 speedT=2.22e-03 cos=-0.01 k=18 lam_top=-0.09 align=0.02
[E7] 1115/3456 (7031s) bert-base-uncased L7H8 sign=-0.57 symD=1 V=push p=0 steps=12889: speed0=7.05e-02 speedT=1.54e-03 cos=+0.01 k=64 lam_top=-0.09 align=0.00
[E7] 1116/3456 (7055s) bert-base-uncased L7H8 sign=-0.57 symD=1 V=push p=1 steps=13003: speed0=6.77e-02 speedT=2.23e-03 cos=+0.01 k=64 lam_top=-0.09 align=0.00
[E7] 1117/3456 (7065s) bert-base-uncased L7H9 sign=+0.11 symD=0 V=sym p=0 steps=4813: speed0=1.01e-01 speedT=2.56e-07 cos=+1.00 k=1 lam_top=+0.51 align=1.00
[E7] 1118/3456 (7096s) bert-base-uncased L7H9 sign=+0.11 symD=0 V=sym p=1 steps=5436: speed0=9.53e-02 speedT=2.54e-07 cos=+1.00 k=1 lam_top=+0.51 align=1.00
[E7] 1119/3456 (7146s) bert-base-uncased L7H9 sign=+0.11 symD=0 V=full p=0 steps=27221: speed0=1.04e-01 speedT=3.52e-02 cos=+1.00 k=1 lam_top=+0.17 align=1.00
[E7] 1120/3456 (7176s) bert-base-uncased L7H9 sign=+0.11 symD=0 V=full p=1 steps=25161: speed0=9.95e-02 speedT=3.43e-02 cos=+1.00 k=1 lam_top=+0.17 align=1.00
[E7] 1121/3456 (7250s) bert-base-uncased L7H9 sign=+0.11 symD=0 V=push p=1 steps=24844: speed0=6.11e-02 speedT=9.99e-04 cos=-0.01 k=31 lam_top=-0.14 align=0.02
[E7] 1122/3456 (7291s) bert-base-uncased L7H9 sign=+0.11 symD=0 V=push p=0 steps=37502: speed0=6.38e-02 speedT=6.59e-03 cos=-0.01 k=32 lam_top=-0.14 align=0.07
[E7] 1123/3456 (7300s) bert-base-uncased L7H9 sign=+0.11 symD=1 V=sym p=0 steps=5716: speed0=8.93e-02 speedT=2.97e-07 cos=+1.00 k=1 lam_top=+0.51 align=1.00
[E7] 1124/3456 (7337s) bert-base-uncased L7H9 sign=+0.11 symD=1 V=sym p=1 steps=5210: speed0=8.58e-02 speedT=2.29e-07 cos=+1.00 k=1 lam_top=+0.51 align=1.00
[E7] 1125/3456 (7371s) bert-base-uncased L7H9 sign=+0.11 symD=1 V=full p=0 steps=29375: speed0=7.99e-02 speedT=3.72e-02 cos=+1.00 k=1 lam_top=+0.17 align=0.99
[E7] 1126/3456 (7401s) bert-base-uncased L7H9 sign=+0.11 symD=1 V=push p=0 steps=13691: speed0=5.67e-02 speedT=5.70e-04 cos=+0.02 k=64 lam_top=-0.14 align=0.01
[E7] 1127/3456 (7417s) bert-base-uncased L7H10 sign=+0.62 symD=0 V=full p=0 steps=7348: speed0=1.53e-01 speedT=6.43e-08 cos=+1.00 k=1 lam_top=+0.32 align=1.00
[E7] 1128/3456 (7434s) bert-base-uncased L7H9 sign=+0.11 symD=1 V=push p=1 steps=13398: speed0=5.58e-02 speedT=4.91e-04 cos=+0.02 k=64 lam_top=-0.14 align=0.01
[E7] 1129/3456 (7440s) bert-base-uncased L7H9 sign=+0.11 symD=1 V=full p=1 steps=34477: speed0=7.85e-02 speedT=3.97e-02 cos=+1.00 k=1 lam_top=+0.17 align=0.98
[E7] 1130/3456 (7461s) bert-base-uncased L7H10 sign=+0.62 symD=0 V=sym p=0 steps=6102: speed0=1.23e-01 speedT=4.25e-07 cos=+1.00 k=1 lam_top=+0.62 align=1.00
[E7] 1131/3456 (7462s) bert-base-uncased L7H10 sign=+0.62 symD=0 V=full p=1 steps=9973: speed0=1.46e-01 speedT=1.94e-07 cos=+1.00 k=1 lam_top=+0.32 align=1.00
[E7] 1132/3456 (7469s) bert-base-uncased L7H10 sign=+0.62 symD=0 V=sym p=1 steps=4938: speed0=1.16e-01 speedT=2.30e-07 cos=+1.00 k=1 lam_top=+0.62 align=1.00
[E7] 1133/3456 (7527s) bert-base-uncased L7H10 sign=+0.62 symD=1 V=full p=0 steps=8889: speed0=1.21e-01 speedT=1.02e-07 cos=+1.00 k=1 lam_top=+0.32 align=1.00
[E7] 1134/3456 (7548s) bert-base-uncased L7H10 sign=+0.62 symD=1 V=full p=1 steps=10612: speed0=1.17e-01 speedT=6.15e-08 cos=+1.00 k=1 lam_top=+0.32 align=1.00
[E7] 1135/3456 (7569s) bert-base-uncased L7H10 sign=+0.62 symD=0 V=push p=0 steps=22841: speed0=6.20e-02 speedT=2.50e-03 cos=-0.02 k=8 lam_top=-0.15 align=0.00
[E7] 1136/3456 (7579s) bert-base-uncased L7H10 sign=+0.62 symD=1 V=sym p=0 steps=5676: speed0=1.14e-01 speedT=3.49e-07 cos=+1.00 k=1 lam_top=+0.62 align=1.00
[E7] 1137/3456 (7594s) bert-base-uncased L7H10 sign=+0.62 symD=1 V=sym p=1 steps=5208: speed0=1.09e-01 speedT=2.71e-07 cos=+1.00 k=1 lam_top=+0.62 align=1.00
[E7] 1138/3456 (7658s) bert-base-uncased L7H10 sign=+0.62 symD=1 V=push p=0 steps=12029: speed0=5.95e-02 speedT=1.67e-04 cos=-0.01 k=7 lam_top=-0.15 align=0.00
[E7] 1139/3456 (7684s) bert-base-uncased L7H10 sign=+0.62 symD=1 V=push p=1 steps=13755: speed0=5.64e-02 speedT=1.94e-06 cos=-0.02 k=3 lam_top=-0.15 align=0.00
[E7] 1140/3456 (7721s) bert-base-uncased L7H11 sign=+0.13 symD=0 V=sym p=0 steps=4907: speed0=1.16e-01 speedT=2.19e-06 cos=+1.00 k=1 lam_top=+0.58 align=1.00
[E7] 1141/3456 (7741s) bert-base-uncased L7H10 sign=+0.62 symD=0 V=push p=1 steps=47323: speed0=5.81e-02 speedT=2.56e-03 cos=-0.02 k=3 lam_top=-0.15 align=0.00
[E7] 1142/3456 (7758s) bert-base-uncased L7H11 sign=+0.13 symD=0 V=sym p=1 steps=4970: speed0=1.14e-01 speedT=1.97e-06 cos=+1.00 k=1 lam_top=+0.58 align=1.00
[E7] 1143/3456 (7788s) bert-base-uncased L7H11 sign=+0.13 symD=0 V=push p=0 steps=8324: speed0=7.64e-02 speedT=2.14e-07 cos=-0.01 k=2 lam_top=-0.18 align=0.00
[E7] 1144/3456 (7800s) bert-base-uncased L7H11 sign=+0.13 symD=0 V=push p=1 steps=7000: speed0=7.14e-02 speedT=1.93e-07 cos=-0.02 k=2 lam_top=-0.18 align=0.00
[E7] 1145/3456 (7820s) bert-base-uncased L7H11 sign=+0.13 symD=0 V=full p=0 steps=36302: speed0=1.16e-01 speedT=1.03e-01 cos=+1.00 k=1 lam_top=+0.22 align=1.00
[E7] 1146/3456 (7863s) bert-base-uncased L7H11 sign=+0.13 symD=1 V=sym p=0 steps=5001: speed0=1.10e-01 speedT=2.18e-06 cos=+1.00 k=1 lam_top=+0.58 align=1.00
[E7] 1147/3456 (7879s) bert-base-uncased L7H11 sign=+0.13 symD=0 V=full p=1 steps=35992: speed0=1.17e-01 speedT=8.25e-02 cos=+1.00 k=1 lam_top=+0.22 align=1.00
[E7] 1148/3456 (7910s) bert-base-uncased L7H11 sign=+0.13 symD=1 V=sym p=1 steps=4981: speed0=1.07e-01 speedT=2.56e-06 cos=+1.00 k=1 lam_top=+0.58 align=1.00
[E7] 1149/3456 (7942s) bert-base-uncased L7H11 sign=+0.13 symD=1 V=push p=0 steps=8096: speed0=7.04e-02 speedT=2.52e-07 cos=-0.01 k=2 lam_top=-0.18 align=0.00
[E7] 1150/3456 (7978s) bert-base-uncased L7H11 sign=+0.13 symD=1 V=push p=1 steps=9023: speed0=6.66e-02 speedT=2.65e-07 cos=-0.01 k=2 lam_top=-0.18 align=0.00
[E7] 1151/3456 (8057s) bert-base-uncased L8H0 sign=-0.34 symD=0 V=full p=0 steps=18471: speed0=1.03e-01 speedT=1.12e-06 cos=+1.00 k=1 lam_top=+0.14 align=1.00
[E7] 1152/3456 (8057s) bert-base-uncased L8H0 sign=-0.34 symD=0 V=full p=1 steps=12683: speed0=1.02e-01 speedT=2.93e-07 cos=+1.00 k=1 lam_top=+0.14 align=1.00
[E7] 1153/3456 (8069s) bert-base-uncased L7H11 sign=+0.13 symD=1 V=full p=0 steps=36431: speed0=1.01e-01 speedT=9.60e-02 cos=+1.00 k=1 lam_top=+0.22 align=1.00
[E7] 1154/3456 (8076s) bert-base-uncased L7H11 sign=+0.13 symD=1 V=full p=1 steps=36086: speed0=1.02e-01 speedT=7.55e-02 cos=+1.00 k=1 lam_top=+0.22 align=1.00
[E7] 1155/3456 (8098s) bert-base-uncased L8H0 sign=-0.34 symD=0 V=sym p=1 steps=5212: speed0=1.03e-01 speedT=1.80e-07 cos=+1.00 k=1 lam_top=+0.49 align=1.00
[E7] 1156/3456 (8099s) bert-base-uncased L8H0 sign=-0.34 symD=0 V=sym p=0 steps=5518: speed0=1.02e-01 speedT=3.96e-07 cos=+1.00 k=1 lam_top=+0.49 align=1.00
[E7] 1157/3456 (8193s) bert-base-uncased L8H0 sign=-0.34 symD=0 V=push p=0 steps=21138: speed0=6.21e-02 speedT=5.65e-04 cos=-0.02 k=14 lam_top=-0.19 align=0.00
[E7] 1158/3456 (8196s) bert-base-uncased L8H0 sign=-0.34 symD=1 V=full p=1 steps=13016: speed0=1.01e-01 speedT=3.06e-07 cos=+1.00 k=1 lam_top=+0.14 align=1.00
[E7] 1159/3456 (8219s) bert-base-uncased L8H0 sign=-0.34 symD=1 V=full p=0 steps=16265: speed0=1.01e-01 speedT=6.41e-07 cos=+1.00 k=1 lam_top=+0.14 align=1.00
[E7] 1160/3456 (8238s) bert-base-uncased L8H0 sign=-0.34 symD=1 V=sym p=0 steps=5365: speed0=1.03e-01 speedT=4.15e-07 cos=+1.00 k=1 lam_top=+0.49 align=1.00
[E7] 1161/3456 (8240s) bert-base-uncased L8H0 sign=-0.34 symD=1 V=sym p=1 steps=5098: speed0=1.04e-01 speedT=2.23e-07 cos=+1.00 k=1 lam_top=+0.49 align=1.00
[E7] 1162/3456 (8269s) bert-base-uncased L8H1 sign=-0.96 symD=0 V=full p=0 steps=4469: speed0=1.15e-01 speedT=1.91e-07 cos=+1.00 k=1 lam_top=+0.11 align=1.00
[E7] 1163/3456 (8292s) bert-base-uncased L8H1 sign=-0.96 symD=0 V=full p=1 steps=3890: speed0=1.11e-01 speedT=3.07e-07 cos=+1.00 k=1 lam_top=+0.11 align=1.00
[E7] 1164/3456 (8321s) bert-base-uncased L8H1 sign=-0.96 symD=0 V=sym p=0 steps=3909: speed0=1.18e-01 speedT=2.04e-07 cos=+1.00 k=1 lam_top=+0.39 align=1.00
[E7] 1165/3456 (8329s) bert-base-uncased L8H0 sign=-0.34 symD=0 V=push p=1 steps=44272: speed0=6.37e-02 speedT=6.86e-04 cos=-0.01 k=9 lam_top=-0.19 align=0.00
[E7] 1166/3456 (8352s) bert-base-uncased L8H1 sign=-0.96 symD=0 V=sym p=1 steps=4218: speed0=1.18e-01 speedT=2.04e-07 cos=+1.00 k=1 lam_top=+0.39 align=1.00
[E7] 1167/3456 (8362s) bert-base-uncased L8H0 sign=-0.34 symD=1 V=push p=1 steps=16496: speed0=6.30e-02 speedT=4.27e-04 cos=+0.00 k=43 lam_top=-0.19 align=0.00
[E7] 1168/3456 (8388s) bert-base-uncased L8H0 sign=-0.34 symD=1 V=push p=0 steps=23023: speed0=6.03e-02 speedT=6.18e-05 cos=-0.02 k=12 lam_top=-0.19 align=0.00
[E7] 1169/3456 (8389s) bert-base-uncased L8H1 sign=-0.96 symD=1 V=full p=0 steps=3535: speed0=1.14e-01 speedT=3.07e-07 cos=+1.00 k=1 lam_top=+0.11 align=1.00
[E7] 1170/3456 (8416s) bert-base-uncased L8H1 sign=-0.96 symD=1 V=full p=1 steps=3788: speed0=1.00e-01 speedT=3.07e-07 cos=+1.00 k=1 lam_top=+0.11 align=1.00
[E7] 1171/3456 (8422s) bert-base-uncased L8H1 sign=-0.96 symD=1 V=sym p=0 steps=3775: speed0=1.16e-01 speedT=2.29e-07 cos=+1.00 k=1 lam_top=+0.39 align=1.00
[E7] 1172/3456 (8451s) bert-base-uncased L8H1 sign=-0.96 symD=1 V=sym p=1 steps=3896: speed0=1.09e-01 speedT=1.84e-07 cos=+1.00 k=1 lam_top=+0.39 align=1.00
[E7] 1173/3456 (8508s) bert-base-uncased L8H1 sign=-0.96 symD=1 V=push p=0 steps=11800: speed0=1.02e-01 speedT=7.30e-05 cos=-0.01 k=38 lam_top=-0.20 align=0.00
[E7] 1174/3456 (8528s) bert-base-uncased L8H1 sign=-0.96 symD=0 V=push p=1 steps=30702: speed0=1.04e-01 speedT=4.84e-03 cos=-0.02 k=4 lam_top=-0.20 align=0.01
[E7] 1175/3456 (8555s) bert-base-uncased L8H1 sign=-0.96 symD=1 V=push p=1 steps=14641: speed0=9.43e-02 speedT=7.45e-04 cos=+0.00 k=36 lam_top=-0.20 align=0.00
[E7] 1176/3456 (8561s) bert-base-uncased L8H1 sign=-0.96 symD=0 V=push p=0 steps=39489: speed0=1.04e-01 speedT=1.17e-03 cos=-0.01 k=13 lam_top=-0.20 align=0.03
[E7] 1177/3456 (8584s) bert-base-uncased L8H2 sign=+0.14 symD=0 V=sym p=0 steps=3993: speed0=9.74e-02 speedT=2.84e-07 cos=+1.00 k=1 lam_top=+0.52 align=1.00
[E7] 1178/3456 (8588s) bert-base-uncased L8H2 sign=+0.14 symD=0 V=sym p=1 steps=3789: speed0=9.80e-02 speedT=2.83e-07 cos=+1.00 k=1 lam_top=+0.52 align=1.00
[E7] 1179/3456 (8605s) bert-base-uncased L8H2 sign=+0.14 symD=0 V=full p=0 steps=16000: speed0=9.35e-02 speedT=1.46e-07 cos=+1.00 k=1 lam_top=+0.21 align=1.00
[E7] 1180/3456 (8628s) bert-base-uncased L8H2 sign=+0.14 symD=0 V=push p=1 steps=6864: speed0=5.93e-02 speedT=1.90e-07 cos=-0.01 k=2 lam_top=-0.12 align=0.00
[E7] 1181/3456 (8629s) bert-base-uncased L8H2 sign=+0.14 symD=0 V=push p=0 steps=7698: speed0=5.93e-02 speedT=1.90e-07 cos=+0.24 k=2 lam_top=-0.12 align=0.00
[E7] 1182/3456 (8634s) bert-base-uncased L8H2 sign=+0.14 symD=0 V=full p=1 steps=17922: speed0=1.02e-01 speedT=1.16e-07 cos=+1.00 k=1 lam_top=+0.21 align=1.00
[E7] 1183/3456 (8666s) bert-base-uncased L8H2 sign=+0.14 symD=1 V=sym p=0 steps=3913: speed0=9.38e-02 speedT=2.78e-07 cos=+1.00 k=1 lam_top=+0.52 align=1.00
[E7] 1184/3456 (8669s) bert-base-uncased L8H2 sign=+0.14 symD=1 V=sym p=1 steps=3866: speed0=9.31e-02 speedT=3.72e-07 cos=+1.00 k=1 lam_top=+0.52 align=1.00
[E7] 1185/3456 (8716s) bert-base-uncased L8H2 sign=+0.14 symD=1 V=push p=0 steps=6562: speed0=5.52e-02 speedT=1.90e-07 cos=-0.01 k=2 lam_top=-0.12 align=0.00
[E7] 1186/3456 (8722s) bert-base-uncased L8H2 sign=+0.14 symD=1 V=push p=1 steps=6735: speed0=5.46e-02 speedT=1.56e-07 cos=+0.03 k=2 lam_top=-0.12 align=0.00
[E7] 1187/3456 (8748s) bert-base-uncased L8H3 sign=-0.97 symD=0 V=full p=1 steps=4039: speed0=1.03e-01 speedT=1.82e-07 cos=+1.00 k=1 lam_top=+0.13 align=1.00
[E7] 1188/3456 (8752s) bert-base-uncased L8H2 sign=+0.14 symD=1 V=full p=0 steps=18689: speed0=8.29e-02 speedT=1.45e-07 cos=+1.00 k=1 lam_top=+0.21 align=1.00
[E7] 1189/3456 (8753s) bert-base-uncased L8H3 sign=-0.97 symD=0 V=full p=0 steps=5472: speed0=1.07e-01 speedT=1.82e-07 cos=+1.00 k=1 lam_top=+0.13 align=1.00
[E7] 1190/3456 (8779s) bert-base-uncased L8H2 sign=+0.14 symD=1 V=full p=1 steps=19305: speed0=8.95e-02 speedT=1.46e-07 cos=+1.00 k=1 lam_top=+0.21 align=1.00
[E7] 1191/3456 (8781s) bert-base-uncased L8H3 sign=-0.97 symD=0 V=sym p=0 steps=4064: speed0=1.16e-01 speedT=3.07e-07 cos=+1.00 k=1 lam_top=+0.43 align=1.00
[E7] 1192/3456 (8785s) bert-base-uncased L8H3 sign=-0.97 symD=0 V=sym p=1 steps=4245: speed0=1.15e-01 speedT=3.07e-07 cos=+1.00 k=1 lam_top=+0.43 align=1.00
[E7] 1193/3456 (8818s) bert-base-uncased L8H3 sign=-0.97 symD=1 V=full p=1 steps=4447: speed0=1.03e-01 speedT=1.82e-07 cos=+1.00 k=1 lam_top=+0.13 align=1.00
[E7] 1194/3456 (8831s) bert-base-uncased L8H3 sign=-0.97 symD=1 V=full p=0 steps=6443: speed0=1.12e-01 speedT=1.46e-07 cos=+0.18 k=2 lam_top=+0.13 align=1.00
[E7] 1195/3456 (8853s) bert-base-uncased L8H3 sign=-0.97 symD=1 V=sym p=0 steps=4109: speed0=1.19e-01 speedT=3.76e-07 cos=+1.00 k=1 lam_top=+0.43 align=1.00
[E7] 1196/3456 (8868s) bert-base-uncased L8H3 sign=-0.97 symD=1 V=sym p=1 steps=4287: speed0=1.14e-01 speedT=2.40e-07 cos=+1.00 k=1 lam_top=+0.43 align=1.00
[E7] 1197/3456 (8975s) bert-base-uncased L8H3 sign=-0.97 symD=0 V=push p=0 steps=36681: speed0=9.58e-02 speedT=6.86e-03 cos=+0.01 k=44 lam_top=-0.25 align=0.01
[E7] 1198/3456 (8985s) bert-base-uncased L8H3 sign=-0.97 symD=1 V=push p=1 steps=15574: speed0=9.51e-02 speedT=1.27e-04 cos=+0.01 k=57 lam_top=-0.25 align=0.00
[E7] 1199/3456 (8991s) bert-base-uncased L8H3 sign=-0.97 symD=1 V=push p=0 steps=18620: speed0=9.94e-02 speedT=4.29e-05 cos=-0.01 k=13 lam_top=-0.25 align=0.00
[E7] 1200/3456 (9032s) bert-base-uncased L8H4 sign=+0.07 symD=0 V=sym p=0 steps=5200: speed0=9.86e-02 speedT=2.63e-07 cos=+1.00 k=1 lam_top=+0.55 align=1.00
[E7] 1201/3456 (9040s) bert-base-uncased L8H4 sign=+0.07 symD=0 V=full p=0 steps=10125: speed0=1.00e-01 speedT=8.91e-08 cos=+1.00 k=1 lam_top=+0.19 align=1.00
[E7] 1202/3456 (9042s) bert-base-uncased L8H4 sign=+0.07 symD=0 V=full p=1 steps=9085: speed0=1.04e-01 speedT=8.53e-08 cos=+1.00 k=1 lam_top=+0.19 align=1.00
[E7] 1203/3456 (9061s) bert-base-uncased L8H4 sign=+0.07 symD=0 V=sym p=1 steps=3822: speed0=9.99e-02 speedT=2.23e-07 cos=+1.00 k=1 lam_top=+0.55 align=1.00
[E7] 1204/3456 (9116s) bert-base-uncased L8H4 sign=+0.07 symD=0 V=push p=1 steps=12692: speed0=5.73e-02 speedT=3.99e-04 cos=-0.01 k=9 lam_top=-0.07 align=0.00
[E7] 1205/3456 (9128s) bert-base-uncased L8H4 sign=+0.07 symD=0 V=push p=0 steps=14374: speed0=5.54e-02 speedT=3.59e-04 cos=-0.01 k=4 lam_top=-0.07 align=0.00
[E7] 1206/3456 (9140s) bert-base-uncased L8H4 sign=+0.07 symD=1 V=full p=0 steps=10164: speed0=9.85e-02 speedT=7.05e-08 cos=+1.00 k=1 lam_top=+0.19 align=1.00
[E7] 1207/3456 (9145s) bert-base-uncased L8H3 sign=-0.97 symD=0 V=push p=1 steps=61599: speed0=9.72e-02 speedT=2.23e-03 cos=-0.00 k=38 lam_top=-0.25 align=0.00
[E7] 1208/3456 (9173s) bert-base-uncased L8H4 sign=+0.07 symD=1 V=sym p=1 steps=4226: speed0=9.44e-02 speedT=2.59e-07 cos=+1.00 k=1 lam_top=+0.55 align=1.00
[E7] 1209/3456 (9176s) bert-base-uncased L8H4 sign=+0.07 symD=1 V=sym p=0 steps=5848: speed0=9.68e-02 speedT=2.20e-07 cos=+1.00 k=1 lam_top=+0.55 align=1.00
[E7] 1210/3456 (9199s) bert-base-uncased L8H4 sign=+0.07 symD=1 V=full p=1 steps=11021: speed0=9.41e-02 speedT=9.33e-08 cos=+1.00 k=1 lam_top=+0.19 align=1.00
[E7] 1211/3456 (9288s) bert-base-uncased L8H4 sign=+0.07 symD=1 V=push p=0 steps=20095: speed0=5.11e-02 speedT=6.52e-07 cos=-0.02 k=9 lam_top=-0.07 align=0.00
[E7] 1212/3456 (9329s) bert-base-uncased L8H5 sign=+0.36 symD=0 V=sym p=0 steps=5003: speed0=1.18e-01 speedT=2.60e-07 cos=+1.00 k=1 lam_top=+0.58 align=1.00
[E7] 1213/3456 (9337s) bert-base-uncased L8H4 sign=+0.07 symD=1 V=push p=1 steps=21585: speed0=5.15e-02 speedT=3.12e-04 cos=-0.00 k=3 lam_top=-0.07 align=0.00
[E7] 1214/3456 (9369s) bert-base-uncased L8H5 sign=+0.36 symD=0 V=sym p=1 steps=5212: speed0=1.19e-01 speedT=2.87e-07 cos=+1.00 k=1 lam_top=+0.58 align=1.00
[E7] 1215/3456 (9390s) bert-base-uncased L8H5 sign=+0.36 symD=0 V=push p=0 steps=8989: speed0=6.37e-02 speedT=1.88e-07 cos=-0.01 k=2 lam_top=-0.17 align=0.00
[E7] 1216/3456 (9427s) bert-base-uncased L8H5 sign=+0.36 symD=0 V=push p=1 steps=10031: speed0=6.52e-02 speedT=5.56e-04 cos=-0.01 k=6 lam_top=-0.17 align=0.00
[E7] 1217/3456 (9544s) bert-base-uncased L8H5 sign=+0.36 symD=0 V=full p=1 steps=54647: speed0=1.42e-01 speedT=1.57e-01 cos=+1.00 k=1 lam_top=+0.26 align=1.00
[E7] 1218/3456 (9552s) bert-base-uncased L8H5 sign=+0.36 symD=0 V=full p=0 steps=60250: speed0=1.32e-01 speedT=9.98e-02 cos=+1.00 k=1 lam_top=+0.26 align=1.00
[E7] 1219/3456 (9597s) bert-base-uncased L8H5 sign=+0.36 symD=1 V=sym p=0 steps=5804: speed0=1.19e-01 speedT=2.70e-07 cos=+1.00 k=1 lam_top=+0.58 align=1.00
[E7] 1220/3456 (9611s) bert-base-uncased L8H5 sign=+0.36 symD=1 V=sym p=1 steps=6221: speed0=1.18e-01 speedT=4.14e-07 cos=+1.00 k=1 lam_top=+0.58 align=1.00
[E7] 1221/3456 (9659s) bert-base-uncased L8H5 sign=+0.36 symD=1 V=push p=0 steps=7519: speed0=6.03e-02 speedT=1.15e-07 cos=-0.02 k=2 lam_top=-0.17 align=0.00
[E7] 1222/3456 (9712s) bert-base-uncased L8H6 sign=+0.05 symD=0 V=full p=0 steps=8371: speed0=9.37e-02 speedT=5.46e-08 cos=-0.01 k=2 lam_top=+0.23 align=1.00
[E7] 1223/3456 (9732s) bert-base-uncased L8H5 sign=+0.36 symD=1 V=push p=1 steps=15148: speed0=6.14e-02 speedT=6.80e-03 cos=+0.07 k=39 lam_top=-0.17 align=0.00
[E7] 1224/3456 (9755s) bert-base-uncased L8H6 sign=+0.05 symD=0 V=full p=1 steps=6543: speed0=9.71e-02 speedT=9.90e-08 cos=+1.00 k=1 lam_top=+0.23 align=1.00
[E7] 1225/3456 (9761s) bert-base-uncased L8H6 sign=+0.05 symD=0 V=sym p=0 steps=3772: speed0=1.05e-01 speedT=7.73e-05 cos=+1.00 k=1 lam_top=+0.52 align=1.00
[E7] 1226/3456 (9781s) bert-base-uncased L8H6 sign=+0.05 symD=0 V=sym p=1 steps=3752: speed0=1.01e-01 speedT=4.99e-05 cos=+1.00 k=1 lam_top=+0.52 align=1.00
[E7] 1227/3456 (9812s) bert-base-uncased L8H6 sign=+0.05 symD=0 V=push p=0 steps=9139: speed0=5.81e-02 speedT=3.46e-07 cos=+0.15 k=2 lam_top=-0.16 align=0.00
[E7] 1228/3456 (9827s) bert-base-uncased L8H6 sign=+0.05 symD=0 V=push p=1 steps=7443: speed0=5.74e-02 speedT=3.31e-07 cos=+0.27 k=2 lam_top=-0.16 align=0.00
[E7] 1229/3456 (9868s) bert-base-uncased L8H6 sign=+0.05 symD=1 V=full p=0 steps=6835: speed0=8.82e-02 speedT=3.13e-08 cos=+0.18 k=2 lam_top=+0.23 align=1.00
[E7] 1230/3456 (9869s) bert-base-uncased L8H5 sign=+0.36 symD=1 V=full p=1 steps=55656: speed0=1.23e-01 speedT=1.52e-01 cos=+1.00 k=1 lam_top=+0.26 align=1.00
[E7] 1231/3456 (9869s) bert-base-uncased L8H5 sign=+0.36 symD=1 V=full p=0 steps=60259: speed0=1.20e-01 speedT=1.54e-01 cos=+1.00 k=1 lam_top=+0.26 align=1.00
[E7] 1232/3456 (9874s) bert-base-uncased L8H6 sign=+0.05 symD=1 V=full p=1 steps=5816: speed0=9.15e-02 speedT=9.93e-08 cos=+1.00 k=1 lam_top=+0.23 align=1.00
[E7] 1233/3456 (9905s) bert-base-uncased L8H6 sign=+0.05 symD=1 V=sym p=0 steps=3935: speed0=1.03e-01 speedT=1.05e-04 cos=+1.00 k=1 lam_top=+0.52 align=1.00
[E7] 1234/3456 (9907s) bert-base-uncased L8H6 sign=+0.05 symD=1 V=sym p=1 steps=4083: speed0=9.85e-02 speedT=9.82e-05 cos=+1.00 k=1 lam_top=+0.52 align=1.00
[E7] 1235/3456 (9939s) bert-base-uncased L8H6 sign=+0.05 symD=1 V=push p=1 steps=8098: speed0=5.33e-02 speedT=1.87e-07 cos=+0.06 k=2 lam_top=-0.16 align=0.00
[E7] 1236/3456 (9952s) bert-base-uncased L8H6 sign=+0.05 symD=1 V=push p=0 steps=10366: speed0=5.57e-02 speedT=2.04e-07 cos=+0.00 k=2 lam_top=-0.16 align=0.00
[E7] 1237/3456 (9970s) bert-base-uncased L8H7 sign=-0.92 symD=0 V=sym p=0 steps=4004: speed0=8.82e-02 speedT=2.02e-07 cos=+1.00 k=1 lam_top=+0.44 align=1.00
[E7] 1238/3456 (9981s) bert-base-uncased L8H7 sign=-0.92 symD=0 V=sym p=1 steps=3867: speed0=7.94e-02 speedT=1.86e-07 cos=+1.00 k=1 lam_top=+0.44 align=1.00
[E7] 1239/3456 (10011s) bert-base-uncased L8H7 sign=-0.92 symD=0 V=full p=0 steps=16682: speed0=9.01e-02 speedT=7.35e-04 cos=+1.00 k=1 lam_top=+0.00 align=1.00
[E7] 1240/3456 (10012s) bert-base-uncased L8H7 sign=-0.92 symD=0 V=push p=0 steps=7163: speed0=7.41e-02 speedT=4.37e-07 cos=+0.18 k=2 lam_top=-0.21 align=0.00
[E7] 1241/3456 (10074s) bert-base-uncased L8H7 sign=-0.92 symD=0 V=push p=1 steps=15198: speed0=6.65e-02 speedT=3.61e-07 cos=-0.01 k=2 lam_top=-0.21 align=0.00
[E7] 1242/3456 (10112s) bert-base-uncased L8H7 sign=-0.92 symD=1 V=sym p=0 steps=4166: speed0=8.75e-02 speedT=1.86e-07 cos=+1.00 k=1 lam_top=+0.44 align=1.00
[E7] 1243/3456 (10152s) bert-base-uncased L8H7 sign=-0.92 symD=1 V=sym p=1 steps=4141: speed0=8.21e-02 speedT=2.02e-07 cos=+1.00 k=1 lam_top=+0.44 align=1.00
[E7] 1244/3456 (10154s) bert-base-uncased L8H7 sign=-0.92 symD=0 V=full p=1 steps=38721: speed0=7.80e-02 speedT=7.47e-04 cos=-0.01 k=2 lam_top=+0.00 align=0.05
[E7] 1245/3456 (10174s) bert-base-uncased L8H7 sign=-0.92 symD=1 V=full p=1 steps=20040: speed0=7.54e-02 speedT=5.56e-04 cos=+0.02 k=11 lam_top=+0.00 align=0.20
[E7] 1246/3456 (10198s) bert-base-uncased L8H8 sign=-0.60 symD=0 V=full p=0 steps=3867: speed0=7.35e-02 speedT=6.82e-08 cos=+1.00 k=1 lam_top=+0.18 align=1.00
[E7] 1247/3456 (10209s) bert-base-uncased L8H7 sign=-0.92 symD=1 V=full p=0 steps=24920: speed0=8.48e-02 speedT=1.04e-03 cos=+0.50 k=17 lam_top=+0.00 align=0.79
[E7] 1248/3456 (10221s) bert-base-uncased L8H7 sign=-0.92 symD=1 V=push p=0 steps=8994: speed0=7.36e-02 speedT=5.26e-07 cos=-0.01 k=2 lam_top=-0.21 align=0.00
[E7] 1249/3456 (10223s) bert-base-uncased L8H8 sign=-0.60 symD=0 V=full p=1 steps=3850: speed0=6.10e-02 speedT=2.51e-07 cos=+1.00 k=1 lam_top=+0.18 align=1.00
[E7] 1250/3456 (10237s) bert-base-uncased L8H8 sign=-0.60 symD=0 V=sym p=0 steps=3244: speed0=1.41e-01 speedT=2.91e-07 cos=+1.00 k=1 lam_top=+0.53 align=1.00
[E7] 1251/3456 (10248s) bert-base-uncased L8H8 sign=-0.60 symD=0 V=sym p=1 steps=3120: speed0=1.37e-01 speedT=2.06e-07 cos=+1.00 k=1 lam_top=+0.53 align=1.00
[E7] 1252/3456 (10279s) bert-base-uncased L8H8 sign=-0.60 symD=1 V=full p=0 steps=3784: speed0=6.30e-02 speedT=9.35e-08 cos=+1.00 k=1 lam_top=+0.18 align=1.00
[E7] 1253/3456 (10293s) bert-base-uncased L8H7 sign=-0.92 symD=1 V=push p=1 steps=17398: speed0=6.87e-02 speedT=3.67e-07 cos=-0.02 k=2 lam_top=-0.21 align=0.00
[E7] 1254/3456 (10308s) bert-base-uncased L8H8 sign=-0.60 symD=1 V=full p=1 steps=3852: speed0=5.97e-02 speedT=9.91e-08 cos=+1.00 k=1 lam_top=+0.18 align=1.00
[E7] 1255/3456 (10320s) bert-base-uncased L8H8 sign=-0.60 symD=1 V=sym p=0 steps=3224: speed0=1.40e-01 speedT=3.60e-07 cos=+1.00 k=1 lam_top=+0.53 align=1.00
[E7] 1256/3456 (10335s) bert-base-uncased L8H8 sign=-0.60 symD=1 V=sym p=1 steps=3132: speed0=1.38e-01 speedT=3.45e-07 cos=+1.00 k=1 lam_top=+0.53 align=1.00
[E7] 1257/3456 (10376s) bert-base-uncased L8H8 sign=-0.60 symD=0 V=push p=0 steps=25941: speed0=9.64e-02 speedT=2.16e-04 cos=-0.02 k=12 lam_top=-0.13 align=0.02
[E7] 1258/3456 (10393s) bert-base-uncased L8H8 sign=-0.60 symD=1 V=push p=1 steps=8295: speed0=9.78e-02 speedT=1.42e-04 cos=-0.01 k=26 lam_top=-0.13 align=0.00
[E7] 1259/3456 (10430s) bert-base-uncased L8H8 sign=-0.60 symD=1 V=push p=0 steps=15434: speed0=9.97e-02 speedT=3.53e-04 cos=-0.01 k=59 lam_top=-0.13 align=0.01
[E7] 1260/3456 (10430s) bert-base-uncased L8H8 sign=-0.60 symD=0 V=push p=1 steps=33834: speed0=9.47e-02 speedT=2.83e-03 cos=-0.02 k=10 lam_top=-0.13 align=0.02
[E7] 1261/3456 (10467s) bert-base-uncased L8H9 sign=+0.75 symD=0 V=sym p=0 steps=5065: speed0=1.07e-01 speedT=2.54e-07 cos=+1.00 k=1 lam_top=+0.62 align=1.00
[E7] 1262/3456 (10469s) bert-base-uncased L8H9 sign=+0.75 symD=0 V=sym p=1 steps=5104: speed0=9.84e-02 speedT=2.79e-07 cos=+1.00 k=1 lam_top=+0.62 align=1.00
[E7] 1263/3456 (10553s) bert-base-uncased L8H9 sign=+0.75 symD=0 V=full p=0 steps=30392: speed0=9.39e-02 speedT=3.56e-02 cos=+0.05 k=2 lam_top=+0.30 align=1.00
[E7] 1264/3456 (10590s) bert-base-uncased L8H9 sign=+0.75 symD=0 V=push p=0 steps=21006: speed0=4.93e-02 speedT=1.19e-04 cos=-0.02 k=2 lam_top=-0.08 align=0.00
[E7] 1265/3456 (10594s) bert-base-uncased L8H9 sign=+0.75 symD=0 V=full p=1 steps=33292: speed0=8.25e-02 speedT=3.14e-02 cos=+0.09 k=2 lam_top=+0.30 align=1.00
[E7] 1266/3456 (10642s) bert-base-uncased L8H9 sign=+0.75 symD=1 V=sym p=0 steps=5220: speed0=1.05e-01 speedT=2.51e-07 cos=+1.00 k=1 lam_top=+0.62 align=1.00
[E7] 1267/3456 (10647s) bert-base-uncased L8H9 sign=+0.75 symD=0 V=push p=1 steps=30306: speed0=4.77e-02 speedT=1.43e-03 cos=-0.01 k=6 lam_top=-0.08 align=0.00
[E7] 1268/3456 (10688s) bert-base-uncased L8H9 sign=+0.75 symD=1 V=sym p=1 steps=6438: speed0=1.00e-01 speedT=2.95e-07 cos=+1.00 k=1 lam_top=+0.62 align=1.00
[E7] 1269/3456 (10743s) bert-base-uncased L8H9 sign=+0.75 symD=1 V=push p=0 steps=15580: speed0=4.78e-02 speedT=9.74e-05 cos=-0.02 k=2 lam_top=-0.08 align=0.00
[E7] 1270/3456 (10769s) bert-base-uncased L8H9 sign=+0.75 symD=1 V=full p=0 steps=31419: speed0=8.96e-02 speedT=3.47e-02 cos=+0.03 k=2 lam_top=+0.30 align=1.00
[E7] 1271/3456 (10810s) bert-base-uncased L8H9 sign=+0.75 symD=1 V=push p=1 steps=18335: speed0=4.76e-02 speedT=1.54e-04 cos=-0.01 k=12 lam_top=-0.08 align=0.00
[E7] 1272/3456 (10812s) bert-base-uncased L8H9 sign=+0.75 symD=1 V=full p=1 steps=32772: speed0=8.42e-02 speedT=4.93e-02 cos=+0.12 k=2 lam_top=+0.30 align=1.00
[E7] 1273/3456 (10859s) bert-base-uncased L8H10 sign=+0.80 symD=0 V=sym p=0 steps=7411: speed0=8.86e-02 speedT=2.08e-07 cos=+1.00 k=1 lam_top=+0.71 align=1.00
[E7] 1274/3456 (10883s) bert-base-uncased L8H10 sign=+0.80 symD=0 V=sym p=1 steps=10135: speed0=8.62e-02 speedT=2.18e-07 cos=+1.00 k=1 lam_top=+0.71 align=1.00
[E7] 1275/3456 (10886s) bert-base-uncased L8H10 sign=+0.80 symD=0 V=full p=0 steps=25225: speed0=1.10e-01 speedT=3.07e-02 cos=+1.00 k=1 lam_top=+0.39 align=1.00
[E7] 1276/3456 (10908s) bert-base-uncased L8H10 sign=+0.80 symD=0 V=push p=0 steps=8160: speed0=3.66e-02 speedT=2.58e-05 cos=+0.15 k=3 lam_top=-0.09 align=0.00
[E7] 1277/3456 (10918s) bert-base-uncased L8H10 sign=+0.80 symD=0 V=full p=1 steps=25897: speed0=1.09e-01 speedT=3.59e-02 cos=+1.00 k=1 lam_top=+0.39 align=1.00
[E7] 1278/3456 (10946s) bert-base-uncased L8H10 sign=+0.80 symD=0 V=push p=1 steps=10548: speed0=3.73e-02 speedT=3.01e-04 cos=+0.09 k=40 lam_top=-0.09 align=0.00
[E7] 1279/3456 (10977s) bert-base-uncased L8H10 sign=+0.80 symD=1 V=sym p=0 steps=7369: speed0=8.45e-02 speedT=2.85e-07 cos=+1.00 k=1 lam_top=+0.71 align=1.00
[E7] 1280/3456 (11020s) bert-base-uncased L8H10 sign=+0.80 symD=1 V=sym p=1 steps=8891: speed0=8.24e-02 speedT=2.42e-07 cos=+1.00 k=1 lam_top=+0.71 align=1.00
[E7] 1281/3456 (11051s) bert-base-uncased L8H10 sign=+0.80 symD=1 V=push p=0 steps=9397: speed0=3.42e-02 speedT=1.36e-07 cos=-0.01 k=2 lam_top=-0.09 align=0.00
[E7] 1282/3456 (11078s) bert-base-uncased L8H10 sign=+0.80 symD=1 V=full p=0 steps=25224: speed0=1.01e-01 speedT=4.06e-02 cos=+1.00 k=1 lam_top=+0.39 align=1.00
[E7] 1283/3456 (11102s) bert-base-uncased L8H10 sign=+0.80 symD=1 V=full p=1 steps=25439: speed0=9.62e-02 speedT=3.12e-02 cos=+1.00 k=1 lam_top=+0.39 align=1.00
[E7] 1284/3456 (11111s) bert-base-uncased L8H11 sign=+0.43 symD=0 V=full p=1 steps=5076: speed0=1.24e-01 speedT=1.08e-07 cos=+1.00 k=1 lam_top=+0.41 align=1.00
[E7] 1285/3456 (11136s) bert-base-uncased L8H11 sign=+0.43 symD=0 V=full p=0 steps=12969: speed0=1.20e-01 speedT=1.19e-07 cos=+1.00 k=1 lam_top=+0.41 align=1.00
[E7] 1286/3456 (11144s) bert-base-uncased L8H11 sign=+0.43 symD=0 V=sym p=0 steps=5051: speed0=1.22e-01 speedT=3.15e-07 cos=+1.00 k=1 lam_top=+0.72 align=1.00
[E7] 1287/3456 (11147s) bert-base-uncased L8H11 sign=+0.43 symD=0 V=sym p=1 steps=4170: speed0=1.15e-01 speedT=3.14e-07 cos=+1.00 k=1 lam_top=+0.72 align=1.00
[E7] 1288/3456 (11147s) bert-base-uncased L8H10 sign=+0.80 symD=1 V=push p=1 steps=15704: speed0=3.53e-02 speedT=1.21e-03 cos=+0.06 k=2 lam_top=-0.09 align=0.00
[E7] 1289/3456 (11189s) bert-base-uncased L8H11 sign=+0.43 symD=1 V=full p=1 steps=5588: speed0=1.16e-01 speedT=1.60e-07 cos=+1.00 k=1 lam_top=+0.41 align=1.00
[E7] 1290/3456 (11193s) bert-base-uncased L8H11 sign=+0.43 symD=0 V=push p=0 steps=9654: speed0=6.18e-02 speedT=1.88e-07 cos=+0.06 k=2 lam_top=-0.15 align=0.00
[E7] 1291/3456 (11198s) bert-base-uncased L8H11 sign=+0.43 symD=1 V=full p=0 steps=6726: speed0=1.17e-01 speedT=8.80e-08 cos=+0.05 k=2 lam_top=+0.41 align=1.00
[E7] 1292/3456 (11232s) bert-base-uncased L8H11 sign=+0.43 symD=0 V=push p=1 steps=14497: speed0=6.05e-02 speedT=2.27e-07 cos=+0.01 k=2 lam_top=-0.15 align=0.00
[E7] 1293/3456 (11236s) bert-base-uncased L8H11 sign=+0.43 symD=1 V=sym p=1 steps=4381: speed0=1.09e-01 speedT=1.15e-07 cos=+0.65 k=2 lam_top=+0.72 align=1.00
[E7] 1294/3456 (11244s) bert-base-uncased L8H11 sign=+0.43 symD=1 V=sym p=0 steps=5782: speed0=1.18e-01 speedT=1.89e-07 cos=+0.01 k=2 lam_top=+0.72 align=1.00
[E7] 1295/3456 (11262s) bert-base-uncased L8H11 sign=+0.43 symD=1 V=push p=0 steps=7864: speed0=5.70e-02 speedT=1.93e-07 cos=+0.00 k=2 lam_top=-0.15 align=0.00
[E7] 1296/3456 (11268s) bert-base-uncased L9H0 sign=+0.93 symD=0 V=full p=0 steps=5189: speed0=7.62e-02 speedT=1.75e-07 cos=+1.00 k=1 lam_top=+0.46 align=1.00
[E7] 1297/3456 (11292s) bert-base-uncased L9H0 sign=+0.93 symD=0 V=full p=1 steps=8557: speed0=8.94e-02 speedT=2.75e-07 cos=+1.00 k=1 lam_top=+0.46 align=1.00
[E7] 1298/3456 (11301s) bert-base-uncased L9H0 sign=+0.93 symD=0 V=sym p=0 steps=5610: speed0=8.44e-02 speedT=9.39e-06 cos=+1.00 k=1 lam_top=+0.63 align=1.00
[E7] 1299/3456 (11304s) bert-base-uncased L9H0 sign=+0.93 symD=0 V=sym p=1 steps=5107: speed0=8.60e-02 speedT=3.49e-06 cos=+1.00 k=1 lam_top=+0.63 align=1.00
[E7] 1300/3456 (11339s) bert-base-uncased L9H0 sign=+0.93 symD=0 V=push p=1 steps=5777: speed0=4.50e-02 speedT=3.18e-04 cos=+0.33 k=64 lam_top=-0.09 align=0.00
[E7] 1301/3456 (11341s) bert-base-uncased L8H11 sign=+0.43 symD=1 V=push p=1 steps=14681: speed0=5.43e-02 speedT=1.89e-07 cos=-0.01 k=2 lam_top=-0.15 align=0.00
[E7] 1302/3456 (11350s) bert-base-uncased L9H0 sign=+0.93 symD=1 V=full p=0 steps=5814: speed0=8.59e-02 speedT=1.50e-07 cos=+1.00 k=1 lam_top=+0.46 align=1.00
[E7] 1303/3456 (11366s) bert-base-uncased L9H0 sign=+0.93 symD=0 V=push p=0 steps=11458: speed0=4.88e-02 speedT=2.78e-04 cos=+0.12 k=49 lam_top=-0.09 align=0.02
[E7] 1304/3456 (11396s) bert-base-uncased L9H0 sign=+0.93 symD=1 V=sym p=0 steps=5752: speed0=8.58e-02 speedT=1.08e-05 cos=+1.00 k=1 lam_top=+0.63 align=1.00
[E7] 1305/3456 (11397s) bert-base-uncased L9H0 sign=+0.93 symD=1 V=push p=0 steps=3703: speed0=4.77e-02 speedT=8.99e-05 cos=+0.45 k=64 lam_top=-0.09 align=0.00
[E7] 1306/3456 (11399s) bert-base-uncased L9H0 sign=+0.93 symD=1 V=full p=1 steps=7352: speed0=8.82e-02 speedT=1.64e-07 cos=+1.00 k=1 lam_top=+0.46 align=1.00
[E7] 1307/3456 (11402s) bert-base-uncased L9H0 sign=+0.93 symD=1 V=sym p=1 steps=5415: speed0=8.37e-02 speedT=4.46e-06 cos=+1.00 k=1 lam_top=+0.63 align=1.00
[E7] 1308/3456 (11448s) bert-base-uncased L9H1 sign=+0.12 symD=0 V=sym p=0 steps=5845: speed0=8.18e-02 speedT=3.05e-07 cos=+1.00 k=1 lam_top=+0.57 align=1.00
[E7] 1309/3456 (11455s) bert-base-uncased L9H0 sign=+0.93 symD=1 V=push p=1 steps=7494: speed0=4.35e-02 speedT=1.15e-04 cos=+0.34 k=64 lam_top=-0.09 align=0.00
[E7] 1310/3456 (11482s) bert-base-uncased L9H1 sign=+0.12 symD=0 V=sym p=1 steps=4784: speed0=8.25e-02 speedT=2.38e-07 cos=+1.00 k=1 lam_top=+0.57 align=1.00
[E7] 1311/3456 (11493s) bert-base-uncased L9H1 sign=+0.12 symD=0 V=push p=0 steps=6871: speed0=4.88e-02 speedT=3.43e-07 cos=+0.02 k=2 lam_top=-0.18 align=0.00
[E7] 1312/3456 (11542s) bert-base-uncased L9H1 sign=+0.12 symD=0 V=push p=1 steps=10038: speed0=4.64e-02 speedT=2.68e-07 cos=+0.01 k=3 lam_top=-0.18 align=0.00
[E7] 1313/3456 (11588s) bert-base-uncased L9H1 sign=+0.12 symD=0 V=full p=0 steps=30616: speed0=1.02e-01 speedT=3.14e-02 cos=+1.00 k=1 lam_top=+0.20 align=1.00
[E7] 1314/3456 (11590s) bert-base-uncased L9H1 sign=+0.12 symD=0 V=full p=1 steps=30099: speed0=1.13e-01 speedT=7.22e-02 cos=+1.00 k=1 lam_top=+0.20 align=1.00
[E7] 1315/3456 (11641s) bert-base-uncased L9H1 sign=+0.12 symD=1 V=sym p=1 steps=5396: speed0=8.72e-02 speedT=2.11e-07 cos=+1.00 k=1 lam_top=+0.57 align=1.00
[E7] 1316/3456 (11644s) bert-base-uncased L9H1 sign=+0.12 symD=1 V=sym p=0 steps=5797: speed0=8.61e-02 speedT=2.38e-07 cos=+1.00 k=1 lam_top=+0.57 align=1.00
[E7] 1317/3456 (11725s) bert-base-uncased L9H1 sign=+0.12 symD=1 V=push p=1 steps=10044: speed0=4.81e-02 speedT=2.79e-07 cos=-0.01 k=2 lam_top=-0.18 align=0.00
[E7] 1318/3456 (11732s) bert-base-uncased L9H1 sign=+0.12 symD=1 V=push p=0 steps=11278: speed0=4.90e-02 speedT=3.48e-07 cos=-0.00 k=3 lam_top=-0.18 align=0.00
[E7] 1319/3456 (11751s) bert-base-uncased L9H1 sign=+0.12 symD=1 V=full p=0 steps=31758: speed0=1.04e-01 speedT=5.32e-02 cos=+1.00 k=1 lam_top=+0.20 align=1.00
[E7] 1320/3456 (11785s) bert-base-uncased L9H2 sign=+0.22 symD=0 V=sym p=0 steps=4626: speed0=8.14e-02 speedT=2.75e-07 cos=+1.00 k=1 lam_top=+0.53 align=1.00
[E7] 1321/3456 (11787s) bert-base-uncased L9H1 sign=+0.12 symD=1 V=full p=1 steps=30038: speed0=1.11e-01 speedT=6.95e-02 cos=+1.00 k=1 lam_top=+0.20 align=1.00
[E7] 1322/3456 (11815s) bert-base-uncased L9H2 sign=+0.22 symD=0 V=sym p=1 steps=3952: speed0=8.47e-02 speedT=2.66e-07 cos=+1.00 k=1 lam_top=+0.53 align=1.00
[E7] 1323/3456 (11857s) bert-base-uncased L9H2 sign=+0.22 symD=0 V=full p=1 steps=20472: speed0=8.83e-02 speedT=1.20e-02 cos=+1.00 k=1 lam_top=+0.22 align=1.00
[E7] 1324/3456 (11860s) bert-base-uncased L9H2 sign=+0.22 symD=0 V=full p=0 steps=22006: speed0=8.73e-02 speedT=1.36e-02 cos=+1.00 k=1 lam_top=+0.22 align=1.00
[E7] 1325/3456 (11869s) bert-base-uncased L9H2 sign=+0.22 symD=0 V=push p=0 steps=14184: speed0=4.91e-02 speedT=6.73e-05 cos=-0.02 k=3 lam_top=-0.14 align=0.01
[E7] 1326/3456 (11900s) bert-base-uncased L9H2 sign=+0.22 symD=0 V=push p=1 steps=14430: speed0=5.09e-02 speedT=1.26e-04 cos=-0.01 k=5 lam_top=-0.14 align=0.00
[E7] 1327/3456 (11916s) bert-base-uncased L9H2 sign=+0.22 symD=1 V=sym p=0 steps=4893: speed0=8.21e-02 speedT=4.97e-07 cos=+1.00 k=1 lam_top=+0.53 align=1.00
[E7] 1328/3456 (11939s) bert-base-uncased L9H2 sign=+0.22 symD=1 V=sym p=1 steps=3989: speed0=8.45e-02 speedT=2.95e-07 cos=+1.00 k=1 lam_top=+0.53 align=1.00
[E7] 1329/3456 (12010s) bert-base-uncased L9H2 sign=+0.22 symD=1 V=push p=1 steps=8731: speed0=4.60e-02 speedT=2.68e-05 cos=-0.02 k=15 lam_top=-0.14 align=0.00
[E7] 1330/3456 (12030s) bert-base-uncased L9H2 sign=+0.22 symD=1 V=full p=1 steps=20560: speed0=9.22e-02 speedT=1.13e-02 cos=+1.00 k=1 lam_top=+0.22 align=1.00
[E7] 1331/3456 (12040s) bert-base-uncased L9H2 sign=+0.22 symD=1 V=full p=0 steps=22204: speed0=8.50e-02 speedT=1.47e-02 cos=+1.00 k=1 lam_top=+0.22 align=1.00
[E7] 1332/3456 (12062s) bert-base-uncased L9H3 sign=+0.71 symD=0 V=full p=1 steps=4731: speed0=8.21e-02 speedT=1.05e-07 cos=+1.00 k=1 lam_top=+0.37 align=1.00
[E7] 1333/3456 (12063s) bert-base-uncased L9H3 sign=+0.71 symD=0 V=full p=0 steps=7831: speed0=7.49e-02 speedT=5.28e-08 cos=+1.00 k=1 lam_top=+0.37 align=1.00
[E7] 1334/3456 (12072s) bert-base-uncased L9H3 sign=+0.71 symD=0 V=sym p=0 steps=3847: speed0=1.08e-01 speedT=2.59e-07 cos=+1.00 k=1 lam_top=+0.62 align=1.00
[E7] 1335/3456 (12074s) bert-base-uncased L9H2 sign=+0.22 symD=1 V=push p=0 steps=19322: speed0=4.49e-02 speedT=1.56e-05 cos=-0.02 k=15 lam_top=-0.14 align=0.00
[E7] 1336/3456 (12092s) bert-base-uncased L9H3 sign=+0.71 symD=0 V=sym p=1 steps=3719: speed0=1.12e-01 speedT=2.29e-07 cos=+1.00 k=1 lam_top=+0.62 align=1.00
[E7] 1337/3456 (12125s) bert-base-uncased L9H3 sign=+0.71 symD=0 V=push p=1 steps=8767: speed0=6.89e-02 speedT=1.16e-06 cos=+0.01 k=3 lam_top=-0.11 align=0.00
[E7] 1338/3456 (12125s) bert-base-uncased L9H3 sign=+0.71 symD=1 V=full p=0 steps=6524: speed0=8.19e-02 speedT=1.62e-07 cos=+1.00 k=1 lam_top=+0.37 align=1.00
[E7] 1339/3456 (12128s) bert-base-uncased L9H3 sign=+0.71 symD=1 V=full p=1 steps=4712: speed0=9.08e-02 speedT=1.33e-07 cos=+1.00 k=1 lam_top=+0.37 align=1.00
[E7] 1340/3456 (12131s) bert-base-uncased L9H3 sign=+0.71 symD=0 V=push p=0 steps=11333: speed0=6.79e-02 speedT=1.42e-07 cos=+0.02 k=2 lam_top=-0.11 align=0.00
[E7] 1341/3456 (12162s) bert-base-uncased L9H3 sign=+0.71 symD=1 V=sym p=1 steps=3803: speed0=1.21e-01 speedT=2.85e-07 cos=+1.00 k=1 lam_top=+0.62 align=1.00
[E7] 1342/3456 (12166s) bert-base-uncased L9H3 sign=+0.71 symD=1 V=sym p=0 steps=4131: speed0=1.18e-01 speedT=2.36e-07 cos=+1.00 k=1 lam_top=+0.62 align=1.00
[E7] 1343/3456 (12201s) bert-base-uncased L9H3 sign=+0.71 symD=1 V=push p=0 steps=8931: speed0=6.65e-02 speedT=1.04e-07 cos=-0.01 k=3 lam_top=-0.11 align=0.00
[E7] 1344/3456 (12204s) bert-base-uncased L9H3 sign=+0.71 symD=1 V=push p=1 steps=9252: speed0=6.63e-02 speedT=1.07e-07 cos=+0.05 k=4 lam_top=-0.11 align=0.00
[E7] 1345/3456 (12228s) bert-base-uncased L9H4 sign=-0.41 symD=0 V=sym p=0 steps=3739: speed0=9.59e-02 speedT=2.77e-07 cos=+1.00 k=1 lam_top=+0.57 align=1.00
[E7] 1346/3456 (12235s) bert-base-uncased L9H4 sign=-0.41 symD=0 V=sym p=1 steps=3815: speed0=9.58e-02 speedT=5.10e-07 cos=+1.00 k=1 lam_top=+0.57 align=1.00
[E7] 1347/3456 (12305s) bert-base-uncased L9H4 sign=-0.41 symD=0 V=push p=0 steps=12247: speed0=5.34e-02 speedT=4.56e-07 cos=+0.18 k=2 lam_top=-0.18 align=0.00
[E7] 1348/3456 (12334s) bert-base-uncased L9H4 sign=-0.41 symD=0 V=full p=0 steps=26524: speed0=8.41e-02 speedT=6.87e-02 cos=+1.00 k=1 lam_top=+0.20 align=1.00
[E7] 1349/3456 (12361s) bert-base-uncased L9H4 sign=-0.41 symD=0 V=full p=1 steps=30374: speed0=9.29e-02 speedT=6.72e-02 cos=+1.00 k=1 lam_top=+0.20 align=0.99
[E7] 1350/3456 (12395s) bert-base-uncased L9H4 sign=-0.41 symD=1 V=sym p=0 steps=3610: speed0=1.01e-01 speedT=4.96e-07 cos=+1.00 k=1 lam_top=+0.57 align=1.00
[E7] 1351/3456 (12402s) bert-base-uncased L9H4 sign=-0.41 symD=0 V=push p=1 steps=28128: speed0=6.17e-02 speedT=7.12e-04 cos=-0.01 k=6 lam_top=-0.18 align=0.00
[E7] 1352/3456 (12429s) bert-base-uncased L9H4 sign=-0.41 symD=1 V=sym p=1 steps=3898: speed0=9.82e-02 speedT=2.68e-07 cos=+1.00 k=1 lam_top=+0.57 align=1.00
[E7] 1353/3456 (12536s) bert-base-uncased L9H4 sign=-0.41 symD=1 V=push p=0 steps=16660: speed0=5.71e-02 speedT=2.25e-07 cos=-0.01 k=2 lam_top=-0.18 align=0.00
[E7] 1354/3456 (12573s) bert-base-uncased L9H4 sign=-0.41 symD=1 V=full p=0 steps=33582: speed0=8.20e-02 speedT=6.31e-02 cos=+1.00 k=1 lam_top=+0.20 align=0.99
[E7] 1355/3456 (12586s) bert-base-uncased L9H4 sign=-0.41 symD=1 V=full p=1 steps=30991: speed0=9.46e-02 speedT=6.79e-02 cos=+1.00 k=1 lam_top=+0.20 align=0.99
[E7] 1356/3456 (12618s) bert-base-uncased L9H4 sign=-0.41 symD=1 V=push p=1 steps=22792: speed0=6.41e-02 speedT=1.97e-07 cos=-0.02 k=4 lam_top=-0.18 align=0.00
[E7] 1357/3456 (12626s) bert-base-uncased L9H5 sign=+0.59 symD=0 V=sym p=0 steps=4776: speed0=9.86e-02 speedT=2.15e-06 cos=+1.00 k=1 lam_top=+0.63 align=1.00
[E7] 1358/3456 (12634s) bert-base-uncased L9H5 sign=+0.59 symD=0 V=full p=0 steps=14115: speed0=6.75e-02 speedT=6.43e-03 cos=+1.00 k=1 lam_top=+0.32 align=1.00
[E7] 1359/3456 (12656s) bert-base-uncased L9H5 sign=+0.59 symD=0 V=sym p=1 steps=4663: speed0=1.03e-01 speedT=1.74e-06 cos=+1.00 k=1 lam_top=+0.63 align=1.00
[E7] 1360/3456 (12670s) bert-base-uncased L9H5 sign=+0.59 symD=0 V=full p=1 steps=14527: speed0=7.95e-02 speedT=1.49e-02 cos=+1.00 k=1 lam_top=+0.32 align=1.00
[E7] 1361/3456 (12768s) bert-base-uncased L9H5 sign=+0.59 symD=1 V=full p=0 steps=14245: speed0=7.15e-02 speedT=6.30e-03 cos=+1.00 k=1 lam_top=+0.32 align=1.00
[E7] 1362/3456 (12787s) bert-base-uncased L9H5 sign=+0.59 symD=0 V=push p=1 steps=23704: speed0=5.16e-02 speedT=1.48e-04 cos=-0.02 k=5 lam_top=-0.11 align=0.00
[E7] 1363/3456 (12787s) bert-base-uncased L9H5 sign=+0.59 symD=1 V=full p=1 steps=14915: speed0=8.46e-02 speedT=1.14e-02 cos=+1.00 k=1 lam_top=+0.32 align=1.00
[E7] 1364/3456 (12816s) bert-base-uncased L9H5 sign=+0.59 symD=1 V=sym p=0 steps=4910: speed0=1.05e-01 speedT=4.18e-06 cos=+1.00 k=1 lam_top=+0.63 align=1.00
[E7] 1365/3456 (12830s) bert-base-uncased L9H5 sign=+0.59 symD=1 V=sym p=1 steps=4610: speed0=1.11e-01 speedT=1.74e-06 cos=+1.00 k=1 lam_top=+0.63 align=1.00
[E7] 1366/3456 (12866s) bert-base-uncased L9H6 sign=+0.58 symD=0 V=full p=0 steps=5535: speed0=1.09e-01 speedT=2.25e-07 cos=+0.88 k=2 lam_top=+0.36 align=1.00
[E7] 1367/3456 (12871s) bert-base-uncased L9H5 sign=+0.59 symD=1 V=push p=0 steps=10672: speed0=5.39e-02 speedT=6.20e-04 cos=+0.01 k=64 lam_top=-0.11 align=0.00
[E7] 1368/3456 (12879s) bert-base-uncased L9H5 sign=+0.59 symD=0 V=push p=0 steps=39776: speed0=5.29e-02 speedT=2.39e-02 cos=+0.07 k=43 lam_top=-0.11 align=0.06
[E7] 1369/3456 (12908s) bert-base-uncased L9H6 sign=+0.58 symD=0 V=sym p=0 steps=4821: speed0=1.22e-01 speedT=2.02e-07 cos=+1.00 k=1 lam_top=+0.62 align=1.00
[E7] 1370/3456 (12917s) bert-base-uncased L9H5 sign=+0.59 symD=1 V=push p=1 steps=12426: speed0=5.29e-02 speedT=3.30e-04 cos=+0.01 k=64 lam_top=-0.11 align=0.01
[E7] 1371/3456 (12918s) bert-base-uncased L9H6 sign=+0.58 symD=0 V=full p=1 steps=8033: speed0=1.25e-01 speedT=1.41e-07 cos=+1.00 k=1 lam_top=+0.36 align=1.00
[E7] 1372/3456 (12923s) bert-base-uncased L9H6 sign=+0.58 symD=0 V=sym p=1 steps=5153: speed0=1.21e-01 speedT=2.02e-07 cos=+1.00 k=1 lam_top=+0.62 align=1.00
[E7] 1373/3456 (12966s) bert-base-uncased L9H6 sign=+0.58 symD=1 V=full p=0 steps=5895: speed0=1.14e-01 speedT=1.11e-07 cos=+0.88 k=2 lam_top=+0.36 align=1.00
[E7] 1374/3456 (12978s) bert-base-uncased L9H6 sign=+0.58 symD=1 V=full p=1 steps=6952: speed0=1.28e-01 speedT=1.89e-07 cos=+1.00 k=1 lam_top=+0.36 align=1.00
[E7] 1375/3456 (12980s) bert-base-uncased L9H6 sign=+0.58 symD=0 V=push p=0 steps=11358: speed0=7.66e-02 speedT=2.03e-07 cos=+0.05 k=2 lam_top=-0.14 align=0.00
[E7] 1376/3456 (12993s) bert-base-uncased L9H6 sign=+0.58 symD=0 V=push p=1 steps=12134: speed0=7.11e-02 speedT=3.34e-07 cos=+0.46 k=2 lam_top=-0.14 align=0.00
[E7] 1377/3456 (13014s) bert-base-uncased L9H6 sign=+0.58 symD=1 V=sym p=0 steps=4871: speed0=1.23e-01 speedT=1.84e-07 cos=+1.00 k=1 lam_top=+0.62 align=1.00
[E7] 1378/3456 (13028s) bert-base-uncased L9H6 sign=+0.58 symD=1 V=sym p=1 steps=5165: speed0=1.21e-01 speedT=2.35e-07 cos=+1.00 k=1 lam_top=+0.62 align=1.00
[E7] 1379/3456 (13054s) bert-base-uncased L9H7 sign=+0.89 symD=0 V=full p=0 steps=6475: speed0=9.25e-02 speedT=1.64e-07 cos=+1.00 k=1 lam_top=+0.47 align=1.00
[E7] 1380/3456 (13057s) bert-base-uncased L9H6 sign=+0.58 symD=1 V=push p=0 steps=9781: speed0=7.56e-02 speedT=2.13e-07 cos=+0.03 k=2 lam_top=-0.14 align=0.00
[E7] 1381/3456 (13065s) bert-base-uncased L9H7 sign=+0.89 symD=0 V=full p=1 steps=6052: speed0=1.39e-01 speedT=1.13e-07 cos=+1.00 k=1 lam_top=+0.47 align=1.00
[E7] 1382/3456 (13093s) bert-base-uncased L9H7 sign=+0.89 symD=0 V=sym p=0 steps=4588: speed0=7.62e-02 speedT=2.27e-07 cos=+1.00 k=1 lam_top=+0.73 align=1.00
[E7] 1383/3456 (13098s) bert-base-uncased L9H7 sign=+0.89 symD=0 V=sym p=1 steps=4983: speed0=1.10e-01 speedT=2.05e-07 cos=+1.00 k=1 lam_top=+0.73 align=1.00
[E7] 1384/3456 (13110s) bert-base-uncased L9H6 sign=+0.58 symD=1 V=push p=1 steps=14830: speed0=6.98e-02 speedT=3.96e-07 cos=+0.71 k=2 lam_top=-0.14 align=0.00
[E7] 1385/3456 (13140s) bert-base-uncased L9H7 sign=+0.89 symD=1 V=full p=0 steps=5575: speed0=9.00e-02 speedT=1.08e-07 cos=+1.00 k=1 lam_top=+0.47 align=1.00
[E7] 1386/3456 (13149s) bert-base-uncased L9H7 sign=+0.89 symD=0 V=push p=0 steps=13399: speed0=3.50e-02 speedT=4.52e-07 cos=-0.01 k=4 lam_top=-0.15 align=0.00
[E7] 1387/3456 (13175s) bert-base-uncased L9H7 sign=+0.89 symD=1 V=full p=1 steps=7860: speed0=1.20e-01 speedT=8.74e-08 cos=+1.00 k=1 lam_top=+0.47 align=1.00
[E7] 1388/3456 (13187s) bert-base-uncased L9H7 sign=+0.89 symD=1 V=sym p=0 steps=5198: speed0=7.55e-02 speedT=2.19e-07 cos=+1.00 k=1 lam_top=+0.73 align=1.00
[E7] 1389/3456 (13197s) bert-base-uncased L9H7 sign=+0.89 symD=1 V=sym p=1 steps=5262: speed0=9.91e-02 speedT=2.05e-07 cos=+1.00 k=1 lam_top=+0.73 align=1.00
[E7] 1390/3456 (13206s) bert-base-uncased L9H7 sign=+0.89 symD=0 V=push p=1 steps=17567: speed0=3.82e-02 speedT=1.67e-06 cos=+0.01 k=11 lam_top=-0.15 align=0.00
[E7] 1391/3456 (13250s) bert-base-uncased L9H7 sign=+0.89 symD=1 V=push p=0 steps=10156: speed0=3.42e-02 speedT=9.35e-07 cos=+0.07 k=6 lam_top=-0.15 align=0.00
[E7] 1392/3456 (13271s) bert-base-uncased L9H8 sign=+0.22 symD=0 V=full p=0 steps=12710: speed0=9.29e-02 speedT=5.02e-03 cos=+1.00 k=1 lam_top=+0.28 align=1.00
[E7] 1393/3456 (13272s) bert-base-uncased L9H8 sign=+0.22 symD=0 V=full p=1 steps=11882: speed0=1.04e-01 speedT=5.69e-03 cos=+1.00 k=1 lam_top=+0.28 align=1.00
[E7] 1394/3456 (13280s) bert-base-uncased L9H8 sign=+0.22 symD=0 V=sym p=0 steps=4454: speed0=1.26e-01 speedT=2.31e-07 cos=+1.00 k=1 lam_top=+0.60 align=1.00
[E7] 1395/3456 (13287s) bert-base-uncased L9H7 sign=+0.89 symD=1 V=push p=1 steps=14222: speed0=3.47e-02 speedT=9.34e-07 cos=+0.00 k=7 lam_top=-0.15 align=0.00
[E7] 1396/3456 (13302s) bert-base-uncased L9H8 sign=+0.22 symD=0 V=sym p=1 steps=4718: speed0=1.17e-01 speedT=2.31e-07 cos=+1.00 k=1 lam_top=+0.60 align=1.00
[E7] 1397/3456 (13317s) bert-base-uncased L9H8 sign=+0.22 symD=0 V=push p=1 steps=7254: speed0=8.26e-02 speedT=2.59e-07 cos=+0.46 k=2 lam_top=-0.08 align=0.00
[E7] 1398/3456 (13322s) bert-base-uncased L9H8 sign=+0.22 symD=0 V=push p=0 steps=9305: speed0=8.97e-02 speedT=2.54e-07 cos=-0.01 k=2 lam_top=-0.08 align=0.00
[E7] 1399/3456 (13354s) bert-base-uncased L9H8 sign=+0.22 symD=1 V=sym p=0 steps=4222: speed0=1.23e-01 speedT=2.40e-07 cos=+1.00 k=1 lam_top=+0.60 align=1.00
[E7] 1400/3456 (13357s) bert-base-uncased L9H8 sign=+0.22 symD=1 V=sym p=1 steps=4613: speed0=1.11e-01 speedT=2.31e-07 cos=+1.00 k=1 lam_top=+0.60 align=1.00
[E7] 1401/3456 (13385s) bert-base-uncased L9H8 sign=+0.22 symD=1 V=full p=1 steps=12055: speed0=1.14e-01 speedT=5.81e-03 cos=+1.00 k=1 lam_top=+0.28 align=1.00
[E7] 1402/3456 (13386s) bert-base-uncased L9H8 sign=+0.22 symD=1 V=full p=0 steps=14506: speed0=1.15e-01 speedT=4.99e-03 cos=+1.00 k=1 lam_top=+0.28 align=1.00
[E7] 1403/3456 (13403s) bert-base-uncased L9H8 sign=+0.22 symD=1 V=push p=1 steps=6406: speed0=7.73e-02 speedT=2.23e-07 cos=+0.01 k=2 lam_top=-0.08 align=0.00
[E7] 1404/3456 (13405s) bert-base-uncased L9H8 sign=+0.22 symD=1 V=push p=0 steps=7651: speed0=8.54e-02 speedT=2.13e-07 cos=+0.12 k=3 lam_top=-0.08 align=0.00
[E7] 1405/3456 (13406s) bert-base-uncased L9H9 sign=-0.50 symD=0 V=full p=0 steps=3920: speed0=6.20e-02 speedT=1.23e-07 cos=+1.00 k=1 lam_top=+0.15 align=1.00
[E7] 1406/3456 (13413s) bert-base-uncased L9H9 sign=-0.50 symD=0 V=full p=1 steps=4844: speed0=6.82e-02 speedT=1.54e-07 cos=+1.00 k=1 lam_top=+0.15 align=1.00
[E7] 1407/3456 (13428s) bert-base-uncased L9H9 sign=-0.50 symD=0 V=sym p=0 steps=3570: speed0=5.91e-02 speedT=2.01e-07 cos=+1.00 k=1 lam_top=+0.49 align=1.00
[E7] 1408/3456 (13430s) bert-base-uncased L9H9 sign=-0.50 symD=0 V=sym p=1 steps=3571: speed0=6.22e-02 speedT=2.82e-07 cos=+1.00 k=1 lam_top=+0.49 align=1.00
[E7] 1409/3456 (13446s) bert-base-uncased L9H9 sign=-0.50 symD=0 V=push p=0 steps=7123: speed0=3.80e-02 speedT=3.49e-07 cos=+0.06 k=2 lam_top=-0.15 align=0.00
[E7] 1410/3456 (13447s) bert-base-uncased L9H9 sign=-0.50 symD=0 V=push p=1 steps=6427: speed0=3.81e-02 speedT=3.61e-07 cos=+0.06 k=2 lam_top=-0.15 align=0.00
[E7] 1411/3456 (13457s) bert-base-uncased L9H9 sign=-0.50 symD=1 V=full p=0 steps=3752: speed0=6.22e-02 speedT=1.30e-07 cos=+1.00 k=1 lam_top=+0.15 align=1.00
[E7] 1412/3456 (13466s) bert-base-uncased L9H9 sign=-0.50 symD=1 V=full p=1 steps=4816: speed0=6.40e-02 speedT=7.57e-08 cos=+1.00 k=1 lam_top=+0.15 align=1.00
[E7] 1413/3456 (13477s) bert-base-uncased L9H9 sign=-0.50 symD=1 V=sym p=0 steps=3605: speed0=5.95e-02 speedT=3.11e-07 cos=+1.00 k=1 lam_top=+0.49 align=1.00
[E7] 1414/3456 (13492s) bert-base-uncased L9H9 sign=-0.50 symD=1 V=sym p=1 steps=5095: speed0=6.10e-02 speedT=3.09e-07 cos=+0.94 k=2 lam_top=+0.49 align=0.00
[E7] 1415/3456 (13515s) bert-base-uncased L9H9 sign=-0.50 symD=1 V=push p=1 steps=7108: speed0=3.66e-02 speedT=2.27e-07 cos=+0.08 k=2 lam_top=-0.15 align=0.00
[E7] 1416/3456 (13517s) bert-base-uncased L9H9 sign=-0.50 symD=1 V=push p=0 steps=7478: speed0=3.72e-02 speedT=2.85e-07 cos=-0.02 k=2 lam_top=-0.15 align=0.00
[E7] 1417/3456 (13544s) bert-base-uncased L9H10 sign=+0.49 symD=0 V=sym p=0 steps=4396: speed0=8.02e-02 speedT=2.61e-07 cos=+1.00 k=1 lam_top=+0.54 align=1.00
[E7] 1418/3456 (13546s) bert-base-uncased L9H10 sign=+0.49 symD=0 V=sym p=1 steps=4308: speed0=7.68e-02 speedT=2.21e-07 cos=+1.00 k=1 lam_top=+0.54 align=1.00
[E7] 1419/3456 (13682s) bert-base-uncased L9H10 sign=+0.49 symD=0 V=full p=1 steps=33913: speed0=7.83e-02 speedT=1.13e-02 cos=+1.00 k=1 lam_top=+0.24 align=0.99
[E7] 1420/3456 (13683s) bert-base-uncased L9H10 sign=+0.49 symD=0 V=push p=0 steps=24958: speed0=4.97e-02 speedT=3.49e-04 cos=-0.01 k=7 lam_top=-0.10 align=0.00
[E7] 1421/3456 (13693s) bert-base-uncased L9H10 sign=+0.49 symD=0 V=full p=0 steps=37609: speed0=7.81e-02 speedT=1.91e-02 cos=+1.00 k=1 lam_top=+0.24 align=0.98
[E7] 1422/3456 (13733s) bert-base-uncased L9H10 sign=+0.49 symD=1 V=sym p=0 steps=4488: speed0=8.14e-02 speedT=2.05e-07 cos=+1.00 k=1 lam_top=+0.54 align=1.00
[E7] 1423/3456 (13770s) bert-base-uncased L9H10 sign=+0.49 symD=1 V=sym p=1 steps=4345: speed0=8.09e-02 speedT=1.96e-07 cos=+1.00 k=1 lam_top=+0.54 align=1.00
[E7] 1424/3456 (13801s) bert-base-uncased L9H10 sign=+0.49 symD=0 V=push p=1 steps=44960: speed0=4.01e-02 speedT=2.05e-03 cos=-0.01 k=3 lam_top=-0.10 align=0.00
[E7] 1425/3456 (13869s) bert-base-uncased L9H10 sign=+0.49 symD=1 V=push p=0 steps=14497: speed0=4.72e-02 speedT=4.31e-04 cos=-0.01 k=41 lam_top=-0.10 align=0.00
[E7] 1426/3456 (13889s) bert-base-uncased L9H11 sign=-0.88 symD=0 V=full p=0 steps=3699: speed0=9.36e-02 speedT=1.94e-07 cos=+1.00 k=1 lam_top=+0.12 align=1.00
[E7] 1427/3456 (13890s) bert-base-uncased L9H10 sign=+0.49 symD=1 V=push p=1 steps=13084: speed0=3.96e-02 speedT=4.54e-05 cos=-0.02 k=23 lam_top=-0.10 align=0.00
[E7] 1428/3456 (13896s) bert-base-uncased L9H10 sign=+0.49 symD=1 V=full p=1 steps=29397: speed0=7.91e-02 speedT=8.16e-03 cos=+1.00 k=1 lam_top=+0.24 align=1.00
[E7] 1429/3456 (13911s) bert-base-uncased L9H11 sign=-0.88 symD=0 V=full p=1 steps=3858: speed0=8.79e-02 speedT=1.70e-07 cos=+1.00 k=1 lam_top=+0.12 align=1.00
[E7] 1430/3456 (13913s) bert-base-uncased L9H11 sign=-0.88 symD=0 V=sym p=0 steps=3297: speed0=1.09e-01 speedT=2.39e-07 cos=+1.00 k=1 lam_top=+0.47 align=1.00
[E7] 1431/3456 (13918s) bert-base-uncased L9H11 sign=-0.88 symD=0 V=sym p=1 steps=3350: speed0=1.05e-01 speedT=2.52e-07 cos=+1.00 k=1 lam_top=+0.47 align=1.00
[E7] 1432/3456 (13918s) bert-base-uncased L9H10 sign=+0.49 symD=1 V=full p=0 steps=34300: speed0=7.63e-02 speedT=1.04e-02 cos=+1.00 k=1 lam_top=+0.24 align=0.99
[E7] 1433/3456 (13941s) bert-base-uncased L9H11 sign=-0.88 symD=1 V=full p=1 steps=3649: speed0=7.68e-02 speedT=1.52e-07 cos=+1.00 k=1 lam_top=+0.12 align=1.00
[E7] 1434/3456 (13943s) bert-base-uncased L9H11 sign=-0.88 symD=1 V=full p=0 steps=3829: speed0=8.96e-02 speedT=2.58e-07 cos=+1.00 k=1 lam_top=+0.12 align=1.00
[E7] 1435/3456 (13968s) bert-base-uncased L9H11 sign=-0.88 symD=1 V=sym p=0 steps=3303: speed0=1.05e-01 speedT=2.47e-07 cos=+1.00 k=1 lam_top=+0.47 align=1.00
[E7] 1436/3456 (13970s) bert-base-uncased L9H11 sign=-0.88 symD=1 V=sym p=1 steps=3355: speed0=9.93e-02 speedT=2.39e-07 cos=+1.00 k=1 lam_top=+0.47 align=1.00
[E7] 1437/3456 (14016s) bert-base-uncased L9H11 sign=-0.88 symD=0 V=push p=0 steps=19928: speed0=8.41e-02 speedT=1.79e-03 cos=-0.02 k=3 lam_top=-0.10 align=0.00
[E7] 1438/3456 (14064s) bert-base-uncased L9H11 sign=-0.88 symD=0 V=push p=1 steps=32134: speed0=7.99e-02 speedT=3.10e-05 cos=-0.02 k=3 lam_top=-0.10 align=0.01
[E7] 1439/3456 (14073s) bert-base-uncased L9H11 sign=-0.88 symD=1 V=push p=1 steps=15274: speed0=7.48e-02 speedT=2.01e-03 cos=+0.00 k=46 lam_top=-0.10 align=0.00
[E7] 1440/3456 (14101s) bert-base-uncased L10H0 sign=-0.80 symD=0 V=sym p=0 steps=3970: speed0=9.45e-02 speedT=2.10e-07 cos=+1.00 k=1 lam_top=+0.54 align=1.00
[E7] 1441/3456 (14118s) bert-base-uncased L9H11 sign=-0.88 symD=1 V=push p=0 steps=20928: speed0=8.04e-02 speedT=1.29e-04 cos=-0.01 k=42 lam_top=-0.10 align=0.00
[E7] 1442/3456 (14141s) bert-base-uncased L10H0 sign=-0.80 symD=0 V=sym p=1 steps=4634: speed0=9.03e-02 speedT=2.07e-07 cos=+1.00 k=1 lam_top=+0.54 align=1.00
[E7] 1443/3456 (14199s) bert-base-uncased L10H0 sign=-0.80 symD=0 V=push p=0 steps=14318: speed0=7.15e-02 speedT=6.92e-07 cos=-0.02 k=2 lam_top=-0.13 align=0.00
[E7] 1444/3456 (14226s) bert-base-uncased L10H0 sign=-0.80 symD=0 V=full p=0 steps=37767: speed0=9.45e-02 speedT=2.43e-02 cos=+1.00 k=1 lam_top=+0.10 align=1.00
[E7] 1445/3456 (14278s) bert-base-uncased L10H0 sign=-0.80 symD=0 V=full p=1 steps=37349: speed0=9.22e-02 speedT=5.51e-02 cos=+1.00 k=1 lam_top=+0.10 align=1.00
[E7] 1446/3456 (14311s) bert-base-uncased L10H0 sign=-0.80 symD=1 V=sym p=0 steps=4278: speed0=1.06e-01 speedT=2.22e-07 cos=+1.00 k=1 lam_top=+0.54 align=1.00
[E7] 1447/3456 (14322s) bert-base-uncased L10H0 sign=-0.80 symD=0 V=push p=1 steps=33187: speed0=6.79e-02 speedT=3.73e-05 cos=+0.06 k=2 lam_top=-0.13 align=0.00
[E7] 1448/3456 (14340s) bert-base-uncased L10H0 sign=-0.80 symD=1 V=sym p=1 steps=3777: speed0=1.01e-01 speedT=2.60e-07 cos=+1.00 k=1 lam_top=+0.54 align=1.00
[E7] 1449/3456 (14453s) bert-base-uncased L10H0 sign=-0.80 symD=1 V=push p=1 steps=15709: speed0=7.82e-02 speedT=6.85e-04 cos=-0.01 k=22 lam_top=-0.13 align=0.00
[E7] 1450/3456 (14457s) bert-base-uncased L10H0 sign=-0.80 symD=1 V=full p=0 steps=37684: speed0=1.17e-01 speedT=3.03e-02 cos=+1.00 k=1 lam_top=+0.10 align=1.00
[E7] 1451/3456 (14478s) bert-base-uncased L10H0 sign=-0.80 symD=1 V=full p=1 steps=37649: speed0=1.07e-01 speedT=5.12e-02 cos=+1.00 k=1 lam_top=+0.10 align=1.00
[E7] 1452/3456 (14509s) bert-base-uncased L10H1 sign=+0.98 symD=0 V=sym p=0 steps=5373: speed0=9.08e-02 speedT=2.06e-07 cos=+1.00 k=1 lam_top=+0.80 align=1.00
[E7] 1453/3456 (14519s) bert-base-uncased L10H0 sign=-0.80 symD=1 V=push p=0 steps=31242: speed0=8.13e-02 speedT=8.31e-06 cos=-0.01 k=2 lam_top=-0.13 align=0.00
[E7] 1454/3456 (14540s) bert-base-uncased L10H1 sign=+0.98 symD=0 V=sym p=1 steps=4864: speed0=1.12e-01 speedT=2.45e-07 cos=+1.00 k=1 lam_top=+0.80 align=1.00
[E7] 1455/3456 (14574s) bert-base-uncased L10H1 sign=+0.98 symD=0 V=push p=0 steps=9083: speed0=3.72e-02 speedT=1.00e-03 cos=+0.31 k=63 lam_top=-0.09 align=0.02
[E7] 1456/3456 (14583s) bert-base-uncased L10H1 sign=+0.98 symD=0 V=push p=1 steps=6800: speed0=4.02e-02 speedT=3.73e-04 cos=+0.37 k=64 lam_top=-0.09 align=0.01
[E7] 1457/3456 (14600s) bert-base-uncased L10H1 sign=+0.98 symD=0 V=full p=1 steps=25830: speed0=1.06e-01 speedT=5.22e-02 cos=+1.00 k=1 lam_top=+0.59 align=1.00
[E7] 1458/3456 (14602s) bert-base-uncased L10H1 sign=+0.98 symD=0 V=full p=0 steps=27203: speed0=8.82e-02 speedT=4.26e-02 cos=+1.00 k=1 lam_top=+0.59 align=1.00
[E7] 1459/3456 (14647s) bert-base-uncased L10H1 sign=+0.98 symD=1 V=sym p=1 steps=4775: speed0=1.17e-01 speedT=2.42e-07 cos=+1.00 k=1 lam_top=+0.80 align=1.00
[E7] 1460/3456 (14648s) bert-base-uncased L10H1 sign=+0.98 symD=1 V=sym p=0 steps=5395: speed0=9.75e-02 speedT=2.13e-07 cos=+1.00 k=1 lam_top=+0.80 align=1.00
[E7] 1461/3456 (14705s) bert-base-uncased L10H1 sign=+0.98 symD=1 V=push p=1 steps=6886: speed0=4.56e-02 speedT=4.72e-04 cos=+0.35 k=63 lam_top=-0.09 align=0.00
[E7] 1462/3456 (14762s) bert-base-uncased L10H2 sign=+0.76 symD=0 V=full p=0 steps=8504: speed0=6.18e-02 speedT=1.16e-07 cos=+1.00 k=1 lam_top=+0.33 align=1.00
[E7] 1463/3456 (14784s) bert-base-uncased L10H1 sign=+0.98 symD=1 V=full p=0 steps=26866: speed0=9.28e-02 speedT=6.34e-02 cos=+1.00 k=1 lam_top=+0.59 align=1.00
[E7] 1464/3456 (14788s) bert-base-uncased L10H1 sign=+0.98 symD=1 V=full p=1 steps=25837: speed0=1.06e-01 speedT=5.08e-02 cos=+1.00 k=1 lam_top=+0.59 align=1.00
[E7] 1465/3456 (14816s) bert-base-uncased L10H2 sign=+0.76 symD=0 V=full p=1 steps=8101: speed0=6.38e-02 speedT=6.76e-08 cos=+1.00 k=1 lam_top=+0.33 align=1.00
[E7] 1466/3456 (14817s) bert-base-uncased L10H2 sign=+0.76 symD=0 V=sym p=0 steps=4070: speed0=7.11e-02 speedT=2.17e-07 cos=+1.00 k=1 lam_top=+0.61 align=1.00
[E7] 1467/3456 (14834s) bert-base-uncased L10H2 sign=+0.76 symD=0 V=sym p=1 steps=5684: speed0=6.46e-02 speedT=2.44e-07 cos=+1.00 k=1 lam_top=+0.61 align=1.00
[E7] 1468/3456 (14834s) bert-base-uncased L10H1 sign=+0.98 symD=1 V=push p=0 steps=23121: speed0=4.10e-02 speedT=4.70e-04 cos=-0.00 k=41 lam_top=-0.09 align=0.00
[E7] 1469/3456 (14902s) bert-base-uncased L10H2 sign=+0.76 symD=1 V=full p=0 steps=7951: speed0=9.45e-02 speedT=4.97e-08 cos=+1.00 k=1 lam_top=+0.33 align=1.00
[E7] 1470/3456 (14904s) bert-base-uncased L10H2 sign=+0.76 symD=1 V=full p=1 steps=7948: speed0=1.10e-01 speedT=5.50e-08 cos=+1.00 k=1 lam_top=+0.33 align=1.00
[E7] 1471/3456 (14921s) bert-base-uncased L10H2 sign=+0.76 symD=0 V=push p=1 steps=15991: speed0=3.58e-02 speedT=7.83e-05 cos=+0.10 k=3 lam_top=-0.12 align=0.00
[E7] 1472/3456 (14939s) bert-base-uncased L10H2 sign=+0.76 symD=1 V=sym p=0 steps=3886: speed0=9.43e-02 speedT=2.44e-07 cos=+1.00 k=1 lam_top=+0.61 align=1.00
[E7] 1473/3456 (14955s) bert-base-uncased L10H2 sign=+0.76 symD=1 V=sym p=1 steps=5570: speed0=9.39e-02 speedT=2.44e-07 cos=+1.00 k=1 lam_top=+0.61 align=1.00
[E7] 1474/3456 (14976s) bert-base-uncased L10H3 sign=-0.92 symD=0 V=full p=0 steps=3481: speed0=4.59e-02 speedT=5.39e-08 cos=+1.00 k=1 lam_top=+0.05 align=1.00
[E7] 1475/3456 (15008s) bert-base-uncased L10H3 sign=-0.92 symD=0 V=full p=1 steps=4647: speed0=3.82e-02 speedT=6.18e-08 cos=+1.00 k=1 lam_top=+0.05 align=1.00
[E7] 1476/3456 (15025s) bert-base-uncased L10H2 sign=+0.76 symD=0 V=push p=0 steps=32515: speed0=4.03e-02 speedT=1.20e-02 cos=+0.33 k=5 lam_top=-0.12 align=0.00
[E7] 1477/3456 (15033s) bert-base-uncased L10H3 sign=-0.92 symD=0 V=sym p=0 steps=3079: speed0=5.50e-02 speedT=2.83e-07 cos=+1.00 k=1 lam_top=+0.48 align=1.00
[E7] 1478/3456 (15049s) bert-base-uncased L10H3 sign=-0.92 symD=0 V=sym p=1 steps=3128: speed0=4.82e-02 speedT=2.37e-07 cos=+1.00 k=1 lam_top=+0.48 align=1.00
[E7] 1479/3456 (15098s) bert-base-uncased L10H2 sign=+0.76 symD=1 V=push p=0 steps=22484: speed0=4.83e-02 speedT=3.17e-06 cos=-0.02 k=2 lam_top=-0.12 align=0.00
[E7] 1480/3456 (15114s) bert-base-uncased L10H3 sign=-0.92 symD=0 V=push p=0 steps=12875: speed0=4.05e-02 speedT=1.07e-03 cos=-0.02 k=6 lam_top=-0.06 align=0.00
[E7] 1481/3456 (15125s) bert-base-uncased L10H3 sign=-0.92 symD=1 V=full p=0 steps=3490: speed0=4.65e-02 speedT=4.13e-08 cos=+1.00 k=1 lam_top=+0.05 align=1.00
[E7] 1482/3456 (15142s) bert-base-uncased L10H3 sign=-0.92 symD=1 V=full p=1 steps=3455: speed0=4.46e-02 speedT=3.21e-08 cos=+1.00 k=1 lam_top=+0.05 align=1.00
[E7] 1483/3456 (15157s) bert-base-uncased L10H3 sign=-0.92 symD=1 V=sym p=0 steps=3045: speed0=5.43e-02 speedT=2.37e-07 cos=+1.00 k=1 lam_top=+0.48 align=1.00
[E7] 1484/3456 (15167s) bert-base-uncased L10H3 sign=-0.92 symD=0 V=push p=1 steps=18146: speed0=3.52e-02 speedT=2.62e-04 cos=-0.02 k=9 lam_top=-0.06 align=0.00
[E7] 1485/3456 (15174s) bert-base-uncased L10H3 sign=-0.92 symD=1 V=sym p=1 steps=3051: speed0=4.93e-02 speedT=3.21e-07 cos=+1.00 k=1 lam_top=+0.48 align=1.00
[E7] 1486/3456 (15344s) bert-base-uncased L10H3 sign=-0.92 symD=1 V=push p=0 steps=23206: speed0=3.89e-02 speedT=3.51e-05 cos=-0.02 k=30 lam_top=-0.06 align=0.00
[E7] 1487/3456 (15345s) bert-base-uncased L10H3 sign=-0.92 symD=1 V=push p=1 steps=22284: speed0=3.56e-02 speedT=2.88e-05 cos=-0.02 k=17 lam_top=-0.06 align=0.00
[E7] 1488/3456 (15351s) bert-base-uncased L10H4 sign=+0.93 symD=0 V=full p=0 steps=27015: speed0=7.10e-02 speedT=1.14e-04 cos=+1.00 k=1 lam_top=+0.43 align=1.00
[E7] 1489/3456 (15385s) bert-base-uncased L10H4 sign=+0.93 symD=0 V=sym p=0 steps=5258: speed0=7.91e-02 speedT=2.19e-07 cos=+1.00 k=1 lam_top=+0.70 align=1.00
[E7] 1490/3456 (15387s) bert-base-uncased L10H2 sign=+0.76 symD=1 V=push p=1 steps=56697: speed0=4.45e-02 speedT=1.61e-04 cos=-0.01 k=7 lam_top=-0.12 align=0.00
[E7] 1491/3456 (15390s) bert-base-uncased L10H4 sign=+0.93 symD=0 V=sym p=1 steps=4699: speed0=7.49e-02 speedT=3.45e-07 cos=+1.00 k=1 lam_top=+0.70 align=1.00
[E7] 1492/3456 (15475s) bert-base-uncased L10H4 sign=+0.93 symD=0 V=full p=1 steps=20148: speed0=6.56e-02 speedT=3.66e-05 cos=+1.00 k=1 lam_top=+0.43 align=1.00
[E7] 1493/3456 (15557s) bert-base-uncased L10H4 sign=+0.93 symD=0 V=push p=0 steps=27534: speed0=3.68e-02 speedT=2.50e-03 cos=-0.01 k=4 lam_top=-0.10 align=0.00
[E7] 1494/3456 (15591s) bert-base-uncased L10H4 sign=+0.93 symD=0 V=push p=1 steps=32549: speed0=3.15e-02 speedT=3.39e-03 cos=-0.01 k=8 lam_top=-0.10 align=0.04
[E7] 1495/3456 (15597s) bert-base-uncased L10H4 sign=+0.93 symD=1 V=sym p=0 steps=4535: speed0=1.18e-01 speedT=3.36e-07 cos=+1.00 k=1 lam_top=+0.70 align=1.00
[E7] 1496/3456 (15612s) bert-base-uncased L10H4 sign=+0.93 symD=1 V=full p=0 steps=28084: speed0=1.17e-01 speedT=1.49e-04 cos=+1.00 k=1 lam_top=+0.43 align=1.00
[E7] 1497/3456 (15634s) bert-base-uncased L10H4 sign=+0.93 symD=1 V=sym p=1 steps=4616: speed0=1.31e-01 speedT=3.21e-07 cos=+1.00 k=1 lam_top=+0.70 align=1.00
[E7] 1498/3456 (15673s) bert-base-uncased L10H5 sign=+0.79 symD=0 V=full p=0 steps=5711: speed0=8.92e-02 speedT=2.76e-07 cos=+1.00 k=1 lam_top=+0.45 align=1.00
[E7] 1499/3456 (15691s) bert-base-uncased L10H4 sign=+0.93 symD=1 V=full p=1 steps=26609: speed0=1.37e-01 speedT=1.18e-04 cos=+1.00 k=1 lam_top=+0.43 align=1.00
[E7] 1500/3456 (15702s) bert-base-uncased L10H5 sign=+0.79 symD=0 V=full p=1 steps=4940: speed0=1.09e-01 speedT=1.97e-07 cos=+1.00 k=1 lam_top=+0.45 align=1.00
[E7] 1501/3456 (15716s) bert-base-uncased L10H4 sign=+0.93 symD=1 V=push p=1 steps=13044: speed0=4.09e-02 speedT=2.78e-04 cos=-0.01 k=46 lam_top=-0.10 align=0.00
[E7] 1502/3456 (15716s) bert-base-uncased L10H4 sign=+0.93 symD=1 V=push p=0 steps=15230: speed0=4.49e-02 speedT=2.21e-04 cos=-0.01 k=42 lam_top=-0.10 align=0.00
[E7] 1503/3456 (15726s) bert-base-uncased L10H5 sign=+0.79 symD=0 V=sym p=0 steps=5409: speed0=9.21e-02 speedT=5.46e-06 cos=+1.00 k=1 lam_top=+0.70 align=1.00
[E7] 1504/3456 (15732s) bert-base-uncased L10H5 sign=+0.79 symD=0 V=push p=1 steps=2607: speed0=4.71e-02 speedT=3.72e-06 cos=+0.40 k=64 lam_top=-0.15 align=0.00
[E7] 1505/3456 (15741s) bert-base-uncased L10H5 sign=+0.79 symD=0 V=sym p=1 steps=5400: speed0=9.78e-02 speedT=9.94e-06 cos=+1.00 k=1 lam_top=+0.70 align=1.00
[E7] 1506/3456 (15772s) bert-base-uncased L10H5 sign=+0.79 symD=1 V=full p=0 steps=5544: speed0=9.80e-02 speedT=2.40e-07 cos=+1.00 k=1 lam_top=+0.45 align=1.00
[E7] 1507/3456 (15775s) bert-base-uncased L10H5 sign=+0.79 symD=1 V=full p=1 steps=5095: speed0=1.21e-01 speedT=1.80e-07 cos=+1.00 k=1 lam_top=+0.45 align=1.00
[E7] 1508/3456 (15792s) bert-base-uncased L10H5 sign=+0.79 symD=1 V=sym p=0 steps=5332: speed0=9.83e-02 speedT=5.29e-06 cos=+1.00 k=1 lam_top=+0.70 align=1.00
[E7] 1509/3456 (15803s) bert-base-uncased L10H5 sign=+0.79 symD=0 V=push p=0 steps=13925: speed0=4.78e-02 speedT=8.60e-08 cos=+0.17 k=14 lam_top=-0.15 align=0.00
[E7] 1510/3456 (15826s) bert-base-uncased L10H5 sign=+0.79 symD=1 V=sym p=1 steps=5388: speed0=1.07e-01 speedT=5.28e-06 cos=+1.00 k=1 lam_top=+0.70 align=1.00
[E7] 1511/3456 (15835s) bert-base-uncased L10H6 sign=+0.89 symD=0 V=full p=0 steps=4741: speed0=9.95e-02 speedT=9.22e-08 cos=+1.00 k=1 lam_top=+0.47 align=1.00
[E7] 1512/3456 (15857s) bert-base-uncased L10H6 sign=+0.89 symD=0 V=full p=1 steps=4629: speed0=1.34e-01 speedT=9.22e-08 cos=+1.00 k=1 lam_top=+0.47 align=1.00
[E7] 1513/3456 (15869s) bert-base-uncased L10H6 sign=+0.89 symD=0 V=sym p=0 steps=4060: speed0=8.57e-02 speedT=2.25e-07 cos=+1.00 k=1 lam_top=+0.73 align=1.00
[E7] 1514/3456 (15894s) bert-base-uncased L10H6 sign=+0.89 symD=0 V=sym p=1 steps=4485: speed0=1.07e-01 speedT=2.25e-07 cos=+1.00 k=1 lam_top=+0.73 align=1.00
[E7] 1515/3456 (15906s) bert-base-uncased L10H5 sign=+0.79 symD=1 V=push p=0 steps=15617: speed0=5.10e-02 speedT=1.17e-07 cos=+0.07 k=15 lam_top=-0.15 align=0.00
[E7] 1516/3456 (15950s) bert-base-uncased L10H6 sign=+0.89 symD=1 V=full p=0 steps=4839: speed0=1.10e-01 speedT=2.22e-07 cos=+1.00 k=1 lam_top=+0.47 align=1.00
[E7] 1517/3456 (15961s) bert-base-uncased L10H5 sign=+0.79 symD=1 V=push p=1 steps=20322: speed0=5.09e-02 speedT=2.58e-07 cos=+0.10 k=7 lam_top=-0.15 align=0.00
[E7] 1518/3456 (15988s) bert-base-uncased L10H6 sign=+0.89 symD=1 V=full p=1 steps=4168: speed0=1.39e-01 speedT=2.22e-07 cos=+1.00 k=1 lam_top=+0.47 align=1.00
[E7] 1519/3456 (16002s) bert-base-uncased L10H6 sign=+0.89 symD=1 V=sym p=0 steps=4078: speed0=9.63e-02 speedT=2.15e-07 cos=+1.00 k=1 lam_top=+0.73 align=1.00
[E7] 1520/3456 (16032s) bert-base-uncased L10H6 sign=+0.89 symD=1 V=sym p=1 steps=4535: speed0=1.17e-01 speedT=2.25e-07 cos=+1.00 k=1 lam_top=+0.73 align=1.00
[E7] 1521/3456 (16069s) bert-base-uncased L10H6 sign=+0.89 symD=0 V=push p=0 steps=30350: speed0=3.81e-02 speedT=1.67e-03 cos=-0.01 k=12 lam_top=-0.14 align=0.00
[E7] 1522/3456 (16091s) bert-base-uncased L10H7 sign=+0.35 symD=0 V=full p=0 steps=3308: speed0=6.41e-02 speedT=3.36e-07 cos=+1.00 k=1 lam_top=+0.64 align=1.00
[E7] 1523/3456 (16097s) bert-base-uncased L10H6 sign=+0.89 symD=0 V=push p=1 steps=32531: speed0=4.53e-02 speedT=2.22e-03 cos=+0.05 k=9 lam_top=-0.14 align=0.00
[E7] 1524/3456 (16115s) bert-base-uncased L10H7 sign=+0.35 symD=0 V=full p=1 steps=3456: speed0=3.10e-02 speedT=2.98e-07 cos=+1.00 k=1 lam_top=+0.64 align=1.00
[E7] 1525/3456 (16132s) bert-base-uncased L10H7 sign=+0.35 symD=0 V=sym p=0 steps=4069: speed0=7.52e-02 speedT=2.84e-07 cos=+1.00 k=1 lam_top=+0.82 align=1.00
[E7] 1526/3456 (16149s) bert-base-uncased L10H7 sign=+0.35 symD=0 V=sym p=1 steps=4073: speed0=5.47e-02 speedT=3.49e-07 cos=+1.00 k=1 lam_top=+0.82 align=1.00
[E7] 1527/3456 (16182s) bert-base-uncased L10H6 sign=+0.89 symD=1 V=push p=0 steps=22235: speed0=4.27e-02 speedT=2.66e-04 cos=-0.01 k=10 lam_top=-0.14 align=0.00
[E7] 1528/3456 (16209s) bert-base-uncased L10H7 sign=+0.35 symD=1 V=full p=0 steps=3257: speed0=8.36e-02 speedT=2.57e-07 cos=+1.00 k=1 lam_top=+0.64 align=1.00
[E7] 1529/3456 (16215s) bert-base-uncased L10H6 sign=+0.89 symD=1 V=push p=1 steps=22814: speed0=4.96e-02 speedT=1.66e-03 cos=+0.10 k=47 lam_top=-0.14 align=0.00
[E7] 1530/3456 (16229s) bert-base-uncased L10H7 sign=+0.35 symD=1 V=full p=1 steps=3141: speed0=7.20e-02 speedT=3.31e-07 cos=+1.00 k=1 lam_top=+0.64 align=1.00
[E7] 1531/3456 (16257s) bert-base-uncased L10H7 sign=+0.35 symD=1 V=sym p=0 steps=4879: speed0=9.42e-02 speedT=3.57e-07 cos=+1.00 k=1 lam_top=+0.82 align=1.00
[E7] 1532/3456 (16258s) bert-base-uncased L10H7 sign=+0.35 symD=0 V=push p=1 steps=17824: speed0=3.51e-02 speedT=3.69e-04 cos=-0.01 k=3 lam_top=-0.11 align=0.00
[E7] 1533/3456 (16267s) bert-base-uncased L10H7 sign=+0.35 symD=1 V=sym p=1 steps=3940: speed0=7.76e-02 speedT=4.43e-07 cos=+1.00 k=1 lam_top=+0.82 align=1.00
[E7] 1534/3456 (16298s) bert-base-uncased L10H8 sign=-0.75 symD=0 V=full p=0 steps=4398: speed0=8.86e-02 speedT=2.06e-07 cos=+1.00 k=1 lam_top=+0.17 align=1.00
[E7] 1535/3456 (16321s) bert-base-uncased L10H8 sign=-0.75 symD=0 V=full p=1 steps=3306: speed0=7.95e-02 speedT=1.90e-07 cos=+1.00 k=1 lam_top=+0.17 align=1.00
[E7] 1536/3456 (16359s) bert-base-uncased L10H8 sign=-0.75 symD=0 V=sym p=0 steps=4697: speed0=7.28e-02 speedT=3.14e-07 cos=+1.00 k=1 lam_top=+0.50 align=1.00
[E7] 1537/3456 (16360s) bert-base-uncased L10H7 sign=+0.35 symD=1 V=push p=0 steps=12494: speed0=4.80e-02 speedT=9.26e-04 cos=+0.01 k=60 lam_top=-0.11 align=0.01
[E7] 1538/3456 (16373s) bert-base-uncased L10H7 sign=+0.35 symD=1 V=push p=1 steps=14085: speed0=3.81e-02 speedT=1.50e-05 cos=+0.01 k=16 lam_top=-0.11 align=0.00
[E7] 1539/3456 (16404s) bert-base-uncased L10H8 sign=-0.75 symD=0 V=sym p=1 steps=5420: speed0=6.60e-02 speedT=3.63e-07 cos=+1.00 k=1 lam_top=+0.50 align=1.00
[E7] 1540/3456 (16406s) bert-base-uncased L10H7 sign=+0.35 symD=0 V=push p=0 steps=43099: speed0=4.33e-02 speedT=6.88e-04 cos=-0.02 k=3 lam_top=-0.11 align=0.01
[E7] 1541/3456 (16417s) bert-base-uncased L10H8 sign=-0.75 symD=0 V=push p=1 steps=6661: speed0=4.62e-02 speedT=3.48e-07 cos=+0.02 k=2 lam_top=-0.17 align=0.00
[E7] 1542/3456 (16433s) bert-base-uncased L10H8 sign=-0.75 symD=1 V=full p=1 steps=3163: speed0=8.67e-02 speedT=1.91e-07 cos=+1.00 k=1 lam_top=+0.17 align=1.00
[E7] 1543/3456 (16438s) bert-base-uncased L10H8 sign=-0.75 symD=1 V=full p=0 steps=3914: speed0=8.77e-02 speedT=2.18e-07 cos=+1.00 k=1 lam_top=+0.17 align=1.00
[E7] 1544/3456 (16442s) bert-base-uncased L10H8 sign=-0.75 symD=0 V=push p=0 steps=12169: speed0=5.56e-02 speedT=3.53e-07 cos=-0.01 k=2 lam_top=-0.17 align=0.00
[E7] 1545/3456 (16466s) bert-base-uncased L10H8 sign=-0.75 symD=1 V=sym p=0 steps=4557: speed0=7.20e-02 speedT=3.14e-07 cos=+1.00 k=1 lam_top=+0.50 align=1.00
[E7] 1546/3456 (16480s) bert-base-uncased L10H8 sign=-0.75 symD=1 V=sym p=1 steps=4593: speed0=6.84e-02 speedT=3.60e-07 cos=+1.00 k=1 lam_top=+0.50 align=1.00
[E7] 1547/3456 (16507s) bert-base-uncased L10H8 sign=-0.75 symD=1 V=push p=0 steps=8402: speed0=5.28e-02 speedT=4.24e-07 cos=+0.08 k=2 lam_top=-0.17 align=0.00
[E7] 1548/3456 (16508s) bert-base-uncased L10H8 sign=-0.75 symD=1 V=push p=1 steps=7627: speed0=4.76e-02 speedT=3.81e-07 cos=+0.06 k=2 lam_top=-0.17 align=0.00
[E7] 1549/3456 (16555s) bert-base-uncased L10H9 sign=+0.91 symD=0 V=sym p=0 steps=5612: speed0=1.07e-01 speedT=2.98e-07 cos=+1.00 k=1 lam_top=+0.75 align=1.00
[E7] 1550/3456 (16557s) bert-base-uncased L10H9 sign=+0.91 symD=0 V=sym p=1 steps=5974: speed0=1.15e-01 speedT=2.98e-07 cos=+1.00 k=1 lam_top=+0.75 align=1.00
[E7] 1551/3456 (16567s) bert-base-uncased L10H9 sign=+0.91 symD=0 V=push p=0 steps=1861: speed0=6.24e-02 speedT=2.86e-06 cos=+0.36 k=64 lam_top=-0.13 align=0.00
[E7] 1552/3456 (16571s) bert-base-uncased L10H9 sign=+0.91 symD=0 V=push p=1 steps=2114: speed0=6.48e-02 speedT=7.77e-07 cos=+0.41 k=64 lam_top=-0.13 align=0.00
[E7] 1553/3456 (16618s) bert-base-uncased L10H9 sign=+0.91 symD=0 V=full p=1 steps=20611: speed0=1.22e-01 speedT=9.03e-04 cos=+1.00 k=1 lam_top=+0.48 align=1.00
[E7] 1554/3456 (16654s) bert-base-uncased L10H9 sign=+0.91 symD=0 V=full p=0 steps=28321: speed0=1.07e-01 speedT=3.06e-03 cos=+1.00 k=1 lam_top=+0.48 align=1.00
[E7] 1555/3456 (16673s) bert-base-uncased L10H9 sign=+0.91 symD=1 V=sym p=0 steps=5812: speed0=1.09e-01 speedT=2.98e-07 cos=+1.00 k=1 lam_top=+0.75 align=1.00
[E7] 1556/3456 (16687s) bert-base-uncased L10H9 sign=+0.91 symD=1 V=push p=0 steps=1823: speed0=6.39e-02 speedT=1.99e-06 cos=+0.36 k=64 lam_top=-0.13 align=0.00
[E7] 1557/3456 (16703s) bert-base-uncased L10H9 sign=+0.91 symD=1 V=push p=1 steps=1864: speed0=6.53e-02 speedT=4.86e-07 cos=+0.41 k=64 lam_top=-0.13 align=0.00
[E7] 1558/3456 (16707s) bert-base-uncased L10H9 sign=+0.91 symD=1 V=sym p=1 steps=5720: speed0=1.18e-01 speedT=2.98e-07 cos=+1.00 k=1 lam_top=+0.75 align=1.00
[E7] 1559/3456 (16735s) bert-base-uncased L10H9 sign=+0.91 symD=1 V=full p=1 steps=20642: speed0=1.25e-01 speedT=9.05e-04 cos=+1.00 k=1 lam_top=+0.48 align=1.00
[E7] 1560/3456 (16782s) bert-base-uncased L10H10 sign=-0.04 symD=0 V=sym p=0 steps=5843: speed0=1.10e-01 speedT=2.90e-04 cos=+1.00 k=1 lam_top=+0.46 align=0.99
[E7] 1561/3456 (16787s) bert-base-uncased L10H9 sign=+0.91 symD=1 V=full p=0 steps=27406: speed0=1.09e-01 speedT=3.02e-03 cos=+1.00 k=1 lam_top=+0.48 align=1.00
[E7] 1562/3456 (16824s) bert-base-uncased L10H10 sign=-0.04 symD=0 V=sym p=1 steps=5475: speed0=9.78e-02 speedT=1.72e-04 cos=+1.00 k=1 lam_top=+0.46 align=1.00
[E7] 1563/3456 (16834s) bert-base-uncased L10H10 sign=-0.04 symD=0 V=full p=1 steps=19573: speed0=1.17e-01 speedT=5.78e-02 cos=+1.00 k=1 lam_top=+0.19 align=1.00
[E7] 1564/3456 (16834s) bert-base-uncased L10H10 sign=-0.04 symD=0 V=full p=0 steps=20379: speed0=1.29e-01 speedT=5.21e-02 cos=+1.00 k=1 lam_top=+0.19 align=1.00
[E7] 1565/3456 (16903s) bert-base-uncased L10H10 sign=-0.04 symD=0 V=push p=0 steps=18739: speed0=7.26e-02 speedT=3.26e-07 cos=+0.23 k=14 lam_top=-0.14 align=0.00
[E7] 1566/3456 (16922s) bert-base-uncased L10H10 sign=-0.04 symD=0 V=push p=1 steps=15879: speed0=6.56e-02 speedT=4.18e-07 cos=+0.26 k=9 lam_top=-0.14 align=0.00
[E7] 1567/3456 (16963s) bert-base-uncased L10H10 sign=-0.04 symD=1 V=sym p=0 steps=6392: speed0=1.14e-01 speedT=4.22e-04 cos=+1.00 k=1 lam_top=+0.46 align=0.98
[E7] 1568/3456 (16978s) bert-base-uncased L10H10 sign=-0.04 symD=1 V=sym p=1 steps=5733: speed0=1.06e-01 speedT=1.67e-04 cos=+1.00 k=1 lam_top=+0.46 align=1.00
[E7] 1569/3456 (16994s) bert-base-uncased L10H10 sign=-0.04 symD=1 V=full p=1 steps=19471: speed0=1.28e-01 speedT=5.99e-02 cos=+1.00 k=1 lam_top=+0.19 align=1.00
[E7] 1570/3456 (16998s) bert-base-uncased L10H10 sign=-0.04 symD=1 V=full p=0 steps=20162: speed0=1.34e-01 speedT=5.21e-02 cos=+1.00 k=1 lam_top=+0.19 align=1.00
[E7] 1571/3456 (17121s) bert-base-uncased L10H11 sign=+0.62 symD=0 V=full p=0 steps=20281: speed0=4.82e-02 speedT=3.64e-02 cos=+1.00 k=1 lam_top=+0.24 align=1.00
[E7] 1572/3456 (17122s) bert-base-uncased L10H10 sign=-0.04 symD=1 V=push p=1 steps=18628: speed0=6.84e-02 speedT=3.17e-07 cos=+0.04 k=5 lam_top=-0.14 align=0.00
[E7] 1573/3456 (17128s) bert-base-uncased L10H11 sign=+0.62 symD=0 V=full p=1 steps=21229: speed0=3.50e-02 speedT=3.08e-02 cos=+1.00 k=1 lam_top=+0.24 align=1.00
[E7] 1574/3456 (17144s) bert-base-uncased L10H10 sign=-0.04 symD=1 V=push p=0 steps=23992: speed0=7.43e-02 speedT=3.12e-07 cos=+0.08 k=9 lam_top=-0.14 align=0.00
[E7] 1575/3456 (17150s) bert-base-uncased L10H11 sign=+0.62 symD=0 V=sym p=1 steps=3827: speed0=4.53e-02 speedT=3.29e-07 cos=+1.00 k=1 lam_top=+0.58 align=1.00
[E7] 1576/3456 (17152s) bert-base-uncased L10H11 sign=+0.62 symD=0 V=sym p=0 steps=4201: speed0=5.88e-02 speedT=2.86e-07 cos=+1.00 k=1 lam_top=+0.58 align=1.00
[E7] 1577/3456 (17235s) bert-base-uncased L10H11 sign=+0.62 symD=0 V=push p=1 steps=14607: speed0=2.73e-02 speedT=2.83e-03 cos=-0.00 k=28 lam_top=-0.10 align=0.02
[E7] 1578/3456 (17272s) bert-base-uncased L10H11 sign=+0.62 symD=1 V=sym p=0 steps=4045: speed0=7.64e-02 speedT=2.07e-07 cos=+1.00 k=1 lam_top=+0.58 align=1.00
[E7] 1579/3456 (17309s) bert-base-uncased L10H11 sign=+0.62 symD=1 V=full p=0 steps=20148: speed0=6.57e-02 speedT=3.24e-02 cos=+1.00 k=1 lam_top=+0.24 align=1.00
[E7] 1580/3456 (17310s) bert-base-uncased L10H11 sign=+0.62 symD=1 V=sym p=1 steps=4389: speed0=6.99e-02 speedT=3.46e-07 cos=+1.00 k=1 lam_top=+0.58 align=1.00
[E7] 1581/3456 (17320s) bert-base-uncased L10H11 sign=+0.62 symD=1 V=full p=1 steps=21601: speed0=7.70e-02 speedT=3.09e-02 cos=+1.00 k=1 lam_top=+0.24 align=1.00
[E7] 1582/3456 (17324s) bert-base-uncased L10H11 sign=+0.62 symD=0 V=push p=0 steps=32006: speed0=3.13e-02 speedT=3.27e-02 cos=-0.00 k=3 lam_top=-0.10 align=0.00
[E7] 1583/3456 (17377s) bert-base-uncased L11H0 sign=+0.35 symD=0 V=full p=0 steps=9800: speed0=3.91e-02 speedT=1.89e-07 cos=+1.00 k=1 lam_top=+0.29 align=1.00
[E7] 1584/3456 (17398s) bert-base-uncased L11H0 sign=+0.35 symD=0 V=full p=1 steps=14835: speed0=4.62e-02 speedT=1.49e-07 cos=+1.00 k=1 lam_top=+0.29 align=1.00
[E7] 1585/3456 (17399s) bert-base-uncased L11H0 sign=+0.35 symD=0 V=sym p=0 steps=4854: speed0=8.45e-02 speedT=3.41e-07 cos=+1.00 k=1 lam_top=+0.64 align=1.00
[E7] 1586/3456 (17410s) bert-base-uncased L10H11 sign=+0.62 symD=1 V=push p=0 steps=16718: speed0=3.66e-02 speedT=3.67e-07 cos=-0.01 k=2 lam_top=-0.10 align=0.00
[E7] 1587/3456 (17418s) bert-base-uncased L11H0 sign=+0.35 symD=0 V=sym p=1 steps=4295: speed0=8.84e-02 speedT=3.76e-07 cos=+1.00 k=1 lam_top=+0.64 align=1.00
[E7] 1588/3456 (17490s) bert-base-uncased L11H0 sign=+0.35 symD=0 V=push p=0 steps=22691: speed0=5.54e-02 speedT=4.27e-03 cos=-0.01 k=15 lam_top=-0.14 align=0.00
[E7] 1589/3456 (17494s) bert-base-uncased L11H0 sign=+0.35 symD=1 V=full p=0 steps=14722: speed0=7.32e-02 speedT=1.06e-07 cos=+1.00 k=1 lam_top=+0.29 align=1.00
[E7] 1590/3456 (17504s) bert-base-uncased L11H0 sign=+0.35 symD=0 V=push p=1 steps=22996: speed0=5.76e-02 speedT=7.08e-03 cos=-0.00 k=4 lam_top=-0.14 align=0.00
[E7] 1591/3456 (17522s) bert-base-uncased L11H0 sign=+0.35 symD=1 V=sym p=0 steps=4326: speed0=8.43e-02 speedT=4.44e-07 cos=+1.00 k=1 lam_top=+0.64 align=1.00
[E7] 1592/3456 (17529s) bert-base-uncased L11H0 sign=+0.35 symD=1 V=sym p=1 steps=3871: speed0=9.38e-02 speedT=3.89e-07 cos=+1.00 k=1 lam_top=+0.64 align=1.00
[E7] 1593/3456 (17550s) bert-base-uncased L11H0 sign=+0.35 symD=1 V=full p=1 steps=10956: speed0=9.37e-02 speedT=9.74e-08 cos=+1.00 k=1 lam_top=+0.29 align=1.00
[E7] 1594/3456 (17556s) bert-base-uncased L10H11 sign=+0.62 symD=1 V=push p=1 steps=44874: speed0=3.61e-02 speedT=1.25e-03 cos=+0.02 k=3 lam_top=-0.10 align=0.00
[E7] 1595/3456 (17565s) bert-base-uncased L11H1 sign=+0.65 symD=0 V=full p=0 steps=3439: speed0=6.39e-02 speedT=1.67e-07 cos=+1.00 k=1 lam_top=+0.52 align=1.00
[E7] 1596/3456 (17572s) bert-base-uncased L11H1 sign=+0.65 symD=0 V=full p=1 steps=3481: speed0=7.46e-02 speedT=1.65e-07 cos=+1.00 k=1 lam_top=+0.52 align=1.00
[E7] 1597/3456 (17590s) bert-base-uncased L11H1 sign=+0.65 symD=0 V=sym p=0 steps=4506: speed0=7.66e-02 speedT=3.13e-07 cos=+1.00 k=1 lam_top=+0.75 align=1.00
[E7] 1598/3456 (17593s) bert-base-uncased L11H0 sign=+0.35 symD=1 V=push p=1 steps=11990: speed0=5.34e-02 speedT=3.43e-04 cos=-0.01 k=25 lam_top=-0.14 align=0.00
[E7] 1599/3456 (17594s) bert-base-uncased L11H1 sign=+0.65 symD=0 V=sym p=1 steps=4132: speed0=7.67e-02 speedT=3.13e-07 cos=+1.00 k=1 lam_top=+0.75 align=1.00
[E7] 1600/3456 (17612s) bert-base-uncased L11H1 sign=+0.65 symD=1 V=full p=0 steps=3442: speed0=8.66e-02 speedT=1.65e-07 cos=+1.00 k=1 lam_top=+0.52 align=1.00
[E7] 1601/3456 (17617s) bert-base-uncased L11H1 sign=+0.65 symD=0 V=push p=0 steps=6636: speed0=4.39e-02 speedT=2.24e-07 cos=+0.15 k=2 lam_top=-0.11 align=0.00
[E7] 1602/3456 (17622s) bert-base-uncased L11H1 sign=+0.65 symD=0 V=push p=1 steps=7224: speed0=3.95e-02 speedT=2.12e-07 cos=+0.21 k=2 lam_top=-0.11 align=0.00
[E7] 1603/3456 (17625s) bert-base-uncased L11H0 sign=+0.35 symD=1 V=push p=0 steps=19974: speed0=5.10e-02 speedT=3.99e-05 cos=-0.01 k=2 lam_top=-0.14 align=0.00
[E7] 1604/3456 (17629s) bert-base-uncased L11H1 sign=+0.65 symD=1 V=full p=1 steps=3368: speed0=9.75e-02 speedT=1.65e-07 cos=+1.00 k=1 lam_top=+0.52 align=1.00
[E7] 1605/3456 (17644s) bert-base-uncased L11H1 sign=+0.65 symD=1 V=sym p=1 steps=3971: speed0=9.06e-02 speedT=3.13e-07 cos=+1.00 k=1 lam_top=+0.75 align=1.00
[E7] 1606/3456 (17646s) bert-base-uncased L11H1 sign=+0.65 symD=1 V=sym p=0 steps=5086: speed0=9.00e-02 speedT=3.13e-07 cos=+1.00 k=1 lam_top=+0.75 align=1.00
[E7] 1607/3456 (17659s) bert-base-uncased L11H1 sign=+0.65 symD=1 V=push p=0 steps=7086: speed0=5.01e-02 speedT=2.24e-07 cos=-0.01 k=2 lam_top=-0.11 align=0.00
[E7] 1608/3456 (17676s) bert-base-uncased L11H1 sign=+0.65 symD=1 V=push p=1 steps=10290: speed0=4.44e-02 speedT=2.12e-07 cos=+0.05 k=2 lam_top=-0.11 align=0.00
[E7] 1609/3456 (17680s) bert-base-uncased L11H2 sign=-0.49 symD=0 V=sym p=0 steps=4355: speed0=7.85e-02 speedT=2.58e-07 cos=+1.00 k=1 lam_top=+0.55 align=1.00
[E7] 1610/3456 (17692s) bert-base-uncased L11H2 sign=-0.49 symD=0 V=sym p=1 steps=3772: speed0=8.07e-02 speedT=2.58e-07 cos=+1.00 k=1 lam_top=+0.55 align=1.00
[E7] 1611/3456 (17738s) bert-base-uncased L11H2 sign=-0.49 symD=0 V=full p=1 steps=24859: speed0=6.69e-02 speedT=5.50e-02 cos=+1.00 k=1 lam_top=+0.14 align=1.00
[E7] 1612/3456 (17739s) bert-base-uncased L11H2 sign=-0.49 symD=0 V=full p=0 steps=24856: speed0=6.02e-02 speedT=2.74e-02 cos=+1.00 k=1 lam_top=+0.14 align=1.00
[E7] 1613/3456 (17831s) bert-base-uncased L11H2 sign=-0.49 symD=0 V=push p=1 steps=35404: speed0=5.03e-02 speedT=9.04e-04 cos=-0.01 k=9 lam_top=-0.12 align=0.00
[E7] 1614/3456 (17833s) bert-base-uncased L11H2 sign=-0.49 symD=0 V=push p=0 steps=40192: speed0=5.21e-02 speedT=6.40e-04 cos=-0.01 k=5 lam_top=-0.12 align=0.00
[E7] 1615/3456 (17852s) bert-base-uncased L11H2 sign=-0.49 symD=1 V=sym p=0 steps=3425: speed0=9.15e-02 speedT=2.58e-07 cos=+1.00 k=1 lam_top=+0.55 align=1.00
[E7] 1616/3456 (17853s) bert-base-uncased L11H2 sign=-0.49 symD=1 V=sym p=1 steps=3352: speed0=9.49e-02 speedT=2.58e-07 cos=+1.00 k=1 lam_top=+0.55 align=1.00
[E7] 1617/3456 (17861s) bert-base-uncased L11H2 sign=-0.49 symD=1 V=full p=0 steps=24661: speed0=9.37e-02 speedT=4.59e-02 cos=+1.00 k=1 lam_top=+0.14 align=1.00
[E7] 1618/3456 (17863s) bert-base-uncased L11H2 sign=-0.49 symD=1 V=full p=1 steps=24838: speed0=9.85e-02 speedT=5.46e-02 cos=+1.00 k=1 lam_top=+0.14 align=1.00
[E7] 1619/3456 (17932s) bert-base-uncased L11H2 sign=-0.49 symD=1 V=push p=0 steps=15954: speed0=5.90e-02 speedT=3.18e-04 cos=+0.04 k=48 lam_top=-0.12 align=0.00
[E7] 1620/3456 (17932s) bert-base-uncased L11H3 sign=+0.06 symD=0 V=full p=0 steps=16964: speed0=5.45e-02 speedT=1.26e-02 cos=+1.00 k=1 lam_top=+0.30 align=1.00
[E7] 1621/3456 (17933s) bert-base-uncased L11H3 sign=+0.06 symD=0 V=full p=1 steps=16713: speed0=6.60e-02 speedT=1.28e-02 cos=+1.00 k=1 lam_top=+0.30 align=1.00
[E7] 1622/3456 (17937s) bert-base-uncased L11H2 sign=-0.49 symD=1 V=push p=1 steps=16501: speed0=5.80e-02 speedT=2.41e-04 cos=-0.00 k=44 lam_top=-0.12 align=0.00
[E7] 1623/3456 (17953s) bert-base-uncased L11H3 sign=+0.06 symD=0 V=sym p=0 steps=4062: speed0=5.38e-02 speedT=3.95e-07 cos=+1.00 k=1 lam_top=+0.59 align=1.00
[E7] 1624/3456 (17953s) bert-base-uncased L11H3 sign=+0.06 symD=0 V=sym p=1 steps=4027: speed0=5.72e-02 speedT=3.02e-07 cos=+1.00 k=1 lam_top=+0.59 align=1.00
[E7] 1625/3456 (17979s) bert-base-uncased L11H3 sign=+0.06 symD=0 V=push p=1 steps=10521: speed0=3.61e-02 speedT=6.76e-06 cos=-0.01 k=2 lam_top=-0.08 align=0.00
[E7] 1626/3456 (18003s) bert-base-uncased L11H3 sign=+0.06 symD=1 V=sym p=0 steps=3899: speed0=6.27e-02 speedT=2.93e-07 cos=+1.00 k=1 lam_top=+0.59 align=1.00
[E7] 1627/3456 (18014s) bert-base-uncased L11H3 sign=+0.06 symD=0 V=push p=0 steps=19716: speed0=3.42e-02 speedT=7.38e-05 cos=+0.01 k=13 lam_top=-0.08 align=0.00
[E7] 1628/3456 (18028s) bert-base-uncased L11H3 sign=+0.06 symD=1 V=sym p=1 steps=3848: speed0=6.73e-02 speedT=3.01e-07 cos=+1.00 k=1 lam_top=+0.59 align=1.00
[E7] 1629/3456 (18041s) bert-base-uncased L11H3 sign=+0.06 symD=1 V=full p=1 steps=16703: speed0=8.16e-02 speedT=1.32e-02 cos=+1.00 k=1 lam_top=+0.30 align=1.00
[E7] 1630/3456 (18044s) bert-base-uncased L11H3 sign=+0.06 symD=1 V=full p=0 steps=17071: speed0=7.57e-02 speedT=1.28e-02 cos=+1.00 k=1 lam_top=+0.30 align=1.00
[E7] 1631/3456 (18070s) bert-base-uncased L11H3 sign=+0.06 symD=1 V=push p=0 steps=10855: speed0=3.78e-02 speedT=9.34e-08 cos=-0.01 k=2 lam_top=-0.08 align=0.00
[E7] 1632/3456 (18093s) bert-base-uncased L11H4 sign=+0.68 symD=0 V=sym p=0 steps=4365: speed0=1.00e-01 speedT=5.33e-07 cos=+1.00 k=1 lam_top=+0.68 align=1.00
[E7] 1633/3456 (18113s) bert-base-uncased L11H4 sign=+0.68 symD=0 V=sym p=1 steps=4319: speed0=9.50e-02 speedT=4.32e-07 cos=+1.00 k=1 lam_top=+0.68 align=1.00
[E7] 1634/3456 (18146s) bert-base-uncased L11H4 sign=+0.68 symD=0 V=full p=1 steps=25226: speed0=8.28e-02 speedT=3.91e-02 cos=+1.00 k=1 lam_top=+0.36 align=1.00
[E7] 1635/3456 (18153s) bert-base-uncased L11H4 sign=+0.68 symD=0 V=full p=0 steps=27454: speed0=7.63e-02 speedT=3.48e-02 cos=+1.00 k=1 lam_top=+0.36 align=1.00
[E7] 1636/3456 (18161s) bert-base-uncased L11H4 sign=+0.68 symD=0 V=push p=0 steps=11762: speed0=5.94e-02 speedT=4.38e-07 cos=-0.01 k=2 lam_top=-0.14 align=0.00
[E7] 1637/3456 (18174s) bert-base-uncased L11H3 sign=+0.06 symD=1 V=push p=1 steps=29493: speed0=3.98e-02 speedT=1.28e-05 cos=+0.13 k=2 lam_top=-0.08 align=0.00
[E7] 1638/3456 (18189s) bert-base-uncased L11H4 sign=+0.68 symD=0 V=push p=1 steps=9935: speed0=5.87e-02 speedT=4.35e-07 cos=-0.01 k=4 lam_top=-0.14 align=0.00
[E7] 1639/3456 (18202s) bert-base-uncased L11H4 sign=+0.68 symD=1 V=sym p=0 steps=4747: speed0=1.20e-01 speedT=4.42e-07 cos=+1.00 k=1 lam_top=+0.68 align=1.00
[E7] 1640/3456 (18214s) bert-base-uncased L11H4 sign=+0.68 symD=1 V=sym p=1 steps=4286: speed0=1.14e-01 speedT=3.45e-07 cos=+1.00 k=1 lam_top=+0.68 align=1.00
[E7] 1641/3456 (18267s) bert-base-uncased L11H4 sign=+0.68 symD=1 V=push p=0 steps=13054: speed0=6.88e-02 speedT=4.43e-07 cos=+0.03 k=2 lam_top=-0.14 align=0.00
[E7] 1642/3456 (18270s) bert-base-uncased L11H4 sign=+0.68 symD=1 V=push p=1 steps=11111: speed0=6.73e-02 speedT=2.45e-07 cos=+0.09 k=3 lam_top=-0.14 align=0.00
[E7] 1643/3456 (18291s) bert-base-uncased L11H4 sign=+0.68 symD=1 V=full p=0 steps=26035: speed0=9.81e-02 speedT=5.79e-02 cos=+1.00 k=1 lam_top=+0.36 align=1.00
[E7] 1644/3456 (18291s) bert-base-uncased L11H4 sign=+0.68 symD=1 V=full p=1 steps=25152: speed0=1.05e-01 speedT=3.78e-02 cos=+1.00 k=1 lam_top=+0.36 align=1.00
[E7] 1645/3456 (18315s) bert-base-uncased L11H5 sign=+0.94 symD=0 V=sym p=0 steps=4877: speed0=1.09e-01 speedT=3.82e-07 cos=+1.00 k=1 lam_top=+0.77 align=1.00
[E7] 1646/3456 (18317s) bert-base-uncased L11H5 sign=+0.94 symD=0 V=sym p=1 steps=4925: speed0=1.24e-01 speedT=3.84e-07 cos=+1.00 k=1 lam_top=+0.77 align=1.00
[E7] 1647/3456 (18361s) bert-base-uncased L11H5 sign=+0.94 symD=0 V=push p=1 steps=11293: speed0=3.84e-02 speedT=2.31e-07 cos=+0.03 k=2 lam_top=-0.10 align=0.00
[E7] 1648/3456 (18381s) bert-base-uncased L11H5 sign=+0.94 symD=0 V=push p=0 steps=17059: speed0=4.15e-02 speedT=2.29e-07 cos=+0.06 k=5 lam_top=-0.10 align=0.00
[E7] 1649/3456 (18398s) bert-base-uncased L11H5 sign=+0.94 symD=0 V=full p=1 steps=30983: speed0=1.23e-01 speedT=8.08e-02 cos=+1.00 k=1 lam_top=+0.54 align=1.00
[E7] 1650/3456 (18411s) bert-base-uncased L11H5 sign=+0.94 symD=0 V=full p=0 steps=34861: speed0=9.99e-02 speedT=6.55e-02 cos=+1.00 k=1 lam_top=+0.54 align=1.00
[E7] 1651/3456 (18427s) bert-base-uncased L11H5 sign=+0.94 symD=1 V=sym p=0 steps=4941: speed0=1.15e-01 speedT=3.81e-07 cos=+1.00 k=1 lam_top=+0.77 align=1.00
[E7] 1652/3456 (18439s) bert-base-uncased L11H5 sign=+0.94 symD=1 V=sym p=1 steps=4808: speed0=1.31e-01 speedT=4.65e-07 cos=+1.00 k=1 lam_top=+0.77 align=1.00
[E7] 1653/3456 (18506s) bert-base-uncased L11H5 sign=+0.94 symD=1 V=push p=1 steps=12338: speed0=3.98e-02 speedT=3.13e-07 cos=-0.02 k=4 lam_top=-0.10 align=0.00
[E7] 1654/3456 (18522s) bert-base-uncased L11H6 sign=-0.00 symD=0 V=full p=0 steps=3554: speed0=3.12e-02 speedT=5.87e-08 cos=+1.00 k=1 lam_top=+0.29 align=1.00
[E7] 1655/3456 (18527s) bert-base-uncased L11H5 sign=+0.94 symD=1 V=push p=0 steps=18813: speed0=4.27e-02 speedT=3.08e-07 cos=-0.01 k=5 lam_top=-0.10 align=0.00
[E7] 1656/3456 (18537s) bert-base-uncased L11H6 sign=-0.00 symD=0 V=full p=1 steps=3622: speed0=6.91e-02 speedT=1.98e-07 cos=+1.00 k=1 lam_top=+0.29 align=1.00
[E7] 1657/3456 (18545s) bert-base-uncased L11H5 sign=+0.94 symD=1 V=full p=1 steps=30665: speed0=1.31e-01 speedT=8.22e-02 cos=+1.00 k=1 lam_top=+0.54 align=1.00
[E7] 1658/3456 (18545s) bert-base-uncased L11H5 sign=+0.94 symD=1 V=full p=0 steps=34818: speed0=1.08e-01 speedT=7.28e-02 cos=+1.00 k=1 lam_top=+0.54 align=1.00
[E7] 1659/3456 (18548s) bert-base-uncased L11H6 sign=-0.00 symD=0 V=sym p=0 steps=4108: speed0=7.07e-02 speedT=2.66e-07 cos=+1.00 k=1 lam_top=+0.64 align=1.00
[E7] 1660/3456 (18556s) bert-base-uncased L11H6 sign=-0.00 symD=0 V=sym p=1 steps=3802: speed0=8.87e-02 speedT=2.50e-07 cos=+1.00 k=1 lam_top=+0.64 align=1.00
[E7] 1661/3456 (18564s) bert-base-uncased L11H6 sign=-0.00 symD=1 V=full p=0 steps=3429: speed0=6.56e-02 speedT=6.42e-08 cos=+1.00 k=1 lam_top=+0.29 align=1.00
[E7] 1662/3456 (18571s) bert-base-uncased L11H6 sign=-0.00 symD=1 V=full p=1 steps=3387: speed0=8.73e-02 speedT=1.43e-07 cos=+1.00 k=1 lam_top=+0.29 align=1.00
[E7] 1663/3456 (18585s) bert-base-uncased L11H6 sign=-0.00 symD=1 V=sym p=0 steps=3576: speed0=7.87e-02 speedT=2.09e-07 cos=+1.00 k=1 lam_top=+0.64 align=1.00
[E7] 1664/3456 (18590s) bert-base-uncased L11H6 sign=-0.00 symD=1 V=sym p=1 steps=3489: speed0=1.03e-01 speedT=2.59e-07 cos=+1.00 k=1 lam_top=+0.64 align=1.00
[E7] 1665/3456 (18634s) bert-base-uncased L11H6 sign=-0.00 symD=1 V=push p=0 steps=9996: speed0=5.35e-02 speedT=4.72e-05 cos=-0.01 k=18 lam_top=-0.13 align=0.00
[E7] 1666/3456 (18658s) bert-base-uncased L11H6 sign=-0.00 symD=1 V=push p=1 steps=13688: speed0=6.01e-02 speedT=3.41e-04 cos=+0.01 k=34 lam_top=-0.13 align=0.00
[E7] 1667/3456 (18665s) bert-base-uncased L11H6 sign=-0.00 symD=0 V=push p=0 steps=30966: speed0=4.95e-02 speedT=4.88e-04 cos=-0.02 k=13 lam_top=-0.13 align=0.02
[E7] 1668/3456 (18690s) bert-base-uncased L11H7 sign=+0.96 symD=0 V=sym p=0 steps=4617: speed0=8.74e-02 speedT=2.02e-07 cos=+1.00 k=1 lam_top=+0.75 align=1.00
[E7] 1669/3456 (18720s) bert-base-uncased L11H7 sign=+0.96 symD=0 V=sym p=1 steps=5932: speed0=1.03e-01 speedT=2.42e-07 cos=+1.00 k=1 lam_top=+0.75 align=1.00
[E7] 1670/3456 (18733s) bert-base-uncased L11H6 sign=-0.00 symD=0 V=push p=1 steps=48705: speed0=5.30e-02 speedT=3.41e-03 cos=-0.01 k=12 lam_top=-0.13 align=0.36
[E7] 1671/3456 (18783s) bert-base-uncased L11H7 sign=+0.96 symD=0 V=push p=0 steps=16054: speed0=3.89e-02 speedT=2.86e-03 cos=+0.02 k=46 lam_top=-0.10 align=0.03
[E7] 1672/3456 (18793s) bert-base-uncased L11H7 sign=+0.96 symD=0 V=push p=1 steps=15392: speed0=4.11e-02 speedT=2.71e-02 cos=+0.00 k=64 lam_top=-0.10 align=0.06
[E7] 1673/3456 (18811s) bert-base-uncased L11H7 sign=+0.96 symD=0 V=full p=0 steps=43304: speed0=6.18e-02 speedT=8.87e-02 cos=+1.00 k=1 lam_top=+0.48 align=0.62
[E7] 1674/3456 (18840s) bert-base-uncased L11H7 sign=+0.96 symD=1 V=sym p=0 steps=4735: speed0=1.09e-01 speedT=2.02e-07 cos=+1.00 k=1 lam_top=+0.75 align=1.00
[E7] 1675/3456 (18871s) bert-base-uncased L11H7 sign=+0.96 symD=1 V=sym p=1 steps=5118: speed0=1.09e-01 speedT=1.86e-07 cos=+1.00 k=1 lam_top=+0.75 align=1.00
[E7] 1676/3456 (18888s) bert-base-uncased L11H7 sign=+0.96 symD=0 V=full p=1 steps=55007: speed0=1.01e-01 speedT=6.21e-02 cos=+1.00 k=1 lam_top=+0.48 align=0.83
[E7] 1677/3456 (18925s) bert-base-uncased L11H7 sign=+0.96 symD=1 V=push p=0 steps=10572: speed0=4.46e-02 speedT=4.65e-04 cos=+0.03 k=63 lam_top=-0.10 align=0.01
[E7] 1678/3456 (18938s) bert-base-uncased L11H7 sign=+0.96 symD=1 V=push p=1 steps=10342: speed0=4.37e-02 speedT=4.89e-04 cos=+0.06 k=64 lam_top=-0.10 align=0.01
[E7] 1679/3456 (18978s) bert-base-uncased L11H8 sign=+0.97 symD=0 V=full p=0 steps=13003: speed0=9.54e-02 speedT=3.94e-03 cos=+1.00 k=1 lam_top=+0.50 align=1.00
[E7] 1680/3456 (18989s) bert-base-uncased L11H8 sign=+0.97 symD=0 V=full p=1 steps=12231: speed0=1.10e-01 speedT=1.06e-02 cos=+1.00 k=1 lam_top=+0.50 align=1.00
[E7] 1681/3456 (19002s) bert-base-uncased L11H8 sign=+0.97 symD=0 V=sym p=0 steps=4747: speed0=1.05e-01 speedT=2.39e-07 cos=+1.00 k=1 lam_top=+0.73 align=1.00
[E7] 1682/3456 (19010s) bert-base-uncased L11H8 sign=+0.97 symD=0 V=push p=0 steps=1783: speed0=4.45e-02 speedT=1.20e-06 cos=+0.41 k=63 lam_top=-0.11 align=0.00
[E7] 1683/3456 (19011s) bert-base-uncased L11H8 sign=+0.97 symD=0 V=sym p=1 steps=4475: speed0=1.06e-01 speedT=2.46e-07 cos=+1.00 k=1 lam_top=+0.73 align=1.00
[E7] 1684/3456 (19018s) bert-base-uncased L11H8 sign=+0.97 symD=0 V=push p=1 steps=1705: speed0=4.02e-02 speedT=9.93e-07 cos=+0.45 k=64 lam_top=-0.11 align=0.00
[E7] 1685/3456 (19029s) bert-base-uncased L11H7 sign=+0.96 symD=1 V=full p=0 steps=49297: speed0=8.79e-02 speedT=7.93e-02 cos=+1.00 k=1 lam_top=+0.48 align=0.71
[E7] 1686/3456 (19059s) bert-base-uncased L11H8 sign=+0.97 symD=1 V=sym p=0 steps=4812: speed0=1.05e-01 speedT=2.90e-07 cos=+1.00 k=1 lam_top=+0.73 align=1.00
[E7] 1687/3456 (19067s) bert-base-uncased L11H7 sign=+0.96 symD=1 V=full p=1 steps=53385: speed0=1.04e-01 speedT=7.04e-02 cos=+1.00 k=1 lam_top=+0.48 align=0.78
[E7] 1688/3456 (19077s) bert-base-uncased L11H8 sign=+0.97 symD=1 V=push p=0 steps=1695: speed0=4.47e-02 speedT=4.82e-07 cos=+0.41 k=63 lam_top=-0.11 align=0.00
[E7] 1689/3456 (19079s) bert-base-uncased L11H8 sign=+0.97 symD=1 V=full p=0 steps=12943: speed0=9.64e-02 speedT=3.90e-03 cos=+1.00 k=1 lam_top=+0.50 align=1.00
[E7] 1690/3456 (19083s) bert-base-uncased L11H8 sign=+0.97 symD=1 V=full p=1 steps=12204: speed0=1.11e-01 speedT=1.13e-02 cos=+1.00 k=1 lam_top=+0.50 align=1.00
[E7] 1691/3456 (19086s) bert-base-uncased L11H8 sign=+0.97 symD=1 V=sym p=1 steps=4467: speed0=1.07e-01 speedT=2.17e-07 cos=+1.00 k=1 lam_top=+0.73 align=1.00
[E7] 1692/3456 (19086s) bert-base-uncased L11H8 sign=+0.97 symD=1 V=push p=1 steps=1618: speed0=4.05e-02 speedT=9.90e-07 cos=+0.45 k=64 lam_top=-0.11 align=0.00
[E7] 1693/3456 (19093s) bert-base-uncased L11H9 sign=-0.96 symD=0 V=full p=0 steps=3213: speed0=3.04e-02 speedT=1.81e-07 cos=+1.00 k=1 lam_top=+0.12 align=1.00
[E7] 1694/3456 (19105s) bert-base-uncased L11H9 sign=-0.96 symD=0 V=sym p=0 steps=3714: speed0=8.75e-02 speedT=1.85e-07 cos=+1.00 k=1 lam_top=+0.36 align=1.00
[E7] 1695/3456 (19105s) bert-base-uncased L11H9 sign=-0.96 symD=0 V=sym p=1 steps=3758: speed0=9.55e-02 speedT=2.02e-07 cos=+1.00 k=1 lam_top=+0.36 align=1.00
[E7] 1696/3456 (19110s) bert-base-uncased L11H9 sign=-0.96 symD=0 V=push p=0 steps=4047: speed0=6.21e-02 speedT=6.26e-05 cos=+0.39 k=64 lam_top=-0.16 align=0.00
[E7] 1697/3456 (19111s) bert-base-uncased L11H9 sign=-0.96 symD=0 V=full p=1 steps=6338: speed0=4.97e-02 speedT=1.81e-07 cos=+1.00 k=1 lam_top=+0.12 align=1.00
[E7] 1698/3456 (19121s) bert-base-uncased L11H9 sign=-0.96 symD=1 V=full p=0 steps=2776: speed0=8.20e-02 speedT=1.74e-07 cos=+1.00 k=1 lam_top=+0.12 align=1.00
[E7] 1699/3456 (19135s) bert-base-uncased L11H9 sign=-0.96 symD=1 V=sym p=0 steps=3565: speed0=1.18e-01 speedT=2.38e-07 cos=+1.00 k=1 lam_top=+0.36 align=1.00
[E7] 1700/3456 (19144s) bert-base-uncased L11H9 sign=-0.96 symD=1 V=sym p=1 steps=3572: speed0=1.25e-01 speedT=2.02e-07 cos=+1.00 k=1 lam_top=+0.36 align=1.00
[E7] 1701/3456 (19146s) bert-base-uncased L11H9 sign=-0.96 symD=1 V=full p=1 steps=6538: speed0=9.94e-02 speedT=1.80e-07 cos=+1.00 k=1 lam_top=+0.12 align=1.00
[E7] 1702/3456 (19152s) bert-base-uncased L11H9 sign=-0.96 symD=0 V=push p=1 steps=11089: speed0=7.05e-02 speedT=1.73e-04 cos=-0.01 k=4 lam_top=-0.16 align=0.00
[E7] 1703/3456 (19159s) bert-base-uncased L11H10 sign=+0.60 symD=0 V=full p=0 steps=3510: speed0=4.48e-02 speedT=1.11e-07 cos=+1.00 k=1 lam_top=+0.47 align=1.00
[E7] 1704/3456 (19165s) bert-base-uncased L11H10 sign=+0.60 symD=0 V=full p=1 steps=3322: speed0=6.34e-02 speedT=1.25e-07 cos=+1.00 k=1 lam_top=+0.47 align=1.00
[E7] 1705/3456 (19180s) bert-base-uncased L11H10 sign=+0.60 symD=0 V=sym p=0 steps=3802: speed0=6.67e-02 speedT=2.47e-07 cos=+1.00 k=1 lam_top=+0.74 align=1.00
[E7] 1706/3456 (19185s) bert-base-uncased L11H9 sign=-0.96 symD=1 V=push p=0 steps=9786: speed0=7.96e-02 speedT=2.38e-04 cos=+0.26 k=62 lam_top=-0.16 align=0.01
[E7] 1707/3456 (19185s) bert-base-uncased L11H10 sign=+0.60 symD=0 V=sym p=1 steps=3876: speed0=6.19e-02 speedT=2.53e-07 cos=+1.00 k=1 lam_top=+0.74 align=1.00
[E7] 1708/3456 (19192s) bert-base-uncased L11H9 sign=-0.96 symD=1 V=push p=1 steps=10180: speed0=9.39e-02 speedT=2.80e-04 cos=+0.03 k=49 lam_top=-0.16 align=0.00
[E7] 1709/3456 (19203s) bert-base-uncased L11H10 sign=+0.60 symD=1 V=full p=0 steps=3778: speed0=8.01e-02 speedT=1.52e-07 cos=+1.00 k=1 lam_top=+0.47 align=1.00
[E7] 1710/3456 (19210s) bert-base-uncased L11H10 sign=+0.60 symD=1 V=full p=1 steps=3218: speed0=8.34e-02 speedT=1.10e-07 cos=+1.00 k=1 lam_top=+0.47 align=1.00
[E7] 1711/3456 (19225s) bert-base-uncased L11H10 sign=+0.60 symD=1 V=sym p=0 steps=3603: speed0=8.75e-02 speedT=2.77e-07 cos=+1.00 k=1 lam_top=+0.74 align=1.00
[E7] 1712/3456 (19234s) bert-base-uncased L11H10 sign=+0.60 symD=1 V=sym p=1 steps=3909: speed0=7.42e-02 speedT=2.74e-07 cos=+1.00 k=1 lam_top=+0.74 align=1.00
[E7] 1713/3456 (19245s) bert-base-uncased L11H10 sign=+0.60 symD=0 V=push p=0 steps=15719: speed0=4.00e-02 speedT=1.00e-03 cos=-0.01 k=2 lam_top=-0.10 align=0.00
[E7] 1714/3456 (19290s) bert-base-uncased L11H10 sign=+0.60 symD=0 V=push p=1 steps=26085: speed0=3.41e-02 speedT=6.44e-04 cos=-0.01 k=2 lam_top=-0.10 align=0.00
[E7] 1715/3456 (19298s) bert-base-uncased L11H10 sign=+0.60 symD=1 V=push p=0 steps=14850: speed0=4.81e-02 speedT=7.86e-04 cos=-0.02 k=14 lam_top=-0.10 align=0.00
[E7] 1716/3456 (19299s) bert-base-uncased L11H10 sign=+0.60 symD=1 V=push p=1 steps=13070: speed0=3.86e-02 speedT=1.25e-04 cos=-0.01 k=3 lam_top=-0.10 align=0.00
[E7] 1717/3456 (19320s) bert-base-uncased L11H11 sign=+0.98 symD=0 V=sym p=0 steps=4159: speed0=9.50e-02 speedT=2.49e-07 cos=+1.00 k=1 lam_top=+0.81 align=1.00
[E7] 1718/3456 (19323s) bert-base-uncased L11H11 sign=+0.98 symD=0 V=sym p=1 steps=4515: speed0=9.38e-02 speedT=2.49e-07 cos=+1.00 k=1 lam_top=+0.81 align=1.00
[E7] 1719/3456 (19359s) bert-base-uncased L11H11 sign=+0.98 symD=0 V=push p=0 steps=9713: speed0=3.35e-02 speedT=1.49e-07 cos=+0.06 k=3 lam_top=-0.08 align=0.00
[E7] 1720/3456 (19363s) bert-base-uncased L11H11 sign=+0.98 symD=0 V=push p=1 steps=9797: speed0=3.20e-02 speedT=1.65e-07 cos=+0.08 k=2 lam_top=-0.08 align=0.00
[E7] 1721/3456 (19367s) bert-base-uncased L11H11 sign=+0.98 symD=0 V=full p=0 steps=29134: speed0=7.40e-02 speedT=4.90e-02 cos=+1.00 k=1 lam_top=+0.59 align=0.98
[E7] 1722/3456 (19395s) bert-base-uncased L11H11 sign=+0.98 symD=1 V=sym p=0 steps=4105: speed0=1.20e-01 speedT=1.93e-07 cos=+1.00 k=1 lam_top=+0.81 align=1.00
[E7] 1723/3456 (19423s) bert-base-uncased L11H11 sign=+0.98 symD=1 V=sym p=1 steps=4514: speed0=1.20e-01 speedT=1.93e-07 cos=+1.00 k=1 lam_top=+0.81 align=1.00
[E7] 1724/3456 (19429s) bert-base-uncased L11H11 sign=+0.98 symD=0 V=full p=1 steps=32044: speed0=7.22e-02 speedT=6.19e-02 cos=+1.00 k=1 lam_top=+0.59 align=0.90
[E7] 1725/3456 (19471s) bert-base-uncased L11H11 sign=+0.98 symD=1 V=push p=0 steps=9966: speed0=3.77e-02 speedT=2.75e-07 cos=-0.01 k=2 lam_top=-0.08 align=0.00
[E7] 1726/3456 (19477s) bert-base-uncased L11H11 sign=+0.98 symD=1 V=push p=1 steps=9921: speed0=3.25e-02 speedT=1.45e-07 cos=-0.01 k=2 lam_top=-0.08 align=0.00
[E7] 1727/3456 (19482s) gpt2 L0H0 sign=+0.77 symD=0 V=full p=0 steps=2768: speed0=2.19e-02 speedT=5.70e-08 cos=+1.00 k=1 lam_top=+0.25 align=1.00
[E7] 1728/3456 (19487s) gpt2 L0H0 sign=+0.77 symD=0 V=full p=1 steps=2677: speed0=2.21e-02 speedT=6.23e-08 cos=+1.00 k=1 lam_top=+0.25 align=1.00
[E7] 1729/3456 (19498s) gpt2 L0H0 sign=+0.77 symD=0 V=sym p=0 steps=3157: speed0=4.63e-02 speedT=2.48e-07 cos=+1.00 k=1 lam_top=+0.63 align=1.00
[E7] 1730/3456 (19504s) gpt2 L0H0 sign=+0.77 symD=0 V=sym p=1 steps=3298: speed0=4.53e-02 speedT=2.04e-07 cos=+1.00 k=1 lam_top=+0.63 align=1.00
[E7] 1731/3456 (19522s) bert-base-uncased L11H11 sign=+0.98 symD=1 V=full p=0 steps=30493: speed0=1.12e-01 speedT=4.85e-02 cos=+1.00 k=1 lam_top=+0.59 align=0.97
[E7] 1732/3456 (19528s) gpt2 L0H0 sign=+0.77 symD=0 V=push p=1 steps=6144: speed0=3.13e-02 speedT=1.58e-07 cos=+0.05 k=2 lam_top=-0.03 align=0.00
[E7] 1733/3456 (19533s) bert-base-uncased L11H11 sign=+0.98 symD=1 V=full p=1 steps=32024: speed0=1.16e-01 speedT=6.19e-02 cos=+1.00 k=1 lam_top=+0.59 align=0.90
[E7] 1734/3456 (19534s) gpt2 L0H0 sign=+0.77 symD=1 V=full p=0 steps=2780: speed0=1.91e-02 speedT=1.27e-07 cos=+1.00 k=1 lam_top=+0.25 align=1.00
[E7] 1735/3456 (19541s) gpt2 L0H0 sign=+0.77 symD=1 V=full p=1 steps=2880: speed0=2.13e-02 speedT=1.26e-07 cos=+1.00 k=1 lam_top=+0.25 align=1.00
[E7] 1736/3456 (19552s) gpt2 L0H0 sign=+0.77 symD=1 V=sym p=0 steps=3085: speed0=4.46e-02 speedT=2.17e-07 cos=+1.00 k=1 lam_top=+0.63 align=1.00
[E7] 1737/3456 (19552s) gpt2 L0H0 sign=+0.77 symD=1 V=sym p=1 steps=3138: speed0=4.51e-02 speedT=2.68e-07 cos=+1.00 k=1 lam_top=+0.63 align=1.00
[E7] 1738/3456 (19566s) gpt2 L0H0 sign=+0.77 symD=1 V=push p=0 steps=5323: speed0=2.87e-02 speedT=8.00e-08 cos=+0.03 k=2 lam_top=-0.03 align=0.00
[E7] 1739/3456 (19570s) gpt2 L0H0 sign=+0.77 symD=0 V=push p=0 steps=18283: speed0=3.10e-02 speedT=1.94e-06 cos=+0.08 k=2 lam_top=-0.03 align=0.00
[E7] 1740/3456 (19581s) gpt2 L0H0 sign=+0.77 symD=1 V=push p=1 steps=6295: speed0=2.81e-02 speedT=1.00e-07 cos=+0.08 k=2 lam_top=-0.03 align=0.00
[E7] 1741/3456 (19622s) gpt2 L0H1 sign=+0.36 symD=0 V=sym p=0 steps=11609: speed0=1.29e-01 speedT=1.66e-07 cos=+0.82 k=2 lam_top=+0.54 align=1.00
[E7] 1742/3456 (19625s) gpt2 L0H1 sign=+0.36 symD=0 V=sym p=1 steps=10311: speed0=1.29e-01 speedT=1.93e-07 cos=+0.88 k=2 lam_top=+0.54 align=1.00
[E7] 1743/3456 (19632s) gpt2 L0H1 sign=+0.36 symD=0 V=push p=0 steps=2327: speed0=8.71e-02 speedT=2.32e-06 cos=+0.56 k=61 lam_top=-0.06 align=0.00
[E7] 1744/3456 (19635s) gpt2 L0H1 sign=+0.36 symD=0 V=push p=1 steps=2327: speed0=8.75e-02 speedT=1.25e-06 cos=+0.58 k=64 lam_top=-0.06 align=0.00
[E7] 1745/3456 (19668s) gpt2 L0H1 sign=+0.36 symD=0 V=full p=0 steps=32628: speed0=1.53e-01 speedT=2.69e-02 cos=+1.00 k=1 lam_top=+0.18 align=1.00
[E7] 1746/3456 (19678s) gpt2 L0H1 sign=+0.36 symD=0 V=full p=1 steps=32592: speed0=1.50e-01 speedT=3.26e-02 cos=+1.00 k=1 lam_top=+0.18 align=1.00
[E7] 1747/3456 (19727s) gpt2 L0H1 sign=+0.36 symD=1 V=sym p=0 steps=10957: speed0=1.27e-01 speedT=3.21e-07 cos=+0.88 k=2 lam_top=+0.54 align=1.00
[E7] 1748/3456 (19735s) gpt2 L0H1 sign=+0.36 symD=1 V=sym p=1 steps=10121: speed0=1.28e-01 speedT=2.86e-07 cos=+0.88 k=2 lam_top=+0.54 align=1.00
[E7] 1749/3456 (19738s) gpt2 L0H1 sign=+0.36 symD=1 V=push p=0 steps=2242: speed0=8.60e-02 speedT=1.11e-06 cos=+0.56 k=61 lam_top=-0.06 align=0.00
[E7] 1750/3456 (19746s) gpt2 L0H1 sign=+0.36 symD=1 V=push p=1 steps=2202: speed0=8.65e-02 speedT=1.09e-06 cos=+0.58 k=64 lam_top=-0.06 align=0.00
[E7] 1751/3456 (19772s) gpt2 L0H1 sign=+0.36 symD=1 V=full p=0 steps=32560: speed0=1.52e-01 speedT=2.68e-02 cos=+1.00 k=1 lam_top=+0.18 align=1.00
[E7] 1752/3456 (19776s) gpt2 L0H1 sign=+0.36 symD=1 V=full p=1 steps=32780: speed0=1.48e-01 speedT=3.31e-02 cos=+1.00 k=1 lam_top=+0.18 align=1.00
[E7] 1753/3456 (19788s) gpt2 L0H2 sign=+0.26 symD=0 V=sym p=0 steps=3267: speed0=4.98e-02 speedT=3.75e-07 cos=+1.00 k=1 lam_top=+0.53 align=1.00
[E7] 1754/3456 (19793s) gpt2 L0H2 sign=+0.26 symD=0 V=sym p=1 steps=3482: speed0=5.24e-02 speedT=3.25e-07 cos=+1.00 k=1 lam_top=+0.53 align=1.00
[E7] 1755/3456 (19794s) gpt2 L0H2 sign=+0.26 symD=0 V=full p=0 steps=15788: speed0=4.29e-02 speedT=7.52e-03 cos=+1.00 k=1 lam_top=+0.11 align=1.00
[E7] 1756/3456 (19799s) gpt2 L0H2 sign=+0.26 symD=0 V=full p=1 steps=15669: speed0=5.09e-02 speedT=9.44e-03 cos=+1.00 k=1 lam_top=+0.11 align=1.00
[E7] 1757/3456 (19803s) gpt2 L0H2 sign=+0.26 symD=0 V=push p=0 steps=4804: speed0=3.64e-02 speedT=1.38e-07 cos=+0.21 k=2 lam_top=-0.04 align=0.00
[E7] 1758/3456 (19809s) gpt2 L0H2 sign=+0.26 symD=0 V=push p=1 steps=4949: speed0=3.76e-02 speedT=1.45e-07 cos=+0.10 k=2 lam_top=-0.04 align=0.00
[E7] 1759/3456 (19820s) gpt2 L0H2 sign=+0.26 symD=1 V=sym p=0 steps=3023: speed0=4.67e-02 speedT=2.47e-07 cos=+1.00 k=1 lam_top=+0.53 align=1.00
[E7] 1760/3456 (19827s) gpt2 L0H2 sign=+0.26 symD=1 V=sym p=1 steps=3075: speed0=4.74e-02 speedT=4.52e-07 cos=+1.00 k=1 lam_top=+0.53 align=1.00
[E7] 1761/3456 (19842s) gpt2 L0H2 sign=+0.26 symD=1 V=push p=0 steps=4723: speed0=3.31e-02 speedT=1.51e-07 cos=+0.03 k=2 lam_top=-0.04 align=0.00
[E7] 1762/3456 (19848s) gpt2 L0H2 sign=+0.26 symD=1 V=push p=1 steps=5060: speed0=3.36e-02 speedT=1.46e-07 cos=+0.08 k=2 lam_top=-0.04 align=0.00
[E7] 1763/3456 (19859s) gpt2 L0H2 sign=+0.26 symD=1 V=full p=0 steps=15647: speed0=3.41e-02 speedT=9.51e-03 cos=+1.00 k=1 lam_top=+0.11 align=1.00
[E7] 1764/3456 (19865s) gpt2 L0H2 sign=+0.26 symD=1 V=full p=1 steps=15337: speed0=3.66e-02 speedT=9.51e-03 cos=+1.00 k=1 lam_top=+0.11 align=1.00
[E7] 1765/3456 (19879s) gpt2 L0H3 sign=+0.67 symD=0 V=sym p=0 steps=4081: speed0=1.17e-01 speedT=2.94e-07 cos=+1.00 k=1 lam_top=+0.59 align=1.00
[E7] 1766/3456 (19885s) gpt2 L0H3 sign=+0.67 symD=0 V=sym p=1 steps=4246: speed0=1.17e-01 speedT=4.66e-07 cos=+1.00 k=1 lam_top=+0.59 align=1.00
[E7] 1767/3456 (19896s) gpt2 L0H3 sign=+0.67 symD=0 V=push p=0 steps=4610: speed0=7.62e-02 speedT=3.94e-04 cos=+0.46 k=63 lam_top=-0.06 align=0.05
[E7] 1768/3456 (19916s) gpt2 L0H3 sign=+0.67 symD=0 V=push p=1 steps=8543: speed0=7.58e-02 speedT=1.73e-03 cos=+0.34 k=64 lam_top=-0.06 align=0.02
[E7] 1769/3456 (19951s) gpt2 L0H3 sign=+0.67 symD=0 V=full p=1 steps=28882: speed0=1.46e-01 speedT=7.12e-03 cos=+1.00 k=1 lam_top=+0.27 align=1.00
[E7] 1770/3456 (19962s) gpt2 L0H3 sign=+0.67 symD=0 V=full p=0 steps=33910: speed0=1.43e-01 speedT=1.09e-02 cos=+1.00 k=1 lam_top=+0.27 align=0.99
[E7] 1771/3456 (19977s) gpt2 L0H3 sign=+0.67 symD=1 V=sym p=0 steps=4514: speed0=1.18e-01 speedT=2.58e-07 cos=+1.00 k=1 lam_top=+0.59 align=1.00
[E7] 1772/3456 (19989s) gpt2 L0H3 sign=+0.67 symD=1 V=sym p=1 steps=4582: speed0=1.17e-01 speedT=2.24e-07 cos=+1.00 k=1 lam_top=+0.59 align=1.00
[E7] 1773/3456 (19990s) gpt2 L0H3 sign=+0.67 symD=1 V=push p=0 steps=2642: speed0=7.22e-02 speedT=2.53e-05 cos=+0.55 k=61 lam_top=-0.06 align=0.00
[E7] 1774/3456 (20001s) gpt2 L0H3 sign=+0.67 symD=1 V=push p=1 steps=2346: speed0=7.23e-02 speedT=2.62e-05 cos=+0.57 k=64 lam_top=-0.06 align=0.00
[E7] 1775/3456 (20048s) gpt2 L0H3 sign=+0.67 symD=1 V=full p=1 steps=30972: speed0=1.36e-01 speedT=8.14e-03 cos=+1.00 k=1 lam_top=+0.27 align=0.99
[E7] 1776/3456 (20051s) gpt2 L0H4 sign=+0.84 symD=0 V=full p=0 steps=17697: speed0=8.68e-02 speedT=2.73e-02 cos=+1.00 k=1 lam_top=+0.29 align=1.00
[E7] 1777/3456 (20057s) gpt2 L0H4 sign=+0.84 symD=0 V=full p=1 steps=16475: speed0=8.14e-02 speedT=2.93e-02 cos=+1.00 k=1 lam_top=+0.29 align=1.00
[E7] 1778/3456 (20064s) gpt2 L0H3 sign=+0.67 symD=1 V=full p=0 steps=39334: speed0=1.33e-01 speedT=1.84e-02 cos=+1.00 k=1 lam_top=+0.27 align=0.97
[E7] 1779/3456 (20069s) gpt2 L0H4 sign=+0.84 symD=0 V=sym p=0 steps=4638: speed0=9.65e-02 speedT=3.44e-07 cos=+1.00 k=1 lam_top=+0.54 align=1.00
[E7] 1780/3456 (20074s) gpt2 L0H4 sign=+0.84 symD=0 V=sym p=1 steps=4647: speed0=9.72e-02 speedT=2.35e-07 cos=+1.00 k=1 lam_top=+0.54 align=1.00
[E7] 1781/3456 (20094s) gpt2 L0H4 sign=+0.84 symD=0 V=push p=0 steps=9962: speed0=7.31e-02 speedT=1.53e-03 cos=+0.26 k=52 lam_top=-0.06 align=0.02
[E7] 1782/3456 (20133s) gpt2 L0H4 sign=+0.84 symD=1 V=sym p=0 steps=7049: speed0=8.53e-02 speedT=3.22e-07 cos=+1.00 k=1 lam_top=+0.54 align=1.00
[E7] 1783/3456 (20135s) gpt2 L0H4 sign=+0.84 symD=1 V=full p=1 steps=16719: speed0=7.30e-02 speedT=2.89e-02 cos=+1.00 k=1 lam_top=+0.29 align=1.00
[E7] 1784/3456 (20139s) gpt2 L0H4 sign=+0.84 symD=1 V=full p=0 steps=18514: speed0=7.15e-02 speedT=2.86e-02 cos=+1.00 k=1 lam_top=+0.29 align=1.00
[E7] 1785/3456 (20158s) gpt2 L0H4 sign=+0.84 symD=1 V=sym p=1 steps=4436: speed0=8.71e-02 speedT=2.65e-07 cos=+1.00 k=1 lam_top=+0.54 align=1.00
[E7] 1786/3456 (20164s) gpt2 L0H4 sign=+0.84 symD=1 V=push p=1 steps=5597: speed0=6.10e-02 speedT=2.74e-04 cos=+0.37 k=61 lam_top=-0.06 align=0.00
[E7] 1787/3456 (20166s) gpt2 L0H4 sign=+0.84 symD=1 V=push p=0 steps=7025: speed0=6.03e-02 speedT=4.20e-04 cos=+0.29 k=58 lam_top=-0.06 align=0.00
[E7] 1788/3456 (20170s) gpt2 L0H4 sign=+0.84 symD=0 V=push p=1 steps=31346: speed0=7.31e-02 speedT=4.66e-03 cos=+0.15 k=31 lam_top=-0.06 align=0.01
[E7] 1789/3456 (20218s) gpt2 L0H5 sign=+0.56 symD=0 V=sym p=0 steps=10684: speed0=1.32e-01 speedT=2.25e-07 cos=+0.10 k=2 lam_top=+0.56 align=1.00
[E7] 1790/3456 (20219s) gpt2 L0H5 sign=+0.56 symD=0 V=sym p=1 steps=9710: speed0=1.34e-01 speedT=2.44e-07 cos=+0.82 k=2 lam_top=+0.56 align=1.00
[E7] 1791/3456 (20227s) gpt2 L0H5 sign=+0.56 symD=0 V=push p=0 steps=2432: speed0=8.48e-02 speedT=4.39e-05 cos=+0.55 k=61 lam_top=-0.07 align=0.00
[E7] 1792/3456 (20229s) gpt2 L0H5 sign=+0.56 symD=0 V=push p=1 steps=2865: speed0=8.46e-02 speedT=1.36e-05 cos=+0.56 k=64 lam_top=-0.07 align=0.00
[E7] 1793/3456 (20271s) gpt2 L0H5 sign=+0.56 symD=0 V=full p=0 steps=32476: speed0=1.66e-01 speedT=1.92e-02 cos=+1.00 k=1 lam_top=+0.25 align=1.00
[E7] 1794/3456 (20286s) gpt2 L0H5 sign=+0.56 symD=0 V=full p=1 steps=33714: speed0=1.68e-01 speedT=1.71e-02 cos=+1.00 k=1 lam_top=+0.25 align=1.00
[E7] 1795/3456 (20340s) gpt2 L0H5 sign=+0.56 symD=1 V=sym p=0 steps=11393: speed0=1.31e-01 speedT=2.99e-07 cos=+0.10 k=2 lam_top=+0.56 align=1.00
[E7] 1796/3456 (20344s) gpt2 L0H5 sign=+0.56 symD=1 V=sym p=1 steps=9830: speed0=1.34e-01 speedT=3.78e-07 cos=+0.82 k=2 lam_top=+0.56 align=1.00
[E7] 1797/3456 (20350s) gpt2 L0H5 sign=+0.56 symD=1 V=push p=0 steps=1919: speed0=8.52e-02 speedT=5.25e-06 cos=+0.55 k=61 lam_top=-0.07 align=0.00
[E7] 1798/3456 (20353s) gpt2 L0H5 sign=+0.56 symD=1 V=push p=1 steps=1857: speed0=8.42e-02 speedT=3.83e-06 cos=+0.56 k=64 lam_top=-0.07 align=0.00
[E7] 1799/3456 (20367s) gpt2 L0H6 sign=+0.85 symD=0 V=full p=0 steps=4370: speed0=7.06e-02 speedT=3.12e-11 cos=+1.00 k=1 lam_top=+0.13 align=1.00
[E7] 1800/3456 (20369s) gpt2 L0H6 sign=+0.85 symD=0 V=full p=1 steps=4210: speed0=7.37e-02 speedT=2.37e-11 cos=+1.00 k=1 lam_top=+0.13 align=1.00
[E7] 1801/3456 (20372s) gpt2 L0H5 sign=+0.56 symD=1 V=full p=0 steps=32775: speed0=1.67e-01 speedT=2.00e-02 cos=+1.00 k=1 lam_top=+0.25 align=1.00
[E7] 1802/3456 (20381s) gpt2 L0H6 sign=+0.85 symD=0 V=sym p=0 steps=2975: speed0=4.35e-02 speedT=3.34e-07 cos=+1.00 k=1 lam_top=+0.47 align=1.00
[E7] 1803/3456 (20383s) gpt2 L0H5 sign=+0.56 symD=1 V=full p=1 steps=34093: speed0=1.69e-01 speedT=1.74e-02 cos=+1.00 k=1 lam_top=+0.25 align=1.00
[E7] 1804/3456 (20383s) gpt2 L0H6 sign=+0.85 symD=0 V=sym p=1 steps=2953: speed0=4.50e-02 speedT=2.63e-07 cos=+1.00 k=1 lam_top=+0.47 align=1.00
[E7] 1805/3456 (20387s) gpt2 L0H6 sign=+0.85 symD=0 V=push p=0 steps=3863: speed0=3.48e-02 speedT=1.58e-07 cos=-0.02 k=2 lam_top=-0.02 align=0.00
[E7] 1806/3456 (20395s) gpt2 L0H6 sign=+0.85 symD=0 V=push p=1 steps=3673: speed0=3.14e-02 speedT=1.58e-07 cos=-0.01 k=2 lam_top=-0.02 align=0.00
[E7] 1807/3456 (20402s) gpt2 L0H6 sign=+0.85 symD=1 V=full p=0 steps=4314: speed0=7.20e-02 speedT=2.95e-11 cos=+1.00 k=1 lam_top=+0.13 align=1.00
[E7] 1808/3456 (20402s) gpt2 L0H6 sign=+0.85 symD=1 V=full p=1 steps=4217: speed0=7.36e-02 speedT=2.36e-11 cos=+1.00 k=1 lam_top=+0.13 align=1.00
[E7] 1809/3456 (20405s) gpt2 L0H6 sign=+0.85 symD=1 V=sym p=0 steps=2959: speed0=4.19e-02 speedT=2.45e-07 cos=+1.00 k=1 lam_top=+0.47 align=1.00
[E7] 1810/3456 (20412s) gpt2 L0H6 sign=+0.85 symD=1 V=sym p=1 steps=2930: speed0=4.35e-02 speedT=3.42e-07 cos=+1.00 k=1 lam_top=+0.47 align=1.00
[E7] 1811/3456 (20419s) gpt2 L0H6 sign=+0.85 symD=1 V=push p=1 steps=3578: speed0=2.64e-02 speedT=1.58e-07 cos=-0.01 k=2 lam_top=-0.02 align=0.00
[E7] 1812/3456 (20420s) gpt2 L0H6 sign=+0.85 symD=1 V=push p=0 steps=3595: speed0=2.86e-02 speedT=1.58e-07 cos=-0.01 k=2 lam_top=-0.02 align=0.00
[E7] 1813/3456 (20432s) gpt2 L0H7 sign=+0.41 symD=0 V=sym p=0 steps=3080: speed0=9.40e-02 speedT=2.03e-07 cos=+1.00 k=1 lam_top=+0.51 align=1.00
[E7] 1814/3456 (20434s) gpt2 L0H7 sign=+0.41 symD=0 V=sym p=1 steps=3144: speed0=9.69e-02 speedT=3.49e-07 cos=+1.00 k=1 lam_top=+0.51 align=1.00
[E7] 1815/3456 (20478s) gpt2 L0H7 sign=+0.41 symD=0 V=full p=0 steps=20950: speed0=1.15e-01 speedT=4.53e-02 cos=+1.00 k=1 lam_top=+0.17 align=0.99
[E7] 1816/3456 (20487s) gpt2 L0H7 sign=+0.41 symD=0 V=full p=1 steps=21906: speed0=1.12e-01 speedT=5.28e-02 cos=+1.00 k=1 lam_top=+0.17 align=0.97
[E7] 1817/3456 (20516s) gpt2 L0H7 sign=+0.41 symD=0 V=push p=0 steps=23174: speed0=5.45e-02 speedT=5.34e-05 cos=+0.03 k=25 lam_top=-0.07 align=0.00
[E7] 1818/3456 (20528s) gpt2 L0H7 sign=+0.41 symD=0 V=push p=1 steps=26322: speed0=5.67e-02 speedT=1.28e-04 cos=+0.12 k=12 lam_top=-0.07 align=0.00
[E7] 1819/3456 (20535s) gpt2 L0H7 sign=+0.41 symD=1 V=sym p=0 steps=3202: speed0=6.88e-02 speedT=1.84e-07 cos=+1.00 k=1 lam_top=+0.51 align=1.00
[E7] 1820/3456 (20545s) gpt2 L0H7 sign=+0.41 symD=1 V=sym p=1 steps=3210: speed0=7.06e-02 speedT=3.52e-07 cos=+1.00 k=1 lam_top=+0.51 align=1.00
[E7] 1821/3456 (20559s) gpt2 L0H7 sign=+0.41 symD=1 V=full p=0 steps=20119: speed0=8.48e-02 speedT=5.07e-02 cos=+1.00 k=1 lam_top=+0.17 align=0.99
[E7] 1822/3456 (20568s) gpt2 L0H8 sign=+0.24 symD=0 V=full p=0 steps=3012: speed0=6.55e-02 speedT=3.44e-11 cos=+1.00 k=1 lam_top=+0.09 align=1.00
[E7] 1823/3456 (20570s) gpt2 L0H7 sign=+0.41 symD=1 V=full p=1 steps=20928: speed0=8.09e-02 speedT=4.65e-02 cos=+1.00 k=1 lam_top=+0.17 align=0.99
[E7] 1824/3456 (20579s) gpt2 L0H8 sign=+0.24 symD=0 V=full p=1 steps=3004: speed0=6.53e-02 speedT=2.56e-11 cos=+1.00 k=1 lam_top=+0.09 align=1.00
[E7] 1825/3456 (20584s) gpt2 L0H8 sign=+0.24 symD=0 V=sym p=0 steps=2851: speed0=4.76e-02 speedT=2.61e-07 cos=+1.00 k=1 lam_top=+0.53 align=1.00
[E7] 1826/3456 (20592s) gpt2 L0H8 sign=+0.24 symD=0 V=sym p=1 steps=2820: speed0=4.77e-02 speedT=2.21e-07 cos=+1.00 k=1 lam_top=+0.53 align=1.00
[E7] 1827/3456 (20605s) gpt2 L0H7 sign=+0.41 symD=1 V=push p=0 steps=16378: speed0=4.34e-02 speedT=1.03e-07 cos=+0.01 k=3 lam_top=-0.07 align=0.00
[E7] 1828/3456 (20616s) gpt2 L0H7 sign=+0.41 symD=1 V=push p=1 steps=16092: speed0=4.34e-02 speedT=5.73e-04 cos=-0.01 k=3 lam_top=-0.07 align=0.00
[E7] 1829/3456 (20617s) gpt2 L0H8 sign=+0.24 symD=0 V=push p=1 steps=6548: speed0=3.20e-02 speedT=1.07e-04 cos=-0.01 k=13 lam_top=-0.02 align=0.00
[E7] 1830/3456 (20617s) gpt2 L0H8 sign=+0.24 symD=1 V=full p=0 steps=2944: speed0=6.47e-02 speedT=4.02e-11 cos=+1.00 k=1 lam_top=+0.09 align=1.00
[E7] 1831/3456 (20628s) gpt2 L0H8 sign=+0.24 symD=1 V=full p=1 steps=2979: speed0=6.47e-02 speedT=3.51e-11 cos=+1.00 k=1 lam_top=+0.09 align=1.00
[E7] 1832/3456 (20631s) gpt2 L0H8 sign=+0.24 symD=1 V=sym p=0 steps=2875: speed0=4.31e-02 speedT=2.43e-07 cos=+1.00 k=1 lam_top=+0.53 align=1.00
[E7] 1833/3456 (20632s) gpt2 L0H8 sign=+0.24 symD=0 V=push p=0 steps=13588: speed0=3.09e-02 speedT=3.09e-04 cos=-0.01 k=7 lam_top=-0.02 align=0.00
[E7] 1834/3456 (20633s) gpt2 L0H8 sign=+0.24 symD=1 V=sym p=1 steps=2896: speed0=4.38e-02 speedT=4.07e-07 cos=+1.00 k=1 lam_top=+0.53 align=1.00
[E7] 1835/3456 (20678s) gpt2 L0H9 sign=+0.03 symD=0 V=full p=0 steps=13523: speed0=8.58e-02 speedT=1.46e-02 cos=+1.00 k=1 lam_top=+0.12 align=1.00
[E7] 1836/3456 (20678s) gpt2 L0H9 sign=+0.03 symD=0 V=full p=1 steps=13567: speed0=8.85e-02 speedT=1.36e-02 cos=+1.00 k=1 lam_top=+0.12 align=1.00
[E7] 1837/3456 (20695s) gpt2 L0H9 sign=+0.03 symD=0 V=sym p=0 steps=3231: speed0=6.59e-02 speedT=1.73e-07 cos=+1.00 k=1 lam_top=+0.47 align=1.00
[E7] 1838/3456 (20695s) gpt2 L0H9 sign=+0.03 symD=0 V=sym p=1 steps=3257: speed0=6.78e-02 speedT=1.76e-07 cos=+1.00 k=1 lam_top=+0.47 align=1.00
[E7] 1839/3456 (20713s) gpt2 L0H8 sign=+0.24 symD=1 V=push p=0 steps=19887: speed0=2.76e-02 speedT=2.69e-04 cos=-0.01 k=6 lam_top=-0.02 align=0.00
[E7] 1840/3456 (20736s) gpt2 L0H9 sign=+0.03 symD=0 V=push p=0 steps=11257: speed0=2.93e-02 speedT=1.34e-03 cos=-0.02 k=5 lam_top=-0.02 align=0.00
[E7] 1841/3456 (20762s) gpt2 L0H9 sign=+0.03 symD=0 V=push p=1 steps=17545: speed0=2.93e-02 speedT=1.43e-03 cos=-0.01 k=8 lam_top=-0.02 align=0.00
[E7] 1842/3456 (20771s) gpt2 L0H9 sign=+0.03 symD=1 V=full p=0 steps=13487: speed0=8.29e-02 speedT=1.62e-02 cos=+1.00 k=1 lam_top=+0.12 align=1.00
[E7] 1843/3456 (20781s) gpt2 L0H9 sign=+0.03 symD=1 V=sym p=0 steps=3281: speed0=6.23e-02 speedT=2.51e-07 cos=+1.00 k=1 lam_top=+0.47 align=1.00
[E7] 1844/3456 (20791s) gpt2 L0H9 sign=+0.03 symD=1 V=sym p=1 steps=3289: speed0=6.41e-02 speedT=3.23e-07 cos=+1.00 k=1 lam_top=+0.47 align=1.00
[E7] 1845/3456 (20796s) gpt2 L0H9 sign=+0.03 symD=1 V=full p=1 steps=13535: speed0=8.59e-02 speedT=1.52e-02 cos=+1.00 k=1 lam_top=+0.12 align=1.00
[E7] 1846/3456 (20806s) gpt2 L0H8 sign=+0.24 symD=1 V=push p=1 steps=38797: speed0=2.95e-02 speedT=5.70e-03 cos=-0.00 k=3 lam_top=-0.02 align=0.00
[E7] 1847/3456 (20830s) gpt2 L0H10 sign=+0.36 symD=0 V=full p=0 steps=9222: speed0=4.84e-02 speedT=9.65e-04 cos=+1.00 k=1 lam_top=+0.11 align=1.00
[E7] 1848/3456 (20842s) gpt2 L0H10 sign=+0.36 symD=0 V=full p=1 steps=9705: speed0=4.98e-02 speedT=1.15e-03 cos=+1.00 k=1 lam_top=+0.11 align=1.00
[E7] 1849/3456 (20848s) gpt2 L0H10 sign=+0.36 symD=0 V=sym p=0 steps=3405: speed0=5.82e-02 speedT=2.78e-07 cos=+1.00 k=1 lam_top=+0.50 align=1.00
[E7] 1850/3456 (20856s) gpt2 L0H9 sign=+0.03 symD=1 V=push p=0 steps=16105: speed0=2.79e-02 speedT=1.50e-04 cos=+0.00 k=28 lam_top=-0.02 align=0.00
[E7] 1851/3456 (20858s) gpt2 L0H10 sign=+0.36 symD=0 V=push p=0 steps=1870: speed0=4.28e-02 speedT=2.00e-05 cos=+0.57 k=61 lam_top=-0.03 align=0.00
[E7] 1852/3456 (20858s) gpt2 L0H10 sign=+0.36 symD=0 V=sym p=1 steps=3456: speed0=5.79e-02 speedT=3.41e-07 cos=+1.00 k=1 lam_top=+0.50 align=1.00
[E7] 1853/3456 (20862s) gpt2 L0H10 sign=+0.36 symD=0 V=push p=1 steps=1989: speed0=4.31e-02 speedT=2.24e-05 cos=+0.59 k=64 lam_top=-0.03 align=0.00
[E7] 1854/3456 (20882s) gpt2 L0H10 sign=+0.36 symD=1 V=sym p=0 steps=3310: speed0=5.24e-02 speedT=3.15e-07 cos=+1.00 k=1 lam_top=+0.50 align=1.00
[E7] 1855/3456 (20889s) gpt2 L0H9 sign=+0.03 symD=1 V=push p=1 steps=20903: speed0=2.83e-02 speedT=4.53e-03 cos=-0.02 k=27 lam_top=-0.02 align=0.00
[E7] 1856/3456 (20895s) gpt2 L0H10 sign=+0.36 symD=1 V=full p=0 steps=8746: speed0=4.11e-02 speedT=8.10e-04 cos=+1.00 k=1 lam_top=+0.11 align=1.00
[E7] 1857/3456 (20898s) gpt2 L0H10 sign=+0.36 symD=1 V=full p=1 steps=8714: speed0=4.32e-02 speedT=7.63e-04 cos=+1.00 k=1 lam_top=+0.11 align=1.00
[E7] 1858/3456 (20898s) gpt2 L0H10 sign=+0.36 symD=1 V=push p=0 steps=1742: speed0=3.70e-02 speedT=1.58e-05 cos=+0.57 k=61 lam_top=-0.03 align=0.00
[E7] 1859/3456 (20902s) gpt2 L0H10 sign=+0.36 symD=1 V=sym p=1 steps=3425: speed0=5.19e-02 speedT=2.93e-07 cos=+1.00 k=1 lam_top=+0.50 align=1.00
[E7] 1860/3456 (20904s) gpt2 L0H10 sign=+0.36 symD=1 V=push p=1 steps=1752: speed0=3.72e-02 speedT=1.72e-05 cos=+0.59 k=64 lam_top=-0.03 align=0.00
[E7] 1861/3456 (20909s) gpt2 L0H11 sign=+0.16 symD=0 V=full p=0 steps=3138: speed0=1.25e-01 speedT=4.04e-08 cos=+1.00 k=1 lam_top=+0.25 align=1.00
[E7] 1862/3456 (20911s) gpt2 L0H11 sign=+0.16 symD=0 V=full p=1 steps=3513: speed0=1.26e-01 speedT=4.04e-08 cos=+1.00 k=1 lam_top=+0.25 align=1.00
[E7] 1863/3456 (20922s) gpt2 L0H11 sign=+0.16 symD=0 V=sym p=0 steps=3755: speed0=8.38e-02 speedT=2.09e-07 cos=+1.00 k=1 lam_top=+0.60 align=1.00
[E7] 1864/3456 (20924s) gpt2 L0H11 sign=+0.16 symD=0 V=sym p=1 steps=3861: speed0=8.46e-02 speedT=2.44e-07 cos=+1.00 k=1 lam_top=+0.60 align=1.00
[E7] 1865/3456 (20934s) gpt2 L0H11 sign=+0.16 symD=1 V=full p=0 steps=3096: speed0=1.20e-01 speedT=4.04e-08 cos=+1.00 k=1 lam_top=+0.25 align=1.00
[E7] 1866/3456 (20939s) gpt2 L0H11 sign=+0.16 symD=1 V=full p=1 steps=3412: speed0=1.20e-01 speedT=4.04e-08 cos=+1.00 k=1 lam_top=+0.25 align=1.00
[E7] 1867/3456 (20939s) gpt2 L0H11 sign=+0.16 symD=0 V=push p=1 steps=7464: speed0=4.95e-02 speedT=4.35e-04 cos=-0.01 k=4 lam_top=-0.02 align=0.00
[E7] 1868/3456 (20942s) gpt2 L0H11 sign=+0.16 symD=0 V=push p=0 steps=8724: speed0=4.96e-02 speedT=2.63e-04 cos=-0.01 k=11 lam_top=-0.02 align=0.00
[E7] 1869/3456 (20955s) gpt2 L0H11 sign=+0.16 symD=1 V=sym p=0 steps=3621: speed0=8.09e-02 speedT=2.18e-07 cos=+1.00 k=1 lam_top=+0.60 align=1.00
[E7] 1870/3456 (20959s) gpt2 L0H11 sign=+0.16 symD=1 V=sym p=1 steps=3694: speed0=8.11e-02 speedT=2.09e-07 cos=+1.00 k=1 lam_top=+0.60 align=1.00
[E7] 1871/3456 (20978s) gpt2 L1H0 sign=-0.45 symD=0 V=full p=0 steps=6486: speed0=5.12e-02 speedT=6.19e-06 cos=+1.00 k=1 lam_top=+0.13 align=1.00
[E7] 1872/3456 (20991s) gpt2 L1H0 sign=-0.45 symD=0 V=sym p=0 steps=2627: speed0=1.85e-01 speedT=3.83e-07 cos=+1.00 k=1 lam_top=+0.49 align=1.00
[E7] 1873/3456 (21004s) gpt2 L1H0 sign=-0.45 symD=0 V=sym p=1 steps=2715: speed0=1.87e-01 speedT=2.30e-07 cos=+1.00 k=1 lam_top=+0.49 align=1.00
[E7] 1874/3456 (21006s) gpt2 L1H0 sign=-0.45 symD=0 V=full p=1 steps=13335: speed0=6.20e-02 speedT=6.34e-04 cos=+1.00 k=1 lam_top=+0.13 align=1.00
[E7] 1875/3456 (21011s) gpt2 L0H11 sign=+0.16 symD=1 V=push p=1 steps=15385: speed0=4.41e-02 speedT=1.52e-04 cos=-0.01 k=14 lam_top=-0.02 align=0.00
[E7] 1876/3456 (21013s) gpt2 L0H11 sign=+0.16 symD=1 V=push p=0 steps=16657: speed0=4.32e-02 speedT=2.13e-04 cos=-0.01 k=16 lam_top=-0.02 align=0.03
[E7] 1877/3456 (21027s) gpt2 L1H0 sign=-0.45 symD=0 V=push p=0 steps=6174: speed0=1.29e-01 speedT=3.42e-07 cos=+0.18 k=2 lam_top=-0.13 align=0.00
[E7] 1878/3456 (21030s) gpt2 L1H0 sign=-0.45 symD=0 V=push p=1 steps=6812: speed0=1.33e-01 speedT=3.35e-07 cos=+0.21 k=2 lam_top=-0.13 align=0.00
[E7] 1879/3456 (21033s) gpt2 L1H0 sign=-0.45 symD=1 V=full p=0 steps=5844: speed0=3.89e-02 speedT=7.59e-06 cos=+1.00 k=1 lam_top=+0.13 align=1.00
[E7] 1880/3456 (21043s) gpt2 L1H0 sign=-0.45 symD=1 V=full p=1 steps=7947: speed0=4.90e-02 speedT=1.87e-05 cos=+1.00 k=1 lam_top=+0.13 align=1.00
[E7] 1881/3456 (21043s) gpt2 L1H0 sign=-0.45 symD=1 V=sym p=0 steps=2617: speed0=1.96e-01 speedT=2.45e-07 cos=+1.00 k=1 lam_top=+0.49 align=1.00
[E7] 1882/3456 (21044s) gpt2 L1H0 sign=-0.45 symD=1 V=sym p=1 steps=2736: speed0=1.87e-01 speedT=2.37e-07 cos=+1.00 k=1 lam_top=+0.49 align=1.00
[E7] 1883/3456 (21054s) gpt2 L1H1 sign=-0.65 symD=0 V=full p=0 steps=3243: speed0=5.08e-02 speedT=1.19e-07 cos=+1.00 k=1 lam_top=+0.25 align=1.00
[E7] 1884/3456 (21056s) gpt2 L1H1 sign=-0.65 symD=0 V=full p=1 steps=3728: speed0=5.84e-02 speedT=1.21e-07 cos=+1.00 k=1 lam_top=+0.25 align=1.00
[E7] 1885/3456 (21062s) gpt2 L1H0 sign=-0.45 symD=1 V=push p=0 steps=7537: speed0=1.36e-01 speedT=1.98e-07 cos=+0.46 k=2 lam_top=-0.13 align=0.00
[E7] 1886/3456 (21065s) gpt2 L1H1 sign=-0.65 symD=0 V=sym p=0 steps=3035: speed0=1.74e-01 speedT=2.10e-07 cos=+1.00 k=1 lam_top=+0.47 align=1.00
[E7] 1887/3456 (21071s) gpt2 L1H1 sign=-0.65 symD=0 V=sym p=1 steps=3019: speed0=1.72e-01 speedT=2.14e-07 cos=+1.00 k=1 lam_top=+0.47 align=1.00
[E7] 1888/3456 (21082s) gpt2 L1H0 sign=-0.45 symD=1 V=push p=1 steps=10295: speed0=1.35e-01 speedT=2.38e-07 cos=+0.79 k=3 lam_top=-0.13 align=0.00
[E7] 1889/3456 (21089s) gpt2 L1H1 sign=-0.65 symD=1 V=full p=0 steps=4194: speed0=4.79e-02 speedT=1.22e-07 cos=+1.00 k=1 lam_top=+0.25 align=1.00
[E7] 1890/3456 (21099s) gpt2 L1H1 sign=-0.65 symD=1 V=full p=1 steps=3738: speed0=4.76e-02 speedT=1.11e-07 cos=+1.00 k=1 lam_top=+0.25 align=1.00
[E7] 1891/3456 (21106s) gpt2 L1H1 sign=-0.65 symD=1 V=sym p=0 steps=3023: speed0=1.87e-01 speedT=3.04e-07 cos=+1.00 k=1 lam_top=+0.47 align=1.00
[E7] 1892/3456 (21115s) gpt2 L1H1 sign=-0.65 symD=1 V=sym p=1 steps=3049: speed0=1.70e-01 speedT=3.08e-07 cos=+1.00 k=1 lam_top=+0.47 align=1.00
[E7] 1893/3456 (21132s) gpt2 L1H1 sign=-0.65 symD=0 V=push p=0 steps=19586: speed0=1.26e-01 speedT=4.17e-04 cos=-0.01 k=15 lam_top=-0.04 align=0.00
[E7] 1894/3456 (21144s) gpt2 L1H2 sign=-0.53 symD=0 V=full p=0 steps=3387: speed0=1.15e-01 speedT=2.35e-08 cos=+1.00 k=1 lam_top=+0.11 align=1.00
[E7] 1895/3456 (21158s) gpt2 L1H2 sign=-0.53 symD=0 V=full p=1 steps=3367: speed0=1.16e-01 speedT=1.87e-09 cos=+1.00 k=1 lam_top=+0.11 align=1.00
[E7] 1896/3456 (21163s) gpt2 L1H1 sign=-0.65 symD=1 V=push p=0 steps=11866: speed0=1.36e-01 speedT=8.13e-04 cos=+0.07 k=64 lam_top=-0.04 align=0.01
[E7] 1897/3456 (21165s) gpt2 L1H1 sign=-0.65 symD=1 V=push p=1 steps=10362: speed0=1.23e-01 speedT=2.96e-04 cos=+0.08 k=63 lam_top=-0.04 align=0.01
[E7] 1898/3456 (21176s) gpt2 L1H2 sign=-0.53 symD=0 V=sym p=0 steps=3473: speed0=1.74e-01 speedT=3.36e-07 cos=+1.00 k=1 lam_top=+0.47 align=1.00
[E7] 1899/3456 (21180s) gpt2 L1H2 sign=-0.53 symD=0 V=sym p=1 steps=3460: speed0=1.74e-01 speedT=3.07e-07 cos=+1.00 k=1 lam_top=+0.47 align=1.00
[E7] 1900/3456 (21193s) gpt2 L1H2 sign=-0.53 symD=1 V=full p=0 steps=3312: speed0=1.01e-01 speedT=6.78e-10 cos=+1.00 k=1 lam_top=+0.11 align=1.00
[E7] 1901/3456 (21207s) gpt2 L1H2 sign=-0.53 symD=1 V=full p=1 steps=3294: speed0=1.02e-01 speedT=1.73e-07 cos=+1.00 k=1 lam_top=+0.11 align=1.00
[E7] 1902/3456 (21220s) gpt2 L1H2 sign=-0.53 symD=0 V=push p=0 steps=15126: speed0=9.09e-02 speedT=1.37e-03 cos=+0.71 k=62 lam_top=-0.01 align=0.01
[E7] 1903/3456 (21225s) gpt2 L1H2 sign=-0.53 symD=1 V=sym p=0 steps=3462: speed0=1.67e-01 speedT=2.58e-07 cos=+1.00 k=1 lam_top=+0.47 align=1.00
[E7] 1904/3456 (21238s) gpt2 L1H2 sign=-0.53 symD=1 V=sym p=1 steps=3443: speed0=1.67e-01 speedT=2.45e-07 cos=+1.00 k=1 lam_top=+0.47 align=1.00
[E7] 1905/3456 (21249s) gpt2 L1H2 sign=-0.53 symD=0 V=push p=1 steps=20937: speed0=9.07e-02 speedT=1.61e-04 cos=+0.88 k=60 lam_top=-0.01 align=0.01
[E7] 1906/3456 (21259s) gpt2 L1H3 sign=-0.81 symD=0 V=full p=0 steps=2568: speed0=1.99e-01 speedT=4.00e-08 cos=+1.00 k=1 lam_top=+0.17 align=1.00
[E7] 1907/3456 (21268s) gpt2 L1H3 sign=-0.81 symD=0 V=full p=1 steps=2566: speed0=1.99e-01 speedT=4.00e-08 cos=+1.00 k=1 lam_top=+0.17 align=1.00
[E7] 1908/3456 (21272s) gpt2 L1H2 sign=-0.53 symD=1 V=push p=1 steps=7188: speed0=8.62e-02 speedT=3.36e-05 cos=+0.66 k=63 lam_top=-0.01 align=0.01
[E7] 1909/3456 (21284s) gpt2 L1H3 sign=-0.81 symD=0 V=sym p=0 steps=2862: speed0=2.09e-01 speedT=2.49e-07 cos=+1.00 k=1 lam_top=+0.55 align=1.00
[E7] 1910/3456 (21287s) gpt2 L1H3 sign=-0.81 symD=0 V=sym p=1 steps=2826: speed0=2.06e-01 speedT=2.03e-07 cos=+1.00 k=1 lam_top=+0.55 align=1.00
[E7] 1911/3456 (21298s) gpt2 L1H1 sign=-0.65 symD=0 V=push p=1 steps=62298: speed0=1.25e-01 speedT=1.10e-03 cos=-0.02 k=9 lam_top=-0.04 align=0.02
[E7] 1912/3456 (21306s) gpt2 L1H3 sign=-0.81 symD=0 V=push p=0 steps=5333: speed0=1.16e-01 speedT=5.47e-04 cos=+0.75 k=59 lam_top=-0.02 align=0.12
[E7] 1913/3456 (21309s) gpt2 L1H3 sign=-0.81 symD=1 V=full p=0 steps=2607: speed0=2.04e-01 speedT=4.00e-08 cos=+1.00 k=1 lam_top=+0.17 align=1.00
[E7] 1914/3456 (21310s) gpt2 L1H3 sign=-0.81 symD=0 V=push p=1 steps=6091: speed0=1.12e-01 speedT=1.39e-03 cos=+0.74 k=62 lam_top=-0.02 align=0.15
[E7] 1915/3456 (21317s) gpt2 L1H3 sign=-0.81 symD=1 V=full p=1 steps=2604: speed0=2.03e-01 speedT=4.00e-08 cos=+1.00 k=1 lam_top=+0.17 align=1.00
[E7] 1916/3456 (21326s) gpt2 L1H3 sign=-0.81 symD=1 V=sym p=0 steps=2928: speed0=2.07e-01 speedT=2.31e-07 cos=+1.00 k=1 lam_top=+0.55 align=1.00
[E7] 1917/3456 (21329s) gpt2 L1H3 sign=-0.81 symD=1 V=sym p=1 steps=2907: speed0=2.03e-01 speedT=2.48e-07 cos=+1.00 k=1 lam_top=+0.55 align=1.00
[E7] 1918/3456 (21332s) gpt2 L1H3 sign=-0.81 symD=1 V=push p=0 steps=3020: speed0=1.33e-01 speedT=2.16e-04 cos=+0.60 k=63 lam_top=-0.02 align=0.02
[E7] 1919/3456 (21339s) gpt2 L1H3 sign=-0.81 symD=1 V=push p=1 steps=2424: speed0=1.28e-01 speedT=1.26e-04 cos=+0.62 k=64 lam_top=-0.02 align=0.02
[E7] 1920/3456 (21347s) gpt2 L1H2 sign=-0.53 symD=1 V=push p=0 steps=26548: speed0=8.69e-02 speedT=1.36e-03 cos=+0.46 k=42 lam_top=-0.01 align=0.00
[E7] 1921/3456 (21354s) gpt2 L1H4 sign=-0.77 symD=0 V=sym p=0 steps=3015: speed0=2.15e-01 speedT=2.92e-07 cos=+1.00 k=1 lam_top=+0.51 align=1.00
[E7] 1922/3456 (21362s) gpt2 L1H4 sign=-0.77 symD=0 V=sym p=1 steps=3007: speed0=2.10e-01 speedT=2.91e-07 cos=+1.00 k=1 lam_top=+0.51 align=1.00
[E7] 1923/3456 (21372s) gpt2 L1H4 sign=-0.77 symD=0 V=push p=0 steps=4687: speed0=1.41e-01 speedT=9.49e-04 cos=+0.56 k=63 lam_top=-0.03 align=0.02
[E7] 1924/3456 (21376s) gpt2 L1H4 sign=-0.77 symD=0 V=push p=1 steps=3903: speed0=1.40e-01 speedT=4.07e-04 cos=+0.58 k=64 lam_top=-0.03 align=0.02
[E7] 1925/3456 (21460s) gpt2 L1H4 sign=-0.77 symD=0 V=full p=0 steps=37502: speed0=6.45e-02 speedT=8.26e-02 cos=+1.00 k=1 lam_top=+0.07 align=1.00
[E7] 1926/3456 (21464s) gpt2 L1H4 sign=-0.77 symD=0 V=full p=1 steps=37651: speed0=6.95e-02 speedT=8.09e-02 cos=+1.00 k=1 lam_top=+0.07 align=1.00
[E7] 1927/3456 (21478s) gpt2 L1H4 sign=-0.77 symD=1 V=sym p=0 steps=3015: speed0=2.21e-01 speedT=1.64e-07 cos=+1.00 k=1 lam_top=+0.51 align=1.00
[E7] 1928/3456 (21481s) gpt2 L1H4 sign=-0.77 symD=1 V=sym p=1 steps=2995: speed0=2.16e-01 speedT=2.52e-07 cos=+1.00 k=1 lam_top=+0.51 align=1.00
[E7] 1929/3456 (21492s) gpt2 L1H4 sign=-0.77 symD=1 V=push p=0 steps=2750: speed0=1.41e-01 speedT=2.48e-04 cos=+0.59 k=63 lam_top=-0.03 align=0.02
[E7] 1930/3456 (21496s) gpt2 L1H4 sign=-0.77 symD=1 V=push p=1 steps=2996: speed0=1.38e-01 speedT=3.49e-04 cos=+0.59 k=64 lam_top=-0.03 align=0.02
[E7] 1931/3456 (21531s) gpt2 L1H4 sign=-0.77 symD=1 V=full p=0 steps=37497: speed0=6.73e-02 speedT=6.17e-02 cos=+1.00 k=1 lam_top=+0.07 align=1.00
[E7] 1932/3456 (21538s) gpt2 L1H4 sign=-0.77 symD=1 V=full p=1 steps=37548: speed0=7.02e-02 speedT=5.96e-02 cos=+1.00 k=1 lam_top=+0.07 align=1.00
[E7] 1933/3456 (21543s) gpt2 L1H5 sign=-0.85 symD=0 V=sym p=0 steps=2490: speed0=1.88e-01 speedT=3.24e-07 cos=+1.00 k=1 lam_top=+0.51 align=1.00
[E7] 1934/3456 (21548s) gpt2 L1H5 sign=-0.85 symD=0 V=sym p=1 steps=2525: speed0=1.75e-01 speedT=2.44e-07 cos=+1.00 k=1 lam_top=+0.51 align=1.00
[E7] 1935/3456 (21555s) gpt2 L1H5 sign=-0.85 symD=0 V=full p=0 steps=17346: speed0=2.59e-02 speedT=2.20e-02 cos=+1.00 k=1 lam_top=+0.05 align=1.00
[E7] 1936/3456 (21559s) gpt2 L1H5 sign=-0.85 symD=0 V=full p=1 steps=17249: speed0=2.83e-02 speedT=4.34e-02 cos=+1.00 k=1 lam_top=+0.05 align=1.00
[E7] 1937/3456 (21607s) gpt2 L1H5 sign=-0.85 symD=0 V=push p=1 steps=15642: speed0=1.22e-01 speedT=6.78e-03 cos=+0.16 k=52 lam_top=-0.05 align=0.01
[E7] 1938/3456 (21620s) gpt2 L1H5 sign=-0.85 symD=1 V=sym p=0 steps=2489: speed0=1.90e-01 speedT=2.34e-07 cos=+1.00 k=1 lam_top=+0.51 align=1.00
[E7] 1939/3456 (21629s) gpt2 L1H5 sign=-0.85 symD=1 V=full p=0 steps=17316: speed0=2.56e-02 speedT=2.47e-02 cos=+1.00 k=1 lam_top=+0.05 align=1.00
[E7] 1940/3456 (21632s) gpt2 L1H5 sign=-0.85 symD=1 V=full p=1 steps=17203: speed0=2.73e-02 speedT=4.37e-02 cos=+1.00 k=1 lam_top=+0.05 align=1.00
[E7] 1941/3456 (21636s) gpt2 L1H5 sign=-0.85 symD=1 V=sym p=1 steps=2531: speed0=1.69e-01 speedT=2.58e-07 cos=+1.00 k=1 lam_top=+0.51 align=1.00
[E7] 1942/3456 (21674s) gpt2 L1H5 sign=-0.85 symD=1 V=push p=0 steps=9642: speed0=1.31e-01 speedT=3.11e-03 cos=+0.23 k=63 lam_top=-0.05 align=0.01
[E7] 1943/3456 (21675s) gpt2 L1H5 sign=-0.85 symD=1 V=push p=1 steps=9226: speed0=1.17e-01 speedT=5.33e-04 cos=+0.19 k=63 lam_top=-0.05 align=0.01
[E7] 1944/3456 (21678s) gpt2 L1H5 sign=-0.85 symD=0 V=push p=0 steps=36367: speed0=1.29e-01 speedT=1.37e-03 cos=-0.02 k=8 lam_top=-0.05 align=0.01
[E7] 1945/3456 (21689s) gpt2 L1H6 sign=+0.98 symD=0 V=sym p=0 steps=2838: speed0=1.96e-01 speedT=3.17e-07 cos=+1.00 k=1 lam_top=+0.57 align=1.00
[E7] 1946/3456 (21690s) gpt2 L1H6 sign=+0.98 symD=0 V=full p=0 steps=15538: speed0=4.23e-02 speedT=2.77e-02 cos=+1.00 k=1 lam_top=+0.32 align=1.00
[E7] 1947/3456 (21692s) gpt2 L1H6 sign=+0.98 symD=0 V=sym p=1 steps=3032: speed0=1.87e-01 speedT=2.67e-07 cos=+1.00 k=1 lam_top=+0.57 align=1.00
[E7] 1948/3456 (21715s) gpt2 L1H6 sign=+0.98 symD=0 V=push p=1 steps=7072: speed0=1.15e-01 speedT=5.24e-08 cos=-0.02 k=3 lam_top=-0.05 align=0.00
[E7] 1949/3456 (21729s) gpt2 L1H6 sign=+0.98 symD=0 V=push p=0 steps=10735: speed0=1.22e-01 speedT=1.28e-06 cos=+0.10 k=2 lam_top=-0.05 align=0.00
[E7] 1950/3456 (21733s) gpt2 L1H6 sign=+0.98 symD=0 V=full p=1 steps=16972: speed0=4.74e-02 speedT=9.04e-03 cos=+1.00 k=1 lam_top=+0.32 align=1.00
[E7] 1951/3456 (21745s) gpt2 L1H6 sign=+0.98 symD=1 V=sym p=0 steps=2830: speed0=1.94e-01 speedT=2.35e-07 cos=+1.00 k=1 lam_top=+0.57 align=1.00
[E7] 1952/3456 (21750s) gpt2 L1H6 sign=+0.98 symD=1 V=sym p=1 steps=2961: speed0=1.87e-01 speedT=2.61e-07 cos=+1.00 k=1 lam_top=+0.57 align=1.00
[E7] 1953/3456 (21760s) gpt2 L1H6 sign=+0.98 symD=1 V=full p=0 steps=15638: speed0=4.32e-02 speedT=2.69e-02 cos=+1.00 k=1 lam_top=+0.32 align=1.00
[E7] 1954/3456 (21782s) gpt2 L1H6 sign=+0.98 symD=1 V=push p=0 steps=7904: speed0=1.18e-01 speedT=6.42e-08 cos=+0.00 k=3 lam_top=-0.05 align=0.00
[E7] 1955/3456 (21784s) gpt2 L1H6 sign=+0.98 symD=1 V=push p=1 steps=7153: speed0=1.13e-01 speedT=1.05e-07 cos=+0.01 k=2 lam_top=-0.05 align=0.00
[E7] 1956/3456 (21784s) gpt2 L1H7 sign=+0.66 symD=0 V=full p=0 steps=6451: speed0=5.77e-02 speedT=5.97e-05 cos=+1.00 k=1 lam_top=+0.31 align=1.00
[E7] 1957/3456 (21788s) gpt2 L1H6 sign=+0.98 symD=1 V=full p=1 steps=17119: speed0=4.73e-02 speedT=8.91e-03 cos=+1.00 k=1 lam_top=+0.32 align=1.00
[E7] 1958/3456 (21799s) gpt2 L1H7 sign=+0.66 symD=0 V=sym p=0 steps=3544: speed0=1.81e-01 speedT=3.31e-07 cos=+1.00 k=1 lam_top=+0.58 align=1.00
[E7] 1959/3456 (21802s) gpt2 L1H7 sign=+0.66 symD=0 V=sym p=1 steps=3614: speed0=1.73e-01 speedT=2.48e-07 cos=+1.00 k=1 lam_top=+0.58 align=1.00
[E7] 1960/3456 (21813s) gpt2 L1H7 sign=+0.66 symD=0 V=full p=1 steps=9479: speed0=6.85e-02 speedT=2.43e-04 cos=+1.00 k=1 lam_top=+0.31 align=1.00
[E7] 1961/3456 (21834s) gpt2 L1H7 sign=+0.66 symD=1 V=full p=0 steps=7850: speed0=5.79e-02 speedT=1.36e-04 cos=+1.00 k=1 lam_top=+0.31 align=1.00
[E7] 1962/3456 (21847s) gpt2 L1H7 sign=+0.66 symD=0 V=push p=0 steps=16541: speed0=1.15e-01 speedT=3.63e-03 cos=+0.13 k=64 lam_top=-0.03 align=0.01
[E7] 1963/3456 (21852s) gpt2 L1H7 sign=+0.66 symD=0 V=push p=1 steps=14488: speed0=1.11e-01 speedT=2.63e-03 cos=+0.14 k=60 lam_top=-0.03 align=0.01
[E7] 1964/3456 (21852s) gpt2 L1H7 sign=+0.66 symD=1 V=sym p=0 steps=3535: speed0=1.90e-01 speedT=3.01e-07 cos=+1.00 k=1 lam_top=+0.58 align=1.00
[E7] 1965/3456 (21854s) gpt2 L1H7 sign=+0.66 symD=1 V=full p=1 steps=9772: speed0=6.46e-02 speedT=2.66e-04 cos=+1.00 k=1 lam_top=+0.31 align=1.00
[E7] 1966/3456 (21864s) gpt2 L1H8 sign=-0.73 symD=0 V=full p=0 steps=3142: speed0=3.05e-02 speedT=3.48e-17 cos=+1.00 k=1 lam_top=+0.08 align=1.00
[E7] 1967/3456 (21868s) gpt2 L1H7 sign=+0.66 symD=1 V=sym p=1 steps=3614: speed0=1.77e-01 speedT=2.72e-07 cos=+1.00 k=1 lam_top=+0.58 align=1.00
[E7] 1968/3456 (21877s) gpt2 L1H8 sign=-0.73 symD=0 V=full p=1 steps=3389: speed0=4.09e-02 speedT=3.22e-17 cos=+1.00 k=1 lam_top=+0.08 align=1.00
[E7] 1969/3456 (21883s) gpt2 L1H7 sign=+0.66 symD=1 V=push p=0 steps=7014: speed0=1.21e-01 speedT=1.58e-03 cos=+0.34 k=63 lam_top=-0.03 align=0.02
[E7] 1970/3456 (21884s) gpt2 L1H8 sign=-0.73 symD=0 V=sym p=0 steps=2987: speed0=2.64e-01 speedT=2.82e-07 cos=+1.00 k=1 lam_top=+0.50 align=1.00
[E7] 1971/3456 (21884s) gpt2 L1H7 sign=+0.66 symD=1 V=push p=1 steps=7018: speed0=1.14e-01 speedT=1.19e-03 cos=+0.39 k=64 lam_top=-0.03 align=0.02
[E7] 1972/3456 (21893s) gpt2 L1H8 sign=-0.73 symD=0 V=sym p=1 steps=3035: speed0=2.62e-01 speedT=2.68e-07 cos=+1.00 k=1 lam_top=+0.50 align=1.00
[E7] 1973/3456 (21897s) gpt2 L1H8 sign=-0.73 symD=1 V=full p=0 steps=2875: speed0=2.94e-02 speedT=5.43e-17 cos=+1.00 k=1 lam_top=+0.08 align=1.00
[E7] 1974/3456 (21905s) gpt2 L1H8 sign=-0.73 symD=1 V=full p=1 steps=2896: speed0=3.35e-02 speedT=4.60e-17 cos=+1.00 k=1 lam_top=+0.08 align=1.00
[E7] 1975/3456 (21910s) gpt2 L1H8 sign=-0.73 symD=0 V=push p=0 steps=7045: speed0=1.70e-01 speedT=2.19e-03 cos=+0.30 k=63 lam_top=-0.02 align=0.01
[E7] 1976/3456 (21911s) gpt2 L1H8 sign=-0.73 symD=0 V=push p=1 steps=7271: speed0=1.77e-01 speedT=2.93e-03 cos=+0.42 k=64 lam_top=-0.02 align=0.01
[E7] 1977/3456 (21913s) gpt2 L1H8 sign=-0.73 symD=1 V=sym p=0 steps=2969: speed0=2.69e-01 speedT=3.15e-07 cos=+1.00 k=1 lam_top=+0.50 align=1.00
[E7] 1978/3456 (21922s) gpt2 L1H8 sign=-0.73 symD=1 V=sym p=1 steps=3003: speed0=2.61e-01 speedT=2.56e-07 cos=+1.00 k=1 lam_top=+0.50 align=1.00
[E7] 1979/3456 (21926s) gpt2 L1H9 sign=-0.70 symD=0 V=full p=0 steps=3853: speed0=3.21e-02 speedT=1.23e-05 cos=+1.00 k=1 lam_top=+0.03 align=1.00
[E7] 1980/3456 (21933s) gpt2 L1H8 sign=-0.73 symD=1 V=push p=1 steps=4573: speed0=1.72e-01 speedT=3.96e-04 cos=+0.45 k=64 lam_top=-0.02 align=0.01
[E7] 1981/3456 (21935s) gpt2 L1H9 sign=-0.70 symD=0 V=full p=1 steps=3747: speed0=1.92e-02 speedT=5.20e-05 cos=+1.00 k=1 lam_top=+0.03 align=1.00
[E7] 1982/3456 (21939s) gpt2 L1H8 sign=-0.73 symD=1 V=push p=0 steps=6159: speed0=1.72e-01 speedT=8.11e-04 cos=+0.43 k=64 lam_top=-0.02 align=0.01
[E7] 1983/3456 (21941s) gpt2 L1H9 sign=-0.70 symD=0 V=sym p=0 steps=2787: speed0=2.02e-01 speedT=2.33e-07 cos=+1.00 k=1 lam_top=+0.50 align=1.00
[E7] 1984/3456 (21947s) gpt2 L1H9 sign=-0.70 symD=0 V=sym p=1 steps=2797: speed0=1.86e-01 speedT=2.33e-07 cos=+1.00 k=1 lam_top=+0.50 align=1.00
[E7] 1985/3456 (21957s) gpt2 L1H9 sign=-0.70 symD=1 V=full p=0 steps=3621: speed0=2.02e-02 speedT=1.69e-04 cos=+1.00 k=1 lam_top=+0.03 align=1.00
[E7] 1986/3456 (21959s) gpt2 L1H9 sign=-0.70 symD=0 V=push p=1 steps=4950: speed0=1.18e-01 speedT=5.28e-04 cos=+0.68 k=64 lam_top=-0.01 align=0.02
[E7] 1987/3456 (21962s) gpt2 L1H9 sign=-0.70 symD=1 V=full p=1 steps=3515: speed0=1.97e-02 speedT=1.40e-05 cos=+1.00 k=1 lam_top=+0.03 align=1.00
[E7] 1988/3456 (21965s) gpt2 L1H9 sign=-0.70 symD=0 V=push p=0 steps=7536: speed0=1.30e-01 speedT=2.00e-04 cos=+0.63 k=63 lam_top=-0.01 align=0.02
[E7] 1989/3456 (21972s) gpt2 L1H9 sign=-0.70 symD=1 V=sym p=0 steps=2689: speed0=2.11e-01 speedT=2.41e-07 cos=+1.00 k=1 lam_top=+0.50 align=1.00
[E7] 1990/3456 (21975s) gpt2 L1H9 sign=-0.70 symD=1 V=sym p=1 steps=2702: speed0=1.95e-01 speedT=3.10e-07 cos=+1.00 k=1 lam_top=+0.50 align=1.00
[E7] 1991/3456 (21976s) gpt2 L1H9 sign=-0.70 symD=1 V=push p=0 steps=2657: speed0=1.32e-01 speedT=1.42e-04 cos=+0.59 k=63 lam_top=-0.01 align=0.01
[E7] 1992/3456 (21980s) gpt2 L1H9 sign=-0.70 symD=1 V=push p=1 steps=2829: speed0=1.22e-01 speedT=1.13e-04 cos=+0.61 k=64 lam_top=-0.01 align=0.01
[E7] 1993/3456 (21988s) gpt2 L1H10 sign=-0.67 symD=0 V=full p=0 steps=4067: speed0=8.21e-02 speedT=4.54e-08 cos=+1.00 k=1 lam_top=+0.10 align=1.00
[E7] 1994/3456 (21991s) gpt2 L1H10 sign=-0.67 symD=0 V=full p=1 steps=4072: speed0=8.26e-02 speedT=4.54e-08 cos=+1.00 k=1 lam_top=+0.10 align=1.00
[E7] 1995/3456 (21995s) gpt2 L1H10 sign=-0.67 symD=0 V=sym p=0 steps=3673: speed0=1.97e-01 speedT=2.49e-07 cos=+1.00 k=1 lam_top=+0.51 align=1.00
[E7] 1996/3456 (21998s) gpt2 L1H10 sign=-0.67 symD=0 V=sym p=1 steps=3710: speed0=1.90e-01 speedT=2.48e-07 cos=+1.00 k=1 lam_top=+0.51 align=1.00
[E7] 1997/3456 (22009s) gpt2 L1H10 sign=-0.67 symD=1 V=full p=0 steps=3534: speed0=7.04e-02 speedT=4.54e-08 cos=+1.00 k=1 lam_top=+0.10 align=1.00
[E7] 1998/3456 (22012s) gpt2 L1H10 sign=-0.67 symD=1 V=full p=1 steps=3530: speed0=7.08e-02 speedT=4.54e-08 cos=+1.00 k=1 lam_top=+0.10 align=1.00
[E7] 1999/3456 (22028s) gpt2 L1H10 sign=-0.67 symD=1 V=sym p=0 steps=3671: speed0=1.98e-01 speedT=2.55e-07 cos=+1.00 k=1 lam_top=+0.51 align=1.00
[E7] 2000/3456 (22032s) gpt2 L1H10 sign=-0.67 symD=1 V=sym p=1 steps=3713: speed0=1.90e-01 speedT=2.46e-07 cos=+1.00 k=1 lam_top=+0.51 align=1.00
[E7] 2001/3456 (22038s) gpt2 L1H10 sign=-0.67 symD=0 V=push p=0 steps=14089: speed0=1.48e-01 speedT=8.00e-05 cos=-0.02 k=6 lam_top=-0.00 align=0.00
[E7] 2002/3456 (22048s) gpt2 L1H10 sign=-0.67 symD=0 V=push p=1 steps=16426: speed0=1.45e-01 speedT=8.71e-04 cos=+0.02 k=2 lam_top=-0.00 align=0.00
[E7] 2003/3456 (22055s) gpt2 L1H11 sign=-1.00 symD=0 V=full p=0 steps=4751: speed0=4.02e-02 speedT=1.14e-04 cos=+0.59 k=62 lam_top=-0.03 align=0.06
[E7] 2004/3456 (22065s) gpt2 L1H11 sign=-1.00 symD=0 V=full p=1 steps=4472: speed0=3.78e-02 speedT=5.91e-05 cos=+0.60 k=64 lam_top=-0.03 align=0.06
[E7] 2005/3456 (22070s) gpt2 L1H11 sign=-1.00 symD=0 V=sym p=0 steps=2807: speed0=2.17e-01 speedT=3.15e-07 cos=+1.00 k=1 lam_top=+0.41 align=1.00
[E7] 2006/3456 (22081s) gpt2 L1H11 sign=-1.00 symD=0 V=sym p=1 steps=2878: speed0=2.04e-01 speedT=3.02e-07 cos=+1.00 k=1 lam_top=+0.41 align=1.00
[E7] 2007/3456 (22103s) gpt2 L1H10 sign=-0.67 symD=1 V=push p=1 steps=15543: speed0=1.42e-01 speedT=9.70e-05 cos=-0.01 k=8 lam_top=-0.00 align=0.01
[E7] 2008/3456 (22116s) gpt2 L1H11 sign=-1.00 symD=1 V=full p=0 steps=2547: speed0=3.80e-02 speedT=2.12e-05 cos=+0.58 k=62 lam_top=-0.03 align=0.06
[E7] 2009/3456 (22117s) gpt2 L1H11 sign=-1.00 symD=0 V=push p=0 steps=11528: speed0=1.63e-01 speedT=3.60e-07 cos=-0.01 k=2 lam_top=-0.05 align=0.00
[E7] 2010/3456 (22125s) gpt2 L1H11 sign=-1.00 symD=0 V=push p=1 steps=10750: speed0=1.53e-01 speedT=3.26e-07 cos=+0.60 k=2 lam_top=-0.05 align=0.00
[E7] 2011/3456 (22133s) gpt2 L1H11 sign=-1.00 symD=1 V=sym p=0 steps=2826: speed0=2.21e-01 speedT=3.56e-07 cos=+1.00 k=1 lam_top=+0.41 align=1.00
[E7] 2012/3456 (22143s) gpt2 L1H11 sign=-1.00 symD=1 V=sym p=1 steps=2917: speed0=2.06e-01 speedT=3.17e-07 cos=+1.00 k=1 lam_top=+0.41 align=1.00
[E7] 2013/3456 (22153s) gpt2 L1H11 sign=-1.00 symD=1 V=full p=1 steps=7958: speed0=3.66e-02 speedT=6.51e-05 cos=+0.58 k=64 lam_top=-0.03 align=0.06
[E7] 2014/3456 (22161s) gpt2 L1H10 sign=-0.67 symD=1 V=push p=0 steps=28451: speed0=1.46e-01 speedT=8.39e-04 cos=+0.09 k=5 lam_top=-0.00 align=0.10
[E7] 2015/3456 (22170s) gpt2 L2H0 sign=-0.78 symD=0 V=full p=0 steps=4661: speed0=9.35e-02 speedT=6.45e-08 cos=+1.00 k=1 lam_top=+0.06 align=1.00
[E7] 2016/3456 (22172s) gpt2 L1H11 sign=-1.00 symD=1 V=push p=0 steps=7836: speed0=1.65e-01 speedT=2.78e-07 cos=+0.76 k=2 lam_top=-0.05 align=0.00
[E7] 2017/3456 (22177s) gpt2 L2H0 sign=-0.78 symD=0 V=full p=1 steps=4368: speed0=8.94e-02 speedT=3.57e-08 cos=+1.00 k=1 lam_top=+0.06 align=1.00
[E7] 2018/3456 (22183s) gpt2 L1H11 sign=-1.00 symD=1 V=push p=1 steps=8739: speed0=1.54e-01 speedT=3.26e-07 cos=+0.63 k=3 lam_top=-0.05 align=0.00
[E7] 2019/3456 (22183s) gpt2 L2H0 sign=-0.78 symD=0 V=sym p=0 steps=2666: speed0=1.85e-01 speedT=3.45e-07 cos=+1.00 k=1 lam_top=+0.46 align=1.00
[E7] 2020/3456 (22185s) gpt2 L2H0 sign=-0.78 symD=0 V=sym p=1 steps=2682: speed0=2.00e-01 speedT=3.23e-07 cos=+1.00 k=1 lam_top=+0.46 align=1.00
[E7] 2021/3456 (22201s) gpt2 L2H0 sign=-0.78 symD=1 V=full p=0 steps=4329: speed0=8.61e-02 speedT=1.82e-08 cos=+1.00 k=1 lam_top=+0.06 align=1.00
[E7] 2022/3456 (22203s) gpt2 L2H0 sign=-0.78 symD=1 V=full p=1 steps=4160: speed0=8.56e-02 speedT=2.02e-08 cos=+1.00 k=1 lam_top=+0.06 align=1.00
[E7] 2023/3456 (22217s) gpt2 L2H0 sign=-0.78 symD=1 V=sym p=0 steps=2668: speed0=1.82e-01 speedT=2.12e-07 cos=+1.00 k=1 lam_top=+0.46 align=1.00
[E7] 2024/3456 (22218s) gpt2 L2H0 sign=-0.78 symD=1 V=sym p=1 steps=2673: speed0=1.85e-01 speedT=2.14e-07 cos=+1.00 k=1 lam_top=+0.46 align=1.00
[E7] 2025/3456 (22291s) gpt2 L2H0 sign=-0.78 symD=1 V=push p=1 steps=15508: speed0=1.37e-01 speedT=5.21e-04 cos=-0.00 k=64 lam_top=-0.04 align=0.00
[E7] 2026/3456 (22293s) gpt2 L2H0 sign=-0.78 symD=1 V=push p=0 steps=16241: speed0=1.31e-01 speedT=4.57e-04 cos=-0.00 k=62 lam_top=-0.04 align=0.00
[E7] 2027/3456 (22305s) gpt2 L2H1 sign=+0.90 symD=0 V=full p=0 steps=3793: speed0=2.27e-02 speedT=6.83e-08 cos=+1.00 k=1 lam_top=+0.28 align=1.00
[E7] 2028/3456 (22307s) gpt2 L2H1 sign=+0.90 symD=0 V=full p=1 steps=4136: speed0=2.79e-02 speedT=2.78e-08 cos=+1.00 k=1 lam_top=+0.28 align=1.00
[E7] 2029/3456 (22319s) gpt2 L2H1 sign=+0.90 symD=0 V=sym p=0 steps=2874: speed0=1.68e-01 speedT=3.29e-07 cos=+1.00 k=1 lam_top=+0.59 align=1.00
[E7] 2030/3456 (22322s) gpt2 L2H1 sign=+0.90 symD=0 V=sym p=1 steps=2879: speed0=1.74e-01 speedT=3.47e-07 cos=+1.00 k=1 lam_top=+0.59 align=1.00
[E7] 2031/3456 (22355s) gpt2 L2H1 sign=+0.90 symD=0 V=push p=1 steps=8764: speed0=1.08e-01 speedT=1.96e-04 cos=-0.01 k=2 lam_top=-0.06 align=0.00
[E7] 2032/3456 (22361s) gpt2 L2H0 sign=-0.78 symD=0 V=push p=1 steps=46680: speed0=1.46e-01 speedT=1.06e-02 cos=+0.01 k=20 lam_top=-0.04 align=0.00
[E7] 2033/3456 (22371s) gpt2 L2H1 sign=+0.90 symD=1 V=full p=0 steps=3723: speed0=2.53e-02 speedT=5.53e-08 cos=+1.00 k=1 lam_top=+0.28 align=1.00
[E7] 2034/3456 (22380s) gpt2 L2H1 sign=+0.90 symD=1 V=full p=1 steps=4347: speed0=3.33e-02 speedT=4.39e-08 cos=+1.00 k=1 lam_top=+0.28 align=1.00
[E7] 2035/3456 (22386s) gpt2 L2H1 sign=+0.90 symD=1 V=sym p=0 steps=2867: speed0=1.70e-01 speedT=2.19e-07 cos=+1.00 k=1 lam_top=+0.59 align=1.00
[E7] 2036/3456 (22396s) gpt2 L2H1 sign=+0.90 symD=1 V=sym p=1 steps=2890: speed0=1.71e-01 speedT=2.48e-07 cos=+1.00 k=1 lam_top=+0.59 align=1.00
[E7] 2037/3456 (22430s) gpt2 L2H0 sign=-0.78 symD=0 V=push p=0 steps=65970: speed0=1.33e-01 speedT=6.81e-02 cos=-0.00 k=46 lam_top=-0.04 align=0.01
[E7] 2038/3456 (22445s) gpt2 L2H2 sign=+0.47 symD=0 V=full p=0 steps=4187: speed0=5.86e-02 speedT=4.00e-08 cos=+1.00 k=1 lam_top=+0.24 align=1.00
[E7] 2039/3456 (22450s) gpt2 L2H1 sign=+0.90 symD=0 V=push p=0 steps=34218: speed0=1.06e-01 speedT=2.37e-02 cos=-0.01 k=4 lam_top=-0.06 align=0.00
[E7] 2040/3456 (22459s) gpt2 L2H2 sign=+0.47 symD=0 V=full p=1 steps=4380: speed0=7.35e-02 speedT=4.00e-08 cos=+1.00 k=1 lam_top=+0.24 align=1.00
[E7] 2041/3456 (22463s) gpt2 L2H2 sign=+0.47 symD=0 V=sym p=0 steps=2882: speed0=1.72e-01 speedT=2.02e-07 cos=+1.00 k=1 lam_top=+0.53 align=1.00
[E7] 2042/3456 (22464s) gpt2 L2H1 sign=+0.90 symD=1 V=push p=1 steps=15017: speed0=1.04e-01 speedT=1.73e-04 cos=+0.09 k=51 lam_top=-0.06 align=0.00
[E7] 2043/3456 (22475s) gpt2 L2H2 sign=+0.47 symD=0 V=sym p=1 steps=2872: speed0=1.97e-01 speedT=2.38e-07 cos=+1.00 k=1 lam_top=+0.53 align=1.00
[E7] 2044/3456 (22481s) gpt2 L2H1 sign=+0.90 symD=1 V=push p=0 steps=20527: speed0=1.05e-01 speedT=2.39e-04 cos=+0.25 k=57 lam_top=-0.06 align=0.00
[E7] 2045/3456 (22486s) gpt2 L2H2 sign=+0.47 symD=0 V=push p=0 steps=5558: speed0=1.13e-01 speedT=2.15e-05 cos=+0.67 k=59 lam_top=-0.10 align=0.03
[E7] 2046/3456 (22492s) gpt2 L2H2 sign=+0.47 symD=1 V=full p=0 steps=3836: speed0=4.67e-02 speedT=4.00e-08 cos=+1.00 k=1 lam_top=+0.24 align=1.00
[E7] 2047/3456 (22497s) gpt2 L2H2 sign=+0.47 symD=1 V=full p=1 steps=3965: speed0=4.88e-02 speedT=4.00e-08 cos=+1.00 k=1 lam_top=+0.24 align=1.00
[E7] 2048/3456 (22502s) gpt2 L2H2 sign=+0.47 symD=1 V=sym p=0 steps=2832: speed0=1.68e-01 speedT=3.67e-07 cos=+1.00 k=1 lam_top=+0.53 align=1.00
[E7] 2049/3456 (22507s) gpt2 L2H2 sign=+0.47 symD=1 V=sym p=1 steps=2828: speed0=1.78e-01 speedT=2.48e-07 cos=+1.00 k=1 lam_top=+0.53 align=1.00
[E7] 2050/3456 (22521s) gpt2 L2H3 sign=-0.67 symD=0 V=full p=0 steps=4203: speed0=1.15e-01 speedT=9.48e-08 cos=+1.00 k=1 lam_top=+0.10 align=1.00
[E7] 2051/3456 (22526s) gpt2 L2H2 sign=+0.47 symD=0 V=push p=1 steps=16412: speed0=1.25e-01 speedT=5.84e-04 cos=+0.56 k=60 lam_top=-0.10 align=0.01
[E7] 2052/3456 (22534s) gpt2 L2H3 sign=-0.67 symD=0 V=full p=1 steps=4620: speed0=1.09e-01 speedT=1.48e-07 cos=+1.00 k=1 lam_top=+0.10 align=1.00
[E7] 2053/3456 (22540s) gpt2 L2H3 sign=-0.67 symD=0 V=sym p=0 steps=2734: speed0=1.71e-01 speedT=3.70e-07 cos=+1.00 k=1 lam_top=+0.44 align=1.00
[E7] 2054/3456 (22545s) gpt2 L2H3 sign=-0.67 symD=0 V=sym p=1 steps=2790: speed0=1.88e-01 speedT=3.42e-07 cos=+1.00 k=1 lam_top=+0.44 align=1.00
[E7] 2055/3456 (22629s) gpt2 L2H3 sign=-0.67 symD=0 V=push p=0 steps=24009: speed0=1.23e-01 speedT=8.81e-03 cos=+0.16 k=43 lam_top=-0.06 align=0.01
[E7] 2056/3456 (22645s) gpt2 L2H3 sign=-0.67 symD=1 V=full p=0 steps=3988: speed0=9.01e-02 speedT=1.40e-07 cos=+1.00 k=1 lam_top=+0.10 align=1.00
[E7] 2057/3456 (22661s) gpt2 L2H2 sign=+0.47 symD=1 V=push p=0 steps=39097: speed0=1.08e-01 speedT=1.47e-03 cos=+0.02 k=6 lam_top=-0.10 align=0.00
[E7] 2058/3456 (22663s) gpt2 L2H3 sign=-0.67 symD=1 V=full p=1 steps=4140: speed0=9.24e-02 speedT=1.64e-07 cos=+1.00 k=1 lam_top=+0.10 align=1.00
[E7] 2059/3456 (22666s) gpt2 L2H2 sign=+0.47 symD=1 V=push p=1 steps=39397: speed0=1.13e-01 speedT=1.32e-02 cos=+0.00 k=14 lam_top=-0.10 align=0.00
[E7] 2060/3456 (22680s) gpt2 L2H3 sign=-0.67 symD=1 V=sym p=0 steps=2713: speed0=1.75e-01 speedT=3.17e-07 cos=+1.00 k=1 lam_top=+0.44 align=1.00
[E7] 2061/3456 (22681s) gpt2 L2H3 sign=-0.67 symD=1 V=sym p=1 steps=2761: speed0=1.72e-01 speedT=3.47e-07 cos=+1.00 k=1 lam_top=+0.44 align=1.00
[E7] 2062/3456 (22736s) gpt2 L2H4 sign=+0.79 symD=0 V=full p=0 steps=15571: speed0=6.54e-02 speedT=2.08e-02 cos=+1.00 k=1 lam_top=+0.27 align=1.00
[E7] 2063/3456 (22744s) gpt2 L2H3 sign=-0.67 symD=0 V=push p=1 steps=53322: speed0=1.33e-01 speedT=1.74e-03 cos=+0.04 k=23 lam_top=-0.06 align=0.03
[E7] 2064/3456 (22757s) gpt2 L2H4 sign=+0.79 symD=0 V=sym p=0 steps=2917: speed0=1.82e-01 speedT=3.00e-07 cos=+1.00 k=1 lam_top=+0.56 align=1.00
[E7] 2065/3456 (22771s) gpt2 L2H4 sign=+0.79 symD=0 V=sym p=1 steps=2927: speed0=1.97e-01 speedT=2.26e-07 cos=+1.00 k=1 lam_top=+0.56 align=1.00
[E7] 2066/3456 (22788s) gpt2 L2H3 sign=-0.67 symD=1 V=push p=0 steps=27215: speed0=1.28e-01 speedT=1.60e-03 cos=-0.01 k=28 lam_top=-0.06 align=0.00
[E7] 2067/3456 (22796s) gpt2 L2H4 sign=+0.79 symD=0 V=full p=1 steps=17008: speed0=6.85e-02 speedT=9.96e-03 cos=+1.00 k=1 lam_top=+0.27 align=1.00
[E7] 2068/3456 (22823s) gpt2 L2H4 sign=+0.79 symD=0 V=push p=0 steps=13267: speed0=1.14e-01 speedT=1.45e-07 cos=+0.06 k=2 lam_top=-0.11 align=0.00
[E7] 2069/3456 (22842s) gpt2 L2H3 sign=-0.67 symD=1 V=push p=1 steps=35988: speed0=1.25e-01 speedT=1.55e-04 cos=-0.02 k=17 lam_top=-0.06 align=0.01
[E7] 2070/3456 (22858s) gpt2 L2H4 sign=+0.79 symD=1 V=sym p=0 steps=2912: speed0=1.76e-01 speedT=2.17e-07 cos=+1.00 k=1 lam_top=+0.56 align=1.00
[E7] 2071/3456 (22868s) gpt2 L2H4 sign=+0.79 symD=0 V=push p=1 steps=21085: speed0=1.26e-01 speedT=1.29e-07 cos=+0.31 k=2 lam_top=-0.11 align=0.00
[E7] 2072/3456 (22874s) gpt2 L2H4 sign=+0.79 symD=1 V=sym p=1 steps=2886: speed0=1.81e-01 speedT=2.59e-07 cos=+1.00 k=1 lam_top=+0.56 align=1.00
[E7] 2073/3456 (22876s) gpt2 L2H4 sign=+0.79 symD=1 V=full p=0 steps=18185: speed0=4.95e-02 speedT=6.72e-03 cos=+1.00 k=1 lam_top=+0.27 align=1.00
[E7] 2074/3456 (22893s) gpt2 L2H5 sign=-0.85 symD=0 V=full p=0 steps=5326: speed0=7.05e-02 speedT=4.52e-08 cos=+1.00 k=1 lam_top=+0.05 align=1.00
[E7] 2075/3456 (22906s) gpt2 L2H4 sign=+0.79 symD=1 V=full p=1 steps=19073: speed0=4.96e-02 speedT=6.74e-03 cos=+1.00 k=1 lam_top=+0.27 align=1.00
[E7] 2076/3456 (22909s) gpt2 L2H5 sign=-0.85 symD=0 V=full p=1 steps=3991: speed0=8.20e-02 speedT=4.52e-08 cos=+1.00 k=1 lam_top=+0.05 align=1.00
[E7] 2077/3456 (22919s) gpt2 L2H5 sign=-0.85 symD=0 V=sym p=0 steps=2790: speed0=1.76e-01 speedT=2.80e-07 cos=+1.00 k=1 lam_top=+0.43 align=1.00
[E7] 2078/3456 (22919s) gpt2 L2H4 sign=+0.79 symD=1 V=push p=1 steps=10228: speed0=1.14e-01 speedT=1.55e-07 cos=+0.56 k=2 lam_top=-0.11 align=0.00
[E7] 2079/3456 (22923s) gpt2 L2H5 sign=-0.85 symD=0 V=sym p=1 steps=2802: speed0=1.88e-01 speedT=2.33e-07 cos=+1.00 k=1 lam_top=+0.43 align=1.00
[E7] 2080/3456 (22926s) gpt2 L2H4 sign=+0.79 symD=1 V=push p=0 steps=12807: speed0=1.10e-01 speedT=1.51e-07 cos=+0.07 k=3 lam_top=-0.11 align=0.00
[E7] 2081/3456 (22941s) gpt2 L2H5 sign=-0.85 symD=1 V=full p=0 steps=4038: speed0=6.40e-02 speedT=4.51e-08 cos=+1.00 k=1 lam_top=+0.05 align=1.00
[E7] 2082/3456 (22943s) gpt2 L2H5 sign=-0.85 symD=1 V=full p=1 steps=3860: speed0=6.50e-02 speedT=4.51e-08 cos=+1.00 k=1 lam_top=+0.05 align=1.00
[E7] 2083/3456 (22956s) gpt2 L2H5 sign=-0.85 symD=1 V=sym p=0 steps=2760: speed0=1.70e-01 speedT=3.70e-07 cos=+1.00 k=1 lam_top=+0.43 align=1.00
[E7] 2084/3456 (22958s) gpt2 L2H5 sign=-0.85 symD=1 V=sym p=1 steps=2766: speed0=1.72e-01 speedT=2.71e-07 cos=+1.00 k=1 lam_top=+0.43 align=1.00
[E7] 2085/3456 (23019s) gpt2 L2H5 sign=-0.85 symD=1 V=push p=0 steps=13346: speed0=1.20e-01 speedT=3.24e-04 cos=+0.08 k=4 lam_top=-0.06 align=0.00
[E7] 2086/3456 (23023s) gpt2 L2H5 sign=-0.85 symD=1 V=push p=1 steps=13965: speed0=1.23e-01 speedT=4.86e-07 cos=+0.06 k=4 lam_top=-0.06 align=0.00
[E7] 2087/3456 (23033s) gpt2 L2H6 sign=-0.91 symD=0 V=full p=0 steps=3614: speed0=7.50e-02 speedT=3.66e-08 cos=+1.00 k=1 lam_top=+0.05 align=1.00
[E7] 2088/3456 (23034s) gpt2 L2H5 sign=-0.85 symD=0 V=push p=1 steps=30115: speed0=1.38e-01 speedT=2.11e-03 cos=+0.24 k=33 lam_top=-0.06 align=0.00
[E7] 2089/3456 (23037s) gpt2 L2H6 sign=-0.91 symD=0 V=full p=1 steps=4211: speed0=6.79e-02 speedT=3.07e-08 cos=+1.00 k=1 lam_top=+0.05 align=1.00
[E7] 2090/3456 (23042s) gpt2 L2H5 sign=-0.85 symD=0 V=push p=0 steps=33089: speed0=1.28e-01 speedT=5.82e-05 cos=+0.50 k=5 lam_top=-0.06 align=0.00
[E7] 2091/3456 (23047s) gpt2 L2H6 sign=-0.91 symD=0 V=sym p=0 steps=3965: speed0=1.35e-01 speedT=2.75e-07 cos=+1.00 k=1 lam_top=+0.43 align=1.00
[E7] 2092/3456 (23057s) gpt2 L2H6 sign=-0.91 symD=0 V=sym p=1 steps=4421: speed0=1.45e-01 speedT=3.78e-07 cos=+1.00 k=1 lam_top=+0.43 align=1.00
[E7] 2093/3456 (23063s) gpt2 L2H6 sign=-0.91 symD=1 V=full p=0 steps=4105: speed0=8.63e-02 speedT=9.31e-08 cos=+1.00 k=1 lam_top=+0.05 align=1.00
[E7] 2094/3456 (23075s) gpt2 L2H6 sign=-0.91 symD=0 V=push p=0 steps=11374: speed0=9.63e-02 speedT=6.79e-03 cos=+0.02 k=41 lam_top=-0.03 align=0.00
[E7] 2095/3456 (23075s) gpt2 L2H6 sign=-0.91 symD=1 V=full p=1 steps=4148: speed0=8.21e-02 speedT=6.49e-08 cos=+1.00 k=1 lam_top=+0.05 align=1.00
[E7] 2096/3456 (23086s) gpt2 L2H6 sign=-0.91 symD=1 V=sym p=0 steps=3911: speed0=1.34e-01 speedT=3.63e-07 cos=+1.00 k=1 lam_top=+0.43 align=1.00
[E7] 2097/3456 (23098s) gpt2 L2H6 sign=-0.91 symD=1 V=sym p=1 steps=4102: speed0=1.35e-01 speedT=3.43e-07 cos=+1.00 k=1 lam_top=+0.43 align=1.00
[E7] 2098/3456 (23112s) gpt2 L2H6 sign=-0.91 symD=0 V=push p=1 steps=19817: speed0=1.08e-01 speedT=2.77e-03 cos=+0.07 k=48 lam_top=-0.03 align=0.00
[E7] 2099/3456 (23124s) gpt2 L2H6 sign=-0.91 symD=1 V=push p=0 steps=11056: speed0=9.78e-02 speedT=5.85e-04 cos=+0.18 k=64 lam_top=-0.03 align=0.01
[E7] 2100/3456 (23135s) gpt2 L2H6 sign=-0.91 symD=1 V=push p=1 steps=11026: speed0=9.97e-02 speedT=4.66e-04 cos=+0.19 k=64 lam_top=-0.03 align=0.01
[E7] 2101/3456 (23138s) gpt2 L2H7 sign=-0.58 symD=0 V=sym p=0 steps=2989: speed0=1.42e-01 speedT=2.05e-07 cos=+1.00 k=1 lam_top=+0.50 align=1.00
[E7] 2102/3456 (23148s) gpt2 L2H7 sign=-0.58 symD=0 V=sym p=1 steps=2994: speed0=1.43e-01 speedT=2.05e-07 cos=+1.00 k=1 lam_top=+0.50 align=1.00
[E7] 2103/3456 (23295s) gpt2 L2H7 sign=-0.58 symD=0 V=push p=1 steps=40098: speed0=1.04e-01 speedT=1.04e-02 cos=+0.00 k=3 lam_top=-0.02 align=0.00
[E7] 2104/3456 (23335s) gpt2 L2H7 sign=-0.58 symD=0 V=push p=0 steps=54488: speed0=1.04e-01 speedT=1.18e-03 cos=-0.01 k=2 lam_top=-0.02 align=0.00
[E7] 2105/3456 (23757s) gpt2 L2H7 sign=-0.58 symD=0 V=full p=0 steps=182475: speed0=7.48e-02 speedT=4.92e-01 cos=+1.00 k=1 lam_top=+0.09 align=1.00
[E7] 2106/3456 (23771s) gpt2 L2H7 sign=-0.58 symD=0 V=full p=1 steps=182404: speed0=7.49e-02 speedT=4.97e-01 cos=+1.00 k=1 lam_top=+0.09 align=1.00
[E7] 2107/3456 (23772s) gpt2 L2H7 sign=-0.58 symD=1 V=sym p=0 steps=3034: speed0=1.40e-01 speedT=2.15e-07 cos=+1.00 k=1 lam_top=+0.50 align=1.00
[E7] 2108/3456 (23791s) gpt2 L2H7 sign=-0.58 symD=1 V=sym p=1 steps=3034: speed0=1.40e-01 speedT=1.70e-07 cos=+1.00 k=1 lam_top=+0.50 align=1.00
[E7] 2109/3456 (23828s) gpt2 L2H7 sign=-0.58 symD=1 V=push p=1 steps=7525: speed0=1.00e-01 speedT=9.35e-05 cos=+0.78 k=63 lam_top=-0.02 align=0.01
[E7] 2110/3456 (23839s) gpt2 L2H7 sign=-0.58 symD=1 V=push p=0 steps=13493: speed0=1.00e-01 speedT=2.43e-04 cos=+0.60 k=60 lam_top=-0.02 align=0.00
[E7] 2111/3456 (23849s) gpt2 L2H8 sign=-0.32 symD=0 V=full p=0 steps=5597: speed0=1.13e-01 speedT=6.36e-03 cos=+1.00 k=1 lam_top=+0.15 align=1.00
[E7] 2112/3456 (23861s) gpt2 L2H8 sign=-0.32 symD=0 V=full p=1 steps=6362: speed0=1.27e-01 speedT=4.41e-03 cos=+1.00 k=1 lam_top=+0.15 align=1.00
[E7] 2113/3456 (23863s) gpt2 L2H8 sign=-0.32 symD=0 V=sym p=0 steps=3171: speed0=1.46e-01 speedT=2.14e-07 cos=+1.00 k=1 lam_top=+0.46 align=1.00
[E7] 2114/3456 (23878s) gpt2 L2H8 sign=-0.32 symD=0 V=sym p=1 steps=3265: speed0=1.68e-01 speedT=3.13e-07 cos=+1.00 k=1 lam_top=+0.46 align=1.00
[E7] 2115/3456 (24024s) gpt2 L2H8 sign=-0.32 symD=0 V=push p=0 steps=40107: speed0=1.01e-01 speedT=7.33e-04 cos=+0.17 k=38 lam_top=-0.09 align=0.02
[E7] 2116/3456 (24055s) gpt2 L2H8 sign=-0.32 symD=1 V=full p=0 steps=6587: speed0=9.82e-02 speedT=9.54e-03 cos=+1.00 k=1 lam_top=+0.15 align=1.00
[E7] 2117/3456 (24082s) gpt2 L2H8 sign=-0.32 symD=1 V=full p=1 steps=6135: speed0=9.81e-02 speedT=4.19e-03 cos=+1.00 k=1 lam_top=+0.15 align=1.00
[E7] 2118/3456 (24082s) gpt2 L2H8 sign=-0.32 symD=0 V=push p=1 steps=52065: speed0=1.23e-01 speedT=7.89e-04 cos=+0.08 k=11 lam_top=-0.09 align=0.00
[E7] 2119/3456 (24098s) gpt2 L2H8 sign=-0.32 symD=1 V=sym p=0 steps=3154: speed0=1.45e-01 speedT=2.05e-07 cos=+1.00 k=1 lam_top=+0.46 align=1.00
[E7] 2120/3456 (24099s) gpt2 L2H8 sign=-0.32 symD=1 V=sym p=1 steps=3157: speed0=1.48e-01 speedT=3.12e-07 cos=+1.00 k=1 lam_top=+0.46 align=1.00
[E7] 2121/3456 (24108s) gpt2 L2H7 sign=-0.58 symD=1 V=full p=0 steps=182276: speed0=4.73e-02 speedT=3.87e-01 cos=+1.00 k=1 lam_top=+0.09 align=1.00
[E7] 2122/3456 (24122s) gpt2 L2H9 sign=-0.03 symD=0 V=full p=0 steps=3826: speed0=1.26e-01 speedT=1.39e-07 cos=+1.00 k=1 lam_top=+0.30 align=1.00
[E7] 2123/3456 (24136s) gpt2 L2H9 sign=-0.03 symD=0 V=full p=1 steps=3922: speed0=1.40e-01 speedT=1.25e-07 cos=+1.00 k=1 lam_top=+0.30 align=1.00
[E7] 2124/3456 (24153s) gpt2 L2H7 sign=-0.58 symD=1 V=full p=1 steps=182245: speed0=4.87e-02 speedT=3.86e-01 cos=+1.00 k=1 lam_top=+0.09 align=1.00
[E7] 2125/3456 (24157s) gpt2 L2H9 sign=-0.03 symD=0 V=sym p=0 steps=3685: speed0=1.56e-01 speedT=2.84e-07 cos=+1.00 k=1 lam_top=+0.50 align=1.00
[E7] 2126/3456 (24172s) gpt2 L2H9 sign=-0.03 symD=0 V=sym p=1 steps=3712: speed0=1.87e-01 speedT=2.74e-07 cos=+1.00 k=1 lam_top=+0.50 align=1.00
[E7] 2127/3456 (24190s) gpt2 L2H8 sign=-0.32 symD=1 V=push p=1 steps=19801: speed0=1.03e-01 speedT=7.89e-05 cos=-0.01 k=42 lam_top=-0.09 align=0.00
[E7] 2128/3456 (24195s) gpt2 L2H8 sign=-0.32 symD=1 V=push p=0 steps=20789: speed0=1.02e-01 speedT=8.69e-04 cos=-0.01 k=38 lam_top=-0.09 align=0.00
[E7] 2129/3456 (24209s) gpt2 L2H9 sign=-0.03 symD=1 V=full p=0 steps=3913: speed0=1.23e-01 speedT=1.45e-07 cos=+1.00 k=1 lam_top=+0.30 align=1.00
[E7] 2130/3456 (24214s) gpt2 L2H9 sign=-0.03 symD=1 V=full p=1 steps=3879: speed0=1.26e-01 speedT=1.45e-07 cos=+1.00 k=1 lam_top=+0.30 align=1.00
[E7] 2131/3456 (24226s) gpt2 L2H9 sign=-0.03 symD=0 V=push p=1 steps=13712: speed0=1.41e-01 speedT=1.44e-03 cos=+0.30 k=53 lam_top=-0.04 align=0.03
[E7] 2132/3456 (24230s) gpt2 L2H9 sign=-0.03 symD=1 V=sym p=0 steps=3669: speed0=1.59e-01 speedT=2.08e-07 cos=+1.00 k=1 lam_top=+0.50 align=1.00
[E7] 2133/3456 (24234s) gpt2 L2H9 sign=-0.03 symD=1 V=sym p=1 steps=3706: speed0=1.66e-01 speedT=2.08e-07 cos=+1.00 k=1 lam_top=+0.50 align=1.00
[E7] 2134/3456 (24328s) gpt2 L2H9 sign=-0.03 symD=1 V=push p=0 steps=22644: speed0=1.19e-01 speedT=7.76e-04 cos=-0.01 k=17 lam_top=-0.04 align=0.00
[E7] 2135/3456 (24343s) gpt2 L2H9 sign=-0.03 symD=1 V=push p=1 steps=24514: speed0=1.25e-01 speedT=1.10e-03 cos=-0.01 k=10 lam_top=-0.04 align=0.01
[E7] 2136/3456 (24357s) gpt2 L2H10 sign=-0.92 symD=0 V=sym p=0 steps=2673: speed0=1.91e-01 speedT=3.67e-07 cos=+1.00 k=1 lam_top=+0.42 align=1.00
[E7] 2137/3456 (24370s) gpt2 L2H10 sign=-0.92 symD=0 V=sym p=1 steps=2591: speed0=2.06e-01 speedT=2.91e-07 cos=+1.00 k=1 lam_top=+0.42 align=1.00
[E7] 2138/3456 (24375s) gpt2 L2H9 sign=-0.03 symD=0 V=push p=0 steps=55652: speed0=1.12e-01 speedT=1.08e-02 cos=+0.16 k=37 lam_top=-0.04 align=0.04
[E7] 2139/3456 (24384s) gpt2 L2H10 sign=-0.92 symD=0 V=full p=0 steps=40020: speed0=8.23e-02 speedT=7.65e-02 cos=+1.00 k=1 lam_top=+0.07 align=1.00
[E7] 2140/3456 (24461s) gpt2 L2H10 sign=-0.92 symD=0 V=push p=0 steps=23880: speed0=1.49e-01 speedT=7.44e-04 cos=+0.35 k=55 lam_top=-0.02 align=0.01
[E7] 2141/3456 (24474s) gpt2 L2H10 sign=-0.92 symD=0 V=full p=1 steps=40036: speed0=8.61e-02 speedT=7.56e-02 cos=+1.00 k=1 lam_top=+0.07 align=1.00
[E7] 2142/3456 (24486s) gpt2 L2H10 sign=-0.92 symD=1 V=sym p=0 steps=2665: speed0=1.97e-01 speedT=2.21e-07 cos=+1.00 k=1 lam_top=+0.42 align=1.00
[E7] 2143/3456 (24492s) gpt2 L2H10 sign=-0.92 symD=0 V=push p=1 steps=31366: speed0=1.58e-01 speedT=6.09e-04 cos=+0.07 k=42 lam_top=-0.02 align=0.00
[E7] 2144/3456 (24503s) gpt2 L2H10 sign=-0.92 symD=1 V=sym p=1 steps=2621: speed0=1.94e-01 speedT=2.78e-07 cos=+1.00 k=1 lam_top=+0.42 align=1.00
[E7] 2145/3456 (24544s) gpt2 L2H10 sign=-0.92 symD=1 V=push p=1 steps=8355: speed0=1.50e-01 speedT=3.53e-05 cos=-0.00 k=20 lam_top=-0.02 align=0.00
[E7] 2146/3456 (24550s) gpt2 L2H10 sign=-0.92 symD=1 V=push p=0 steps=11793: speed0=1.53e-01 speedT=5.41e-05 cos=+0.01 k=33 lam_top=-0.02 align=0.00
[E7] 2147/3456 (24557s) gpt2 L2H10 sign=-0.92 symD=1 V=full p=0 steps=39949: speed0=8.00e-02 speedT=6.86e-02 cos=+1.00 k=1 lam_top=+0.07 align=1.00
[E7] 2148/3456 (24576s) gpt2 L2H11 sign=-0.97 symD=0 V=sym p=0 steps=3796: speed0=1.86e-01 speedT=1.89e-07 cos=+1.00 k=1 lam_top=+0.45 align=1.00
[E7] 2149/3456 (24594s) gpt2 L2H11 sign=-0.97 symD=0 V=sym p=1 steps=3761: speed0=2.00e-01 speedT=2.24e-07 cos=+1.00 k=1 lam_top=+0.45 align=1.00
[E7] 2150/3456 (24601s) gpt2 L2H11 sign=-0.97 symD=0 V=full p=0 steps=16276: speed0=1.66e-01 speedT=5.33e-04 cos=+0.78 k=30 lam_top=-0.03 align=0.84
[E7] 2151/3456 (24631s) gpt2 L2H10 sign=-0.92 symD=1 V=full p=1 steps=39954: speed0=8.24e-02 speedT=6.87e-02 cos=+1.00 k=1 lam_top=+0.07 align=1.00
[E7] 2152/3456 (24649s) gpt2 L2H11 sign=-0.97 symD=1 V=full p=0 steps=4067: speed0=1.56e-01 speedT=1.10e-05 cos=+0.99 k=16 lam_top=-0.03 align=0.95
[E7] 2153/3456 (24669s) gpt2 L2H11 sign=-0.97 symD=1 V=full p=1 steps=4509: speed0=1.56e-01 speedT=2.13e-04 cos=+0.99 k=17 lam_top=-0.03 align=0.95
[E7] 2154/3456 (24692s) gpt2 L2H11 sign=-0.97 symD=1 V=sym p=0 steps=3627: speed0=1.99e-01 speedT=2.08e-07 cos=+1.00 k=1 lam_top=+0.45 align=1.00
[E7] 2155/3456 (24699s) gpt2 L2H11 sign=-0.97 symD=0 V=full p=1 steps=42411: speed0=1.63e-01 speedT=9.94e-03 cos=+0.87 k=13 lam_top=-0.03 align=1.00
[E7] 2156/3456 (24713s) gpt2 L2H11 sign=-0.97 symD=1 V=sym p=1 steps=3625: speed0=1.96e-01 speedT=2.24e-07 cos=+1.00 k=1 lam_top=+0.45 align=1.00
[E7] 2157/3456 (24820s) gpt2 L2H11 sign=-0.97 symD=0 V=push p=0 steps=59353: speed0=1.34e-01 speedT=6.94e-06 cos=-0.02 k=2 lam_top=-0.05 align=0.00
[E7] 2158/3456 (24853s) gpt2 L3H0 sign=+0.59 symD=0 V=full p=0 steps=8691: speed0=4.86e-02 speedT=1.28e-06 cos=+0.94 k=2 lam_top=+0.26 align=1.00
[E7] 2159/3456 (24873s) gpt2 L2H11 sign=-0.97 symD=1 V=push p=0 steps=38348: speed0=1.51e-01 speedT=1.29e-03 cos=+0.00 k=22 lam_top=-0.05 align=0.00
[E7] 2160/3456 (24877s) gpt2 L3H0 sign=+0.59 symD=0 V=full p=1 steps=7175: speed0=5.04e-02 speedT=2.47e-07 cos=+1.00 k=1 lam_top=+0.26 align=1.00
[E7] 2161/3456 (24889s) gpt2 L3H0 sign=+0.59 symD=0 V=sym p=0 steps=2809: speed0=2.39e-01 speedT=2.02e-07 cos=+1.00 k=1 lam_top=+0.55 align=1.00
[E7] 2162/3456 (24892s) gpt2 L3H0 sign=+0.59 symD=0 V=sym p=1 steps=2795: speed0=2.36e-01 speedT=3.75e-07 cos=+1.00 k=1 lam_top=+0.55 align=1.00
[E7] 2163/3456 (24893s) gpt2 L2H11 sign=-0.97 symD=0 V=push p=1 steps=76432: speed0=1.44e-01 speedT=1.41e-05 cos=-0.02 k=4 lam_top=-0.05 align=0.00
[E7] 2164/3456 (24941s) gpt2 L3H0 sign=+0.59 symD=0 V=push p=0 steps=12629: speed0=1.51e-01 speedT=1.04e-05 cos=+0.12 k=12 lam_top=-0.03 align=0.00
[E7] 2165/3456 (24942s) gpt2 L3H0 sign=+0.59 symD=1 V=full p=0 steps=10048: speed0=5.52e-02 speedT=1.05e-06 cos=+0.76 k=2 lam_top=+0.26 align=1.00
[E7] 2166/3456 (24955s) gpt2 L2H11 sign=-0.97 symD=1 V=push p=1 steps=53520: speed0=1.49e-01 speedT=1.81e-03 cos=-0.02 k=8 lam_top=-0.05 align=0.32
[E7] 2167/3456 (24958s) gpt2 L3H0 sign=+0.59 symD=1 V=sym p=0 steps=2771: speed0=2.23e-01 speedT=2.99e-07 cos=+1.00 k=1 lam_top=+0.55 align=1.00
[E7] 2168/3456 (24971s) gpt2 L3H0 sign=+0.59 symD=1 V=sym p=1 steps=2750: speed0=2.18e-01 speedT=2.38e-07 cos=+1.00 k=1 lam_top=+0.55 align=1.00
[E7] 2169/3456 (24977s) gpt2 L3H0 sign=+0.59 symD=1 V=full p=1 steps=8087: speed0=5.58e-02 speedT=2.86e-07 cos=+1.00 k=1 lam_top=+0.26 align=1.00
[E7] 2170/3456 (25012s) gpt2 L3H1 sign=-0.76 symD=0 V=full p=0 steps=9325: speed0=5.20e-02 speedT=6.50e-08 cos=+1.00 k=1 lam_top=+0.09 align=1.00
[E7] 2171/3456 (25047s) gpt2 L3H1 sign=-0.76 symD=0 V=full p=1 steps=10160: speed0=5.50e-02 speedT=1.15e-07 cos=+1.00 k=1 lam_top=+0.09 align=1.00
[E7] 2172/3456 (25064s) gpt2 L3H0 sign=+0.59 symD=0 V=push p=1 steps=44178: speed0=1.50e-01 speedT=9.82e-06 cos=-0.02 k=2 lam_top=-0.03 align=0.00
[E7] 2173/3456 (25065s) gpt2 L3H1 sign=-0.76 symD=0 V=sym p=0 steps=3323: speed0=1.97e-01 speedT=2.16e-07 cos=+1.00 k=1 lam_top=+0.46 align=1.00
[E7] 2174/3456 (25083s) gpt2 L3H1 sign=-0.76 symD=0 V=sym p=1 steps=3291: speed0=2.05e-01 speedT=2.26e-07 cos=+1.00 k=1 lam_top=+0.46 align=1.00
[E7] 2175/3456 (25083s) gpt2 L3H0 sign=+0.59 symD=1 V=push p=0 steps=26528: speed0=1.37e-01 speedT=4.19e-07 cos=-0.02 k=3 lam_top=-0.03 align=0.00
[E7] 2176/3456 (25093s) gpt2 L3H1 sign=-0.76 symD=0 V=push p=0 steps=6881: speed0=1.37e-01 speedT=2.97e-04 cos=+0.95 k=22 lam_top=-0.13 align=0.00
[E7] 2177/3456 (25125s) gpt2 L3H1 sign=-0.76 symD=1 V=full p=0 steps=9507: speed0=4.08e-02 speedT=1.07e-07 cos=+1.00 k=1 lam_top=+0.09 align=1.00
[E7] 2178/3456 (25125s) gpt2 L3H1 sign=-0.76 symD=1 V=full p=1 steps=7833: speed0=4.65e-02 speedT=1.47e-07 cos=+1.00 k=1 lam_top=+0.09 align=1.00
[E7] 2179/3456 (25146s) gpt2 L3H1 sign=-0.76 symD=1 V=sym p=0 steps=3275: speed0=1.98e-01 speedT=2.83e-07 cos=+1.00 k=1 lam_top=+0.46 align=1.00
[E7] 2180/3456 (25147s) gpt2 L3H1 sign=-0.76 symD=1 V=sym p=1 steps=3267: speed0=1.97e-01 speedT=1.88e-07 cos=+1.00 k=1 lam_top=+0.46 align=1.00
[E7] 2181/3456 (25196s) gpt2 L3H0 sign=+0.59 symD=1 V=push p=1 steps=48442: speed0=1.35e-01 speedT=2.44e-06 cos=+0.00 k=2 lam_top=-0.03 align=0.00
[E7] 2182/3456 (25216s) gpt2 L3H2 sign=+0.60 symD=0 V=full p=0 steps=5246: speed0=8.58e-02 speedT=1.13e-07 cos=+1.00 k=1 lam_top=+0.33 align=1.00
[E7] 2183/3456 (25220s) gpt2 L3H1 sign=-0.76 symD=1 V=push p=0 steps=14945: speed0=1.40e-01 speedT=9.54e-06 cos=-0.02 k=5 lam_top=-0.13 align=0.00
[E7] 2184/3456 (25239s) gpt2 L3H1 sign=-0.76 symD=1 V=push p=1 steps=18808: speed0=1.40e-01 speedT=1.07e-04 cos=-0.01 k=55 lam_top=-0.13 align=0.00
[E7] 2185/3456 (25240s) gpt2 L3H2 sign=+0.60 symD=0 V=sym p=0 steps=3748: speed0=1.94e-01 speedT=4.07e-07 cos=+1.00 k=1 lam_top=+0.57 align=1.00
[E7] 2186/3456 (25242s) gpt2 L3H2 sign=+0.60 symD=0 V=full p=1 steps=6951: speed0=8.06e-02 speedT=1.11e-07 cos=+1.00 k=1 lam_top=+0.33 align=1.00
[E7] 2187/3456 (25259s) gpt2 L3H2 sign=+0.60 symD=0 V=sym p=1 steps=3742: speed0=2.11e-01 speedT=3.25e-07 cos=+1.00 k=1 lam_top=+0.57 align=1.00
[E7] 2188/3456 (25287s) gpt2 L3H2 sign=+0.60 symD=1 V=full p=0 steps=6068: speed0=5.92e-02 speedT=9.14e-08 cos=+1.00 k=1 lam_top=+0.33 align=1.00
[E7] 2189/3456 (25289s) gpt2 L3H2 sign=+0.60 symD=0 V=push p=1 steps=11236: speed0=1.25e-01 speedT=1.94e-07 cos=+0.00 k=2 lam_top=-0.09 align=0.00
[E7] 2190/3456 (25309s) gpt2 L3H2 sign=+0.60 symD=1 V=sym p=0 steps=3568: speed0=1.96e-01 speedT=2.37e-07 cos=+1.00 k=1 lam_top=+0.57 align=1.00
[E7] 2191/3456 (25310s) gpt2 L3H2 sign=+0.60 symD=1 V=full p=1 steps=5400: speed0=6.57e-02 speedT=1.36e-07 cos=+1.00 k=1 lam_top=+0.33 align=1.00
[E7] 2192/3456 (25311s) gpt2 L3H2 sign=+0.60 symD=0 V=push p=0 steps=16904: speed0=1.11e-01 speedT=2.51e-07 cos=+0.03 k=2 lam_top=-0.09 align=0.00
[E7] 2193/3456 (25329s) gpt2 L3H2 sign=+0.60 symD=1 V=sym p=1 steps=3551: speed0=1.99e-01 speedT=3.87e-07 cos=+1.00 k=1 lam_top=+0.57 align=1.00
[E7] 2194/3456 (25336s) gpt2 L3H1 sign=-0.76 symD=0 V=push p=1 steps=63909: speed0=1.47e-01 speedT=5.99e-03 cos=-0.01 k=15 lam_top=-0.13 align=0.00
[E7] 2195/3456 (25338s) gpt2 L3H2 sign=+0.60 symD=1 V=push p=1 steps=6006: speed0=1.19e-01 speedT=1.01e-07 cos=+0.65 k=2 lam_top=-0.09 align=0.00
[E7] 2196/3456 (25343s) gpt2 L3H2 sign=+0.60 symD=1 V=push p=0 steps=7495: speed0=1.20e-01 speedT=1.42e-07 cos=+0.27 k=2 lam_top=-0.09 align=0.00
[E7] 2197/3456 (25349s) gpt2 L3H3 sign=+0.79 symD=0 V=sym p=0 steps=2704: speed0=2.12e-01 speedT=3.45e-07 cos=+1.00 k=1 lam_top=+0.54 align=1.00
[E7] 2198/3456 (25357s) gpt2 L3H3 sign=+0.79 symD=0 V=sym p=1 steps=2696: speed0=2.24e-01 speedT=2.90e-07 cos=+1.00 k=1 lam_top=+0.54 align=1.00
[E7] 2199/3456 (25360s) gpt2 L3H3 sign=+0.79 symD=0 V=full p=0 steps=10305: speed0=7.10e-02 speedT=4.34e-03 cos=+1.00 k=1 lam_top=+0.28 align=1.00
[E7] 2200/3456 (25366s) gpt2 L3H3 sign=+0.79 symD=0 V=full p=1 steps=10072: speed0=7.54e-02 speedT=4.64e-03 cos=+1.00 k=1 lam_top=+0.28 align=1.00
[E7] 2201/3456 (25406s) gpt2 L3H3 sign=+0.79 symD=1 V=full p=0 steps=10436: speed0=5.44e-02 speedT=3.24e-03 cos=+1.00 k=1 lam_top=+0.28 align=1.00
[E7] 2202/3456 (25408s) gpt2 L3H3 sign=+0.79 symD=1 V=full p=1 steps=9521: speed0=5.49e-02 speedT=4.72e-03 cos=+1.00 k=1 lam_top=+0.28 align=1.00
[E7] 2203/3456 (25419s) gpt2 L3H3 sign=+0.79 symD=1 V=sym p=1 steps=2647: speed0=2.09e-01 speedT=3.30e-07 cos=+1.00 k=1 lam_top=+0.54 align=1.00
[E7] 2204/3456 (25420s) gpt2 L3H3 sign=+0.79 symD=1 V=sym p=0 steps=2683: speed0=2.09e-01 speedT=2.60e-07 cos=+1.00 k=1 lam_top=+0.54 align=1.00
[E7] 2205/3456 (25436s) gpt2 L3H3 sign=+0.79 symD=0 V=push p=0 steps=24431: speed0=1.28e-01 speedT=8.08e-04 cos=+0.24 k=4 lam_top=-0.09 align=0.00
[E7] 2206/3456 (25456s) gpt2 L3H4 sign=-0.88 symD=0 V=full p=0 steps=5465: speed0=3.21e-02 speedT=1.57e-07 cos=+1.00 k=1 lam_top=+0.11 align=1.00
[E7] 2207/3456 (25475s) gpt2 L3H4 sign=-0.88 symD=0 V=full p=1 steps=5641: speed0=3.79e-02 speedT=1.89e-07 cos=+1.00 k=1 lam_top=+0.11 align=1.00
[E7] 2208/3456 (25491s) gpt2 L3H4 sign=-0.88 symD=0 V=sym p=0 steps=2946: speed0=2.63e-01 speedT=3.14e-07 cos=+1.00 k=1 lam_top=+0.49 align=1.00
[E7] 2209/3456 (25507s) gpt2 L3H4 sign=-0.88 symD=0 V=sym p=1 steps=2928: speed0=2.47e-01 speedT=3.05e-07 cos=+1.00 k=1 lam_top=+0.49 align=1.00
[E7] 2210/3456 (25531s) gpt2 L3H3 sign=+0.79 symD=1 V=push p=0 steps=24940: speed0=1.26e-01 speedT=1.58e-04 cos=-0.02 k=25 lam_top=-0.09 align=0.00
[E7] 2211/3456 (25549s) gpt2 L3H3 sign=+0.79 symD=1 V=push p=1 steps=29439: speed0=1.25e-01 speedT=3.90e-02 cos=-0.00 k=15 lam_top=-0.09 align=0.00
[E7] 2212/3456 (25555s) gpt2 L3H3 sign=+0.79 symD=0 V=push p=1 steps=55057: speed0=1.34e-01 speedT=5.29e-04 cos=-0.02 k=5 lam_top=-0.09 align=0.01
[E7] 2213/3456 (25571s) gpt2 L3H4 sign=-0.88 symD=1 V=full p=0 steps=5204: speed0=3.43e-02 speedT=1.92e-07 cos=+1.00 k=1 lam_top=+0.11 align=1.00
[E7] 2214/3456 (25581s) gpt2 L3H4 sign=-0.88 symD=1 V=full p=1 steps=5546: speed0=4.19e-02 speedT=1.55e-07 cos=+1.00 k=1 lam_top=+0.11 align=1.00
[E7] 2215/3456 (25589s) gpt2 L3H4 sign=-0.88 symD=1 V=sym p=0 steps=2923: speed0=2.38e-01 speedT=3.11e-07 cos=+1.00 k=1 lam_top=+0.49 align=1.00
[E7] 2216/3456 (25598s) gpt2 L3H4 sign=-0.88 symD=1 V=sym p=1 steps=2911: speed0=2.24e-01 speedT=2.05e-07 cos=+1.00 k=1 lam_top=+0.49 align=1.00
[E7] 2217/3456 (25629s) gpt2 L3H4 sign=-0.88 symD=0 V=push p=1 steps=25341: speed0=1.74e-01 speedT=5.07e-03 cos=+0.01 k=41 lam_top=-0.05 align=0.00
[E7] 2218/3456 (25649s) gpt2 L3H4 sign=-0.88 symD=1 V=push p=0 steps=12566: speed0=1.70e-01 speedT=5.91e-04 cos=+0.14 k=64 lam_top=-0.05 align=0.01
[E7] 2219/3456 (25660s) gpt2 L3H4 sign=-0.88 symD=1 V=push p=1 steps=13178: speed0=1.59e-01 speedT=1.50e-03 cos=+0.12 k=64 lam_top=-0.05 align=0.01
[E7] 2220/3456 (25663s) gpt2 L3H4 sign=-0.88 symD=0 V=push p=0 steps=39989: speed0=1.87e-01 speedT=4.63e-03 cos=-0.00 k=34 lam_top=-0.05 align=0.02
[E7] 2221/3456 (25676s) gpt2 L3H5 sign=+0.39 symD=0 V=sym p=0 steps=3435: speed0=1.54e-01 speedT=2.70e-07 cos=+1.00 k=1 lam_top=+0.63 align=1.00
[E7] 2222/3456 (25680s) gpt2 L3H5 sign=+0.39 symD=0 V=sym p=1 steps=3448: speed0=1.69e-01 speedT=4.51e-07 cos=+1.00 k=1 lam_top=+0.63 align=1.00
[E7] 2223/3456 (25703s) gpt2 L3H5 sign=+0.39 symD=0 V=full p=0 steps=21016: speed0=3.34e-02 speedT=4.63e-02 cos=+1.00 k=1 lam_top=+0.32 align=1.00
[E7] 2224/3456 (25722s) gpt2 L3H5 sign=+0.39 symD=0 V=full p=1 steps=20718: speed0=5.21e-02 speedT=4.59e-02 cos=+1.00 k=1 lam_top=+0.32 align=1.00
[E7] 2225/3456 (25786s) gpt2 L3H5 sign=+0.39 symD=0 V=push p=1 steps=26748: speed0=1.05e-01 speedT=4.24e-03 cos=-0.01 k=8 lam_top=-0.10 align=0.00
[E7] 2226/3456 (25794s) gpt2 L3H5 sign=+0.39 symD=1 V=full p=0 steps=20880: speed0=2.83e-02 speedT=4.14e-02 cos=+1.00 k=1 lam_top=+0.32 align=1.00
[E7] 2227/3456 (25804s) gpt2 L3H5 sign=+0.39 symD=1 V=sym p=0 steps=3411: speed0=1.58e-01 speedT=3.19e-07 cos=+1.00 k=1 lam_top=+0.63 align=1.00
[E7] 2228/3456 (25811s) gpt2 L3H5 sign=+0.39 symD=1 V=sym p=1 steps=3420: speed0=1.70e-01 speedT=3.43e-07 cos=+1.00 k=1 lam_top=+0.63 align=1.00
[E7] 2229/3456 (25812s) gpt2 L3H5 sign=+0.39 symD=1 V=full p=1 steps=20691: speed0=5.40e-02 speedT=4.56e-02 cos=+1.00 k=1 lam_top=+0.32 align=1.00
[E7] 2230/3456 (25826s) gpt2 L3H6 sign=+0.04 symD=0 V=full p=0 steps=4026: speed0=9.15e-02 speedT=1.40e-07 cos=+1.00 k=1 lam_top=+0.23 align=1.00
[E7] 2231/3456 (25848s) gpt2 L3H5 sign=+0.39 symD=0 V=push p=0 steps=45489: speed0=1.01e-01 speedT=5.41e-05 cos=-0.01 k=3 lam_top=-0.10 align=0.00
[E7] 2232/3456 (25849s) gpt2 L3H6 sign=+0.04 symD=0 V=full p=1 steps=6378: speed0=8.63e-02 speedT=8.97e-08 cos=+1.00 k=1 lam_top=+0.23 align=1.00
[E7] 2233/3456 (25864s) gpt2 L3H6 sign=+0.04 symD=0 V=sym p=0 steps=3044: speed0=1.79e-01 speedT=3.81e-07 cos=+1.00 k=1 lam_top=+0.51 align=1.00
[E7] 2234/3456 (25865s) gpt2 L3H6 sign=+0.04 symD=0 V=sym p=1 steps=3111: speed0=2.00e-01 speedT=2.13e-07 cos=+1.00 k=1 lam_top=+0.51 align=1.00
[E7] 2235/3456 (25874s) gpt2 L3H5 sign=+0.39 symD=1 V=push p=0 steps=15747: speed0=1.04e-01 speedT=2.90e-04 cos=+0.09 k=54 lam_top=-0.10 align=0.00
[E7] 2236/3456 (25878s) gpt2 L3H5 sign=+0.39 symD=1 V=push p=1 steps=14691: speed0=1.07e-01 speedT=1.56e-04 cos=+0.02 k=54 lam_top=-0.10 align=0.00
[E7] 2237/3456 (25890s) gpt2 L3H6 sign=+0.04 symD=1 V=full p=0 steps=4043: speed0=7.84e-02 speedT=1.03e-07 cos=+1.00 k=1 lam_top=+0.23 align=1.00
[E7] 2238/3456 (25899s) gpt2 L3H6 sign=+0.04 symD=1 V=full p=1 steps=4854: speed0=8.25e-02 speedT=1.28e-07 cos=+1.00 k=1 lam_top=+0.23 align=1.00
[E7] 2239/3456 (25909s) gpt2 L3H6 sign=+0.04 symD=1 V=sym p=0 steps=3029: speed0=1.97e-01 speedT=2.04e-07 cos=+1.00 k=1 lam_top=+0.51 align=1.00
[E7] 2240/3456 (25917s) gpt2 L3H6 sign=+0.04 symD=1 V=sym p=1 steps=3057: speed0=1.95e-01 speedT=2.29e-07 cos=+1.00 k=1 lam_top=+0.51 align=1.00
[E7] 2241/3456 (25946s) gpt2 L3H6 sign=+0.04 symD=0 V=push p=1 steps=21436: speed0=1.40e-01 speedT=3.30e-04 cos=-0.02 k=23 lam_top=-0.11 align=0.00
[E7] 2242/3456 (25967s) gpt2 L3H7 sign=+0.11 symD=0 V=full p=0 steps=5481: speed0=8.60e-02 speedT=1.32e-07 cos=+1.00 k=1 lam_top=+0.21 align=1.00
[E7] 2243/3456 (25983s) gpt2 L3H6 sign=+0.04 symD=1 V=push p=1 steps=14333: speed0=1.40e-01 speedT=2.34e-03 cos=+0.01 k=60 lam_top=-0.11 align=0.00
[E7] 2244/3456 (25988s) gpt2 L3H7 sign=+0.11 symD=0 V=full p=1 steps=6024: speed0=8.18e-02 speedT=1.27e-07 cos=+1.00 k=1 lam_top=+0.21 align=1.00
[E7] 2245/3456 (25990s) gpt2 L3H6 sign=+0.04 symD=1 V=push p=0 steps=17594: speed0=1.38e-01 speedT=1.48e-03 cos=-0.01 k=63 lam_top=-0.11 align=0.00
[E7] 2246/3456 (25997s) gpt2 L3H7 sign=+0.11 symD=0 V=sym p=0 steps=3072: speed0=1.60e-01 speedT=2.53e-07 cos=+1.00 k=1 lam_top=+0.46 align=1.00
[E7] 2247/3456 (26001s) gpt2 L3H7 sign=+0.11 symD=0 V=sym p=1 steps=3023: speed0=1.75e-01 speedT=3.09e-07 cos=+1.00 k=1 lam_top=+0.46 align=1.00
[E7] 2248/3456 (26021s) gpt2 L3H7 sign=+0.11 symD=1 V=full p=0 steps=5095: speed0=6.51e-02 speedT=1.15e-07 cos=+1.00 k=1 lam_top=+0.21 align=1.00
[E7] 2249/3456 (26030s) gpt2 L3H6 sign=+0.04 symD=0 V=push p=0 steps=44764: speed0=1.24e-01 speedT=1.00e-04 cos=-0.02 k=3 lam_top=-0.11 align=0.00
[E7] 2250/3456 (26045s) gpt2 L3H7 sign=+0.11 symD=1 V=sym p=0 steps=2946: speed0=1.65e-01 speedT=2.62e-07 cos=+1.00 k=1 lam_top=+0.46 align=1.00
[E7] 2251/3456 (26060s) gpt2 L3H7 sign=+0.11 symD=1 V=sym p=1 steps=2945: speed0=1.65e-01 speedT=2.02e-07 cos=+1.00 k=1 lam_top=+0.46 align=1.00
[E7] 2252/3456 (26065s) gpt2 L3H7 sign=+0.11 symD=1 V=full p=1 steps=10886: speed0=7.01e-02 speedT=8.17e-07 cos=+1.00 k=1 lam_top=+0.21 align=1.00
[E7] 2253/3456 (26105s) gpt2 L3H7 sign=+0.11 symD=0 V=push p=0 steps=32045: speed0=1.13e-01 speedT=8.22e-02 cos=+0.22 k=63 lam_top=-0.08 align=0.01
[E7] 2254/3456 (26117s) gpt2 L3H8 sign=-0.82 symD=0 V=full p=0 steps=3449: speed0=5.21e-02 speedT=9.27e-08 cos=+1.00 k=1 lam_top=+0.12 align=1.00
[E7] 2255/3456 (26123s) gpt2 L3H7 sign=+0.11 symD=1 V=push p=0 steps=14462: speed0=1.17e-01 speedT=4.94e-04 cos=+0.04 k=63 lam_top=-0.08 align=0.01
[E7] 2256/3456 (26125s) gpt2 L3H7 sign=+0.11 symD=1 V=push p=1 steps=13858: speed0=1.17e-01 speedT=1.02e-03 cos=+0.06 k=64 lam_top=-0.08 align=0.00
[E7] 2257/3456 (26130s) gpt2 L3H8 sign=-0.82 symD=0 V=full p=1 steps=3883: speed0=6.29e-02 speedT=1.18e-07 cos=+1.00 k=1 lam_top=+0.12 align=1.00
[E7] 2258/3456 (26134s) gpt2 L3H8 sign=-0.82 symD=0 V=sym p=0 steps=2772: speed0=1.93e-01 speedT=3.44e-07 cos=+1.00 k=1 lam_top=+0.41 align=1.00
[E7] 2259/3456 (26136s) gpt2 L3H8 sign=-0.82 symD=0 V=sym p=1 steps=2762: speed0=2.00e-01 speedT=2.93e-07 cos=+1.00 k=1 lam_top=+0.41 align=1.00
[E7] 2260/3456 (26150s) gpt2 L3H8 sign=-0.82 symD=1 V=full p=0 steps=3206: speed0=4.39e-02 speedT=1.20e-07 cos=+1.00 k=1 lam_top=+0.12 align=1.00
[E7] 2261/3456 (26164s) gpt2 L3H8 sign=-0.82 symD=1 V=full p=1 steps=3252: speed0=4.69e-02 speedT=9.21e-08 cos=+1.00 k=1 lam_top=+0.12 align=1.00
[E7] 2262/3456 (26179s) gpt2 L3H8 sign=-0.82 symD=1 V=sym p=0 steps=2735: speed0=1.87e-01 speedT=2.79e-07 cos=+1.00 k=1 lam_top=+0.41 align=1.00
[E7] 2263/3456 (26194s) gpt2 L3H8 sign=-0.82 symD=1 V=sym p=1 steps=2725: speed0=1.87e-01 speedT=2.49e-07 cos=+1.00 k=1 lam_top=+0.41 align=1.00
[E7] 2264/3456 (26204s) gpt2 L3H7 sign=+0.11 symD=0 V=push p=1 steps=58831: speed0=1.20e-01 speedT=5.39e-03 cos=+0.07 k=46 lam_top=-0.08 align=0.01
[E7] 2265/3456 (26231s) gpt2 L3H8 sign=-0.82 symD=0 V=push p=0 steps=26723: speed0=1.40e-01 speedT=8.55e-04 cos=-0.01 k=30 lam_top=-0.12 align=0.04
[E7] 2266/3456 (26259s) gpt2 L3H8 sign=-0.82 symD=0 V=push p=1 steps=33904: speed0=1.46e-01 speedT=1.45e-03 cos=-0.01 k=18 lam_top=-0.12 align=0.06
[E7] 2267/3456 (26267s) gpt2 L3H8 sign=-0.82 symD=1 V=push p=0 steps=16669: speed0=1.35e-01 speedT=8.46e-04 cos=+0.00 k=64 lam_top=-0.12 align=0.01
[E7] 2268/3456 (26275s) gpt2 L3H8 sign=-0.82 symD=1 V=push p=1 steps=15691: speed0=1.33e-01 speedT=3.41e-03 cos=+0.02 k=64 lam_top=-0.12 align=0.00
[E7] 2269/3456 (26281s) gpt2 L3H9 sign=+0.22 symD=0 V=sym p=0 steps=3205: speed0=1.87e-01 speedT=2.21e-07 cos=+1.00 k=1 lam_top=+0.53 align=1.00
[E7] 2270/3456 (26291s) gpt2 L3H9 sign=+0.22 symD=0 V=sym p=1 steps=3138: speed0=1.87e-01 speedT=3.02e-07 cos=+1.00 k=1 lam_top=+0.53 align=1.00
[E7] 2271/3456 (26319s) gpt2 L3H9 sign=+0.22 symD=0 V=full p=0 steps=29076: speed0=7.18e-02 speedT=2.95e-02 cos=+1.00 k=1 lam_top=+0.20 align=1.00
[E7] 2272/3456 (26353s) gpt2 L3H9 sign=+0.22 symD=0 V=full p=1 steps=31276: speed0=8.36e-02 speedT=2.95e-02 cos=+1.00 k=1 lam_top=+0.20 align=1.00
[E7] 2273/3456 (26365s) gpt2 L3H9 sign=+0.22 symD=0 V=push p=1 steps=21532: speed0=1.21e-01 speedT=1.30e-04 cos=-0.02 k=8 lam_top=-0.13 align=0.00
[E7] 2274/3456 (26383s) gpt2 L3H9 sign=+0.22 symD=1 V=sym p=0 steps=3195: speed0=1.88e-01 speedT=3.55e-07 cos=+1.00 k=1 lam_top=+0.53 align=1.00
[E7] 2275/3456 (26400s) gpt2 L3H9 sign=+0.22 symD=1 V=sym p=1 steps=3157: speed0=1.82e-01 speedT=3.46e-07 cos=+1.00 k=1 lam_top=+0.53 align=1.00
[E7] 2276/3456 (26417s) gpt2 L3H9 sign=+0.22 symD=0 V=push p=0 steps=40966: speed0=1.22e-01 speedT=3.33e-04 cos=-0.01 k=4 lam_top=-0.13 align=0.02
[E7] 2277/3456 (26443s) gpt2 L3H9 sign=+0.22 symD=1 V=full p=0 steps=29720: speed0=6.07e-02 speedT=4.21e-02 cos=+1.00 k=1 lam_top=+0.20 align=1.00
[E7] 2278/3456 (26450s) gpt2 L3H9 sign=+0.22 symD=1 V=push p=0 steps=11111: speed0=1.26e-01 speedT=7.72e-06 cos=-0.02 k=9 lam_top=-0.13 align=0.00
[E7] 2279/3456 (26475s) gpt2 L3H9 sign=+0.22 symD=1 V=full p=1 steps=29072: speed0=6.42e-02 speedT=3.83e-02 cos=+1.00 k=1 lam_top=+0.20 align=1.00
[E7] 2280/3456 (26488s) gpt2 L3H10 sign=-0.99 symD=0 V=sym p=0 steps=2569: speed0=2.18e-01 speedT=2.52e-07 cos=+1.00 k=1 lam_top=+0.33 align=1.00
[E7] 2281/3456 (26499s) gpt2 L3H9 sign=+0.22 symD=1 V=push p=1 steps=17540: speed0=1.21e-01 speedT=4.47e-05 cos=-0.01 k=22 lam_top=-0.13 align=0.00
[E7] 2282/3456 (26502s) gpt2 L3H10 sign=-0.99 symD=0 V=sym p=1 steps=2580: speed0=2.31e-01 speedT=2.54e-07 cos=+1.00 k=1 lam_top=+0.33 align=1.00
[E7] 2283/3456 (26630s) gpt2 L3H10 sign=-0.99 symD=0 V=full p=1 steps=51658: speed0=5.02e-02 speedT=5.15e-03 cos=+0.05 k=50 lam_top=-0.06 align=0.08
[E7] 2284/3456 (26654s) gpt2 L3H10 sign=-0.99 symD=1 V=full p=0 steps=6462: speed0=3.65e-02 speedT=3.09e-04 cos=+0.45 k=64 lam_top=-0.06 align=0.08
[E7] 2285/3456 (26682s) gpt2 L3H10 sign=-0.99 symD=1 V=full p=1 steps=6284: speed0=4.50e-02 speedT=6.51e-04 cos=+0.45 k=64 lam_top=-0.06 align=0.04
[E7] 2286/3456 (26695s) gpt2 L3H10 sign=-0.99 symD=1 V=sym p=0 steps=2547: speed0=2.30e-01 speedT=3.27e-07 cos=+1.00 k=1 lam_top=+0.33 align=1.00
[E7] 2287/3456 (26710s) gpt2 L3H10 sign=-0.99 symD=1 V=sym p=1 steps=2548: speed0=2.28e-01 speedT=3.24e-07 cos=+1.00 k=1 lam_top=+0.33 align=1.00
[E7] 2288/3456 (26741s) gpt2 L3H10 sign=-0.99 symD=1 V=push p=0 steps=6603: speed0=1.85e-01 speedT=1.13e-03 cos=+0.44 k=64 lam_top=-0.13 align=0.01
[E7] 2289/3456 (26744s) gpt2 L3H10 sign=-0.99 symD=0 V=push p=1 steps=66781: speed0=1.89e-01 speedT=3.37e-02 cos=+0.01 k=44 lam_top=-0.13 align=0.11
[E7] 2290/3456 (26770s) gpt2 L3H10 sign=-0.99 symD=1 V=push p=1 steps=6292: speed0=1.86e-01 speedT=3.19e-04 cos=+0.49 k=64 lam_top=-0.13 align=0.01
[E7] 2291/3456 (26779s) gpt2 L3H10 sign=-0.99 symD=0 V=push p=0 steps=76714: speed0=1.75e-01 speedT=5.69e-03 cos=-0.01 k=11 lam_top=-0.13 align=0.14
[E7] 2292/3456 (26795s) gpt2 L3H11 sign=+0.58 symD=0 V=sym p=0 steps=3595: speed0=1.69e-01 speedT=3.05e-07 cos=+1.00 k=1 lam_top=+0.56 align=1.00
[E7] 2293/3456 (26808s) gpt2 L3H11 sign=+0.58 symD=0 V=sym p=1 steps=3620: speed0=1.73e-01 speedT=2.05e-07 cos=+1.00 k=1 lam_top=+0.56 align=1.00
[E7] 2294/3456 (26809s) gpt2 L3H11 sign=+0.58 symD=0 V=full p=0 steps=19954: speed0=1.01e-01 speedT=5.51e-02 cos=+1.00 k=1 lam_top=+0.30 align=1.00
[E7] 2295/3456 (26836s) gpt2 L3H11 sign=+0.58 symD=0 V=full p=1 steps=21038: speed0=9.40e-02 speedT=4.37e-02 cos=+1.00 k=1 lam_top=+0.30 align=1.00
[E7] 2296/3456 (26892s) gpt2 L3H10 sign=-0.99 symD=0 V=full p=0 steps=128635: speed0=4.14e-02 speedT=7.30e-02 cos=-0.00 k=51 lam_top=-0.06 align=0.05
[E7] 2297/3456 (26923s) gpt2 L3H11 sign=+0.58 symD=1 V=full p=0 steps=19796: speed0=7.42e-02 speedT=5.41e-02 cos=+1.00 k=1 lam_top=+0.30 align=1.00
[E7] 2298/3456 (26934s) gpt2 L3H11 sign=+0.58 symD=0 V=push p=0 steps=36271: speed0=1.08e-01 speedT=7.35e-04 cos=-0.02 k=6 lam_top=-0.11 align=0.03
[E7] 2299/3456 (26944s) gpt2 L3H11 sign=+0.58 symD=1 V=sym p=0 steps=3544: speed0=1.77e-01 speedT=3.01e-07 cos=+1.00 k=1 lam_top=+0.56 align=1.00
[E7] 2300/3456 (26950s) gpt2 L3H11 sign=+0.58 symD=1 V=sym p=1 steps=3619: speed0=1.73e-01 speedT=2.27e-07 cos=+1.00 k=1 lam_top=+0.56 align=1.00
[E7] 2301/3456 (26972s) gpt2 L3H11 sign=+0.58 symD=1 V=full p=1 steps=20818: speed0=8.81e-02 speedT=4.63e-02 cos=+1.00 k=1 lam_top=+0.30 align=1.00
[E7] 2302/3456 (26990s) gpt2 L4H0 sign=+0.53 symD=0 V=full p=0 steps=4834: speed0=6.17e-02 speedT=9.49e-08 cos=+1.00 k=1 lam_top=+0.25 align=1.00
[E7] 2303/3456 (27000s) gpt2 L3H11 sign=+0.58 symD=1 V=push p=0 steps=14582: speed0=1.19e-01 speedT=2.95e-04 cos=-0.00 k=62 lam_top=-0.11 align=0.01
[E7] 2304/3456 (27010s) gpt2 L4H0 sign=+0.53 symD=0 V=full p=1 steps=5689: speed0=7.74e-02 speedT=1.70e-07 cos=+1.00 k=1 lam_top=+0.25 align=1.00
[E7] 2305/3456 (27018s) gpt2 L4H0 sign=+0.53 symD=0 V=sym p=0 steps=3491: speed0=1.69e-01 speedT=2.42e-07 cos=+1.00 k=1 lam_top=+0.52 align=1.00
[E7] 2306/3456 (27018s) gpt2 L3H11 sign=+0.58 symD=1 V=push p=1 steps=16443: speed0=1.20e-01 speedT=7.48e-04 cos=+0.01 k=63 lam_top=-0.11 align=0.00
[E7] 2307/3456 (27029s) gpt2 L4H0 sign=+0.53 symD=0 V=sym p=1 steps=3548: speed0=1.54e-01 speedT=2.77e-07 cos=+1.00 k=1 lam_top=+0.52 align=1.00
[E7] 2308/3456 (27052s) gpt2 L4H0 sign=+0.53 symD=1 V=full p=0 steps=5762: speed0=4.73e-02 speedT=1.02e-07 cos=+1.00 k=1 lam_top=+0.25 align=1.00
[E7] 2309/3456 (27077s) gpt2 L3H11 sign=+0.58 symD=0 V=push p=1 steps=76337: speed0=1.21e-01 speedT=3.17e-02 cos=-0.01 k=11 lam_top=-0.11 align=0.00
[E7] 2310/3456 (27077s) gpt2 L4H0 sign=+0.53 symD=1 V=full p=1 steps=6045: speed0=5.68e-02 speedT=1.13e-07 cos=+1.00 k=1 lam_top=+0.25 align=1.00
[E7] 2311/3456 (27096s) gpt2 L4H0 sign=+0.53 symD=1 V=sym p=0 steps=3455: speed0=1.67e-01 speedT=2.00e-07 cos=+1.00 k=1 lam_top=+0.52 align=1.00
[E7] 2312/3456 (27097s) gpt2 L4H0 sign=+0.53 symD=1 V=sym p=1 steps=3426: speed0=1.58e-01 speedT=3.82e-07 cos=+1.00 k=1 lam_top=+0.52 align=1.00
[E7] 2313/3456 (27129s) gpt2 L4H0 sign=+0.53 symD=0 V=push p=0 steps=30511: speed0=1.04e-01 speedT=2.00e-03 cos=-0.02 k=7 lam_top=-0.11 align=0.00
[E7] 2314/3456 (27163s) gpt2 L4H0 sign=+0.53 symD=1 V=push p=1 steps=14352: speed0=9.55e-02 speedT=3.44e-04 cos=+0.00 k=61 lam_top=-0.11 align=0.00
[E7] 2315/3456 (27163s) gpt2 L4H0 sign=+0.53 symD=1 V=push p=0 steps=14921: speed0=1.04e-01 speedT=1.94e-04 cos=-0.00 k=42 lam_top=-0.11 align=0.00
[E7] 2316/3456 (27176s) gpt2 L4H1 sign=+0.30 symD=0 V=sym p=0 steps=3000: speed0=2.03e-01 speedT=2.88e-07 cos=+1.00 k=1 lam_top=+0.54 align=1.00
[E7] 2317/3456 (27192s) gpt2 L4H1 sign=+0.30 symD=0 V=sym p=1 steps=3038: speed0=1.85e-01 speedT=2.00e-07 cos=+1.00 k=1 lam_top=+0.54 align=1.00
[E7] 2318/3456 (27215s) gpt2 L4H0 sign=+0.53 symD=0 V=push p=1 steps=53018: speed0=9.25e-02 speedT=1.00e-03 cos=-0.01 k=8 lam_top=-0.11 align=0.00
[E7] 2319/3456 (27226s) gpt2 L4H1 sign=+0.30 symD=0 V=full p=0 steps=26577: speed0=4.33e-02 speedT=5.07e-02 cos=+1.00 k=1 lam_top=+0.20 align=1.00
[E7] 2320/3456 (27260s) gpt2 L4H1 sign=+0.30 symD=0 V=full p=1 steps=27118: speed0=5.27e-02 speedT=2.24e-02 cos=+1.00 k=1 lam_top=+0.20 align=1.00
[E7] 2321/3456 (27305s) gpt2 L4H1 sign=+0.30 symD=0 V=push p=0 steps=30660: speed0=1.29e-01 speedT=5.26e-04 cos=-0.01 k=3 lam_top=-0.10 align=0.00
[E7] 2322/3456 (27325s) gpt2 L4H1 sign=+0.30 symD=1 V=sym p=0 steps=2993: speed0=2.02e-01 speedT=2.09e-07 cos=+1.00 k=1 lam_top=+0.54 align=1.00
[E7] 2323/3456 (27338s) gpt2 L4H1 sign=+0.30 symD=1 V=full p=0 steps=26480: speed0=3.54e-02 speedT=6.64e-02 cos=+1.00 k=1 lam_top=+0.20 align=1.00
[E7] 2324/3456 (27341s) gpt2 L4H1 sign=+0.30 symD=1 V=sym p=1 steps=2994: speed0=1.87e-01 speedT=3.05e-07 cos=+1.00 k=1 lam_top=+0.54 align=1.00
[E7] 2325/3456 (27379s) gpt2 L4H1 sign=+0.30 symD=1 V=full p=1 steps=26652: speed0=4.43e-02 speedT=2.11e-02 cos=+1.00 k=1 lam_top=+0.20 align=1.00
[E7] 2326/3456 (27394s) gpt2 L4H1 sign=+0.30 symD=0 V=push p=1 steps=46862: speed0=1.24e-01 speedT=4.83e-04 cos=-0.02 k=4 lam_top=-0.10 align=0.20
[E7] 2327/3456 (27394s) gpt2 L4H2 sign=-0.11 symD=0 V=full p=0 steps=3801: speed0=2.81e-02 speedT=1.14e-07 cos=+1.00 k=1 lam_top=+0.24 align=1.00
[E7] 2328/3456 (27409s) gpt2 L4H1 sign=+0.30 symD=1 V=push p=0 steps=14919: speed0=1.30e-01 speedT=2.98e-04 cos=+0.00 k=56 lam_top=-0.10 align=0.00
[E7] 2329/3456 (27410s) gpt2 L4H2 sign=-0.11 symD=0 V=full p=1 steps=4303: speed0=4.00e-02 speedT=5.52e-08 cos=+1.00 k=1 lam_top=+0.24 align=1.00
[E7] 2330/3456 (27413s) gpt2 L4H2 sign=-0.11 symD=0 V=sym p=0 steps=3556: speed0=1.65e-01 speedT=2.16e-07 cos=+1.00 k=1 lam_top=+0.63 align=1.00
[E7] 2331/3456 (27426s) gpt2 L4H2 sign=-0.11 symD=0 V=sym p=1 steps=3506: speed0=1.60e-01 speedT=2.84e-07 cos=+1.00 k=1 lam_top=+0.63 align=1.00
[E7] 2332/3456 (27431s) gpt2 L4H1 sign=+0.30 symD=1 V=push p=1 steps=19309: speed0=1.24e-01 speedT=1.27e-04 cos=-0.02 k=21 lam_top=-0.10 align=0.00
[E7] 2333/3456 (27444s) gpt2 L4H2 sign=-0.11 symD=1 V=full p=0 steps=3999: speed0=2.64e-02 speedT=1.46e-07 cos=+1.00 k=1 lam_top=+0.24 align=1.00
[E7] 2334/3456 (27448s) gpt2 L4H2 sign=-0.11 symD=1 V=full p=1 steps=4385: speed0=3.89e-02 speedT=1.77e-07 cos=+1.00 k=1 lam_top=+0.24 align=1.00
[E7] 2335/3456 (27463s) gpt2 L4H2 sign=-0.11 symD=1 V=sym p=1 steps=3551: speed0=1.66e-01 speedT=2.41e-07 cos=+1.00 k=1 lam_top=+0.63 align=1.00
[E7] 2336/3456 (27465s) gpt2 L4H2 sign=-0.11 symD=0 V=push p=1 steps=15116: speed0=1.11e-01 speedT=3.93e-04 cos=-0.02 k=8 lam_top=-0.11 align=0.00
[E7] 2337/3456 (27466s) gpt2 L4H2 sign=-0.11 symD=1 V=sym p=0 steps=3569: speed0=1.74e-01 speedT=2.26e-07 cos=+1.00 k=1 lam_top=+0.63 align=1.00
[E7] 2338/3456 (27535s) gpt2 L4H2 sign=-0.11 symD=1 V=push p=1 steps=15816: speed0=1.15e-01 speedT=5.11e-05 cos=-0.01 k=21 lam_top=-0.11 align=0.00
[E7] 2339/3456 (27548s) gpt2 L4H2 sign=-0.11 symD=1 V=push p=0 steps=19703: speed0=1.19e-01 speedT=1.87e-05 cos=-0.02 k=8 lam_top=-0.11 align=0.00
[E7] 2340/3456 (27556s) gpt2 L4H3 sign=+0.94 symD=0 V=full p=0 steps=25911: speed0=6.81e-02 speedT=6.62e-02 cos=+1.00 k=1 lam_top=+0.42 align=1.00
[E7] 2341/3456 (27571s) gpt2 L4H3 sign=+0.94 symD=0 V=sym p=0 steps=4489: speed0=1.92e-01 speedT=2.90e-07 cos=+1.00 k=1 lam_top=+0.64 align=1.00
[E7] 2342/3456 (27578s) gpt2 L4H3 sign=+0.94 symD=0 V=sym p=1 steps=4425: speed0=1.79e-01 speedT=2.39e-07 cos=+1.00 k=1 lam_top=+0.64 align=1.00
[E7] 2343/3456 (27600s) gpt2 L4H2 sign=-0.11 symD=0 V=push p=0 steps=53188: speed0=1.13e-01 speedT=4.18e-03 cos=+0.06 k=3 lam_top=-0.11 align=0.00
[E7] 2344/3456 (27628s) gpt2 L4H3 sign=+0.94 symD=0 V=full p=1 steps=26080: speed0=7.11e-02 speedT=4.14e-02 cos=+1.00 k=1 lam_top=+0.42 align=1.00
[E7] 2345/3456 (27678s) gpt2 L4H3 sign=+0.94 symD=0 V=push p=1 steps=27292: speed0=1.11e-01 speedT=2.40e-03 cos=-0.01 k=6 lam_top=-0.08 align=0.00
[E7] 2346/3456 (27679s) gpt2 L4H3 sign=+0.94 symD=0 V=push p=0 steps=29066: speed0=1.11e-01 speedT=4.47e-04 cos=-0.01 k=10 lam_top=-0.08 align=0.00
[E7] 2347/3456 (27704s) gpt2 L4H3 sign=+0.94 symD=1 V=sym p=0 steps=4506: speed0=1.89e-01 speedT=2.90e-07 cos=+1.00 k=1 lam_top=+0.64 align=1.00
[E7] 2348/3456 (27705s) gpt2 L4H3 sign=+0.94 symD=1 V=sym p=1 steps=4466: speed0=1.76e-01 speedT=2.10e-07 cos=+1.00 k=1 lam_top=+0.64 align=1.00
[E7] 2349/3456 (27709s) gpt2 L4H3 sign=+0.94 symD=1 V=full p=0 steps=25763: speed0=5.07e-02 speedT=4.55e-02 cos=+1.00 k=1 lam_top=+0.42 align=1.00
[E7] 2350/3456 (27727s) gpt2 L4H4 sign=-0.93 symD=0 V=full p=0 steps=4988: speed0=1.57e-02 speedT=6.48e-07 cos=+1.00 k=1 lam_top=+0.02 align=1.00
[E7] 2351/3456 (27738s) gpt2 L4H3 sign=+0.94 symD=1 V=full p=1 steps=25825: speed0=5.77e-02 speedT=4.74e-02 cos=+1.00 k=1 lam_top=+0.42 align=1.00
[E7] 2352/3456 (27740s) gpt2 L4H3 sign=+0.94 symD=1 V=push p=0 steps=8415: speed0=1.22e-01 speedT=1.54e-04 cos=-0.00 k=38 lam_top=-0.08 align=0.00
[E7] 2353/3456 (27744s) gpt2 L4H4 sign=-0.93 symD=0 V=full p=1 steps=5675: speed0=2.29e-02 speedT=8.52e-07 cos=+1.00 k=1 lam_top=+0.02 align=1.00
[E7] 2354/3456 (27750s) gpt2 L4H4 sign=-0.93 symD=0 V=sym p=0 steps=2641: speed0=3.59e-01 speedT=2.58e-07 cos=+1.00 k=1 lam_top=+0.46 align=1.00
[E7] 2355/3456 (27752s) gpt2 L4H4 sign=-0.93 symD=0 V=sym p=1 steps=2636: speed0=3.38e-01 speedT=2.53e-07 cos=+1.00 k=1 lam_top=+0.46 align=1.00
[E7] 2356/3456 (27770s) gpt2 L4H4 sign=-0.93 symD=1 V=full p=0 steps=4389: speed0=1.90e-02 speedT=3.95e-07 cos=+1.00 k=1 lam_top=+0.02 align=1.00
[E7] 2357/3456 (27780s) gpt2 L4H4 sign=-0.93 symD=0 V=push p=0 steps=9632: speed0=2.53e-01 speedT=1.34e-03 cos=+0.49 k=64 lam_top=-0.14 align=0.02
[E7] 2358/3456 (27787s) gpt2 L4H4 sign=-0.93 symD=1 V=full p=1 steps=3816: speed0=2.67e-02 speedT=1.32e-07 cos=+1.00 k=1 lam_top=+0.02 align=1.00
[E7] 2359/3456 (27793s) gpt2 L4H3 sign=+0.94 symD=1 V=push p=1 steps=20552: speed0=1.13e-01 speedT=6.02e-04 cos=-0.01 k=17 lam_top=-0.08 align=0.00
[E7] 2360/3456 (27795s) gpt2 L4H4 sign=-0.93 symD=1 V=sym p=0 steps=2628: speed0=3.32e-01 speedT=2.47e-07 cos=+1.00 k=1 lam_top=+0.46 align=1.00
[E7] 2361/3456 (27803s) gpt2 L4H4 sign=-0.93 symD=1 V=sym p=1 steps=2630: speed0=3.10e-01 speedT=3.75e-07 cos=+1.00 k=1 lam_top=+0.46 align=1.00
[E7] 2362/3456 (27814s) gpt2 L4H4 sign=-0.93 symD=0 V=push p=1 steps=16373: speed0=2.42e-01 speedT=3.21e-03 cos=+0.57 k=64 lam_top=-0.14 align=0.03
[E7] 2363/3456 (27827s) gpt2 L4H4 sign=-0.93 symD=1 V=push p=1 steps=6880: speed0=2.22e-01 speedT=5.80e-04 cos=+0.39 k=64 lam_top=-0.14 align=0.01
[E7] 2364/3456 (27834s) gpt2 L4H4 sign=-0.93 symD=1 V=push p=0 steps=8631: speed0=2.34e-01 speedT=8.24e-04 cos=+0.34 k=64 lam_top=-0.14 align=0.01
[E7] 2365/3456 (27841s) gpt2 L4H5 sign=+0.53 symD=0 V=sym p=0 steps=3043: speed0=1.92e-01 speedT=3.19e-07 cos=+1.00 k=1 lam_top=+0.53 align=1.00
[E7] 2366/3456 (27848s) gpt2 L4H5 sign=+0.53 symD=0 V=sym p=1 steps=2969: speed0=1.97e-01 speedT=3.65e-07 cos=+1.00 k=1 lam_top=+0.53 align=1.00
[E7] 2367/3456 (27890s) gpt2 L4H5 sign=+0.53 symD=0 V=full p=0 steps=25077: speed0=9.24e-02 speedT=1.66e-02 cos=+1.00 k=1 lam_top=+0.26 align=1.00
[E7] 2368/3456 (27904s) gpt2 L4H5 sign=+0.53 symD=0 V=full p=1 steps=25476: speed0=6.76e-02 speedT=1.35e-02 cos=+1.00 k=1 lam_top=+0.26 align=1.00
[E7] 2369/3456 (27941s) gpt2 L4H5 sign=+0.53 symD=0 V=push p=1 steps=26115: speed0=1.25e-01 speedT=1.96e-04 cos=+0.34 k=4 lam_top=-0.10 align=0.00
[E7] 2370/3456 (27960s) gpt2 L4H5 sign=+0.53 symD=1 V=sym p=0 steps=3041: speed0=2.02e-01 speedT=4.14e-07 cos=+1.00 k=1 lam_top=+0.53 align=1.00
[E7] 2371/3456 (27969s) gpt2 L4H5 sign=+0.53 symD=0 V=push p=0 steps=35785: speed0=1.15e-01 speedT=4.50e-04 cos=-0.01 k=3 lam_top=-0.10 align=0.00
[E7] 2372/3456 (27976s) gpt2 L4H5 sign=+0.53 symD=1 V=sym p=1 steps=2944: speed0=1.97e-01 speedT=2.96e-07 cos=+1.00 k=1 lam_top=+0.53 align=1.00
[E7] 2373/3456 (27991s) gpt2 L4H5 sign=+0.53 symD=1 V=full p=0 steps=24558: speed0=4.21e-02 speedT=1.80e-02 cos=+1.00 k=1 lam_top=+0.26 align=1.00
[E7] 2374/3456 (28009s) gpt2 L4H5 sign=+0.53 symD=1 V=push p=1 steps=7066: speed0=1.28e-01 speedT=2.06e-05 cos=+0.02 k=24 lam_top=-0.10 align=0.00
[E7] 2375/3456 (28010s) gpt2 L4H6 sign=-0.43 symD=0 V=full p=0 steps=5005: speed0=4.73e-02 speedT=1.53e-07 cos=+1.00 k=1 lam_top=+0.27 align=1.00
[E7] 2376/3456 (28011s) gpt2 L4H5 sign=+0.53 symD=1 V=full p=1 steps=25443: speed0=4.62e-02 speedT=2.15e-02 cos=+1.00 k=1 lam_top=+0.26 align=1.00
[E7] 2377/3456 (28021s) gpt2 L4H6 sign=-0.43 symD=0 V=full p=1 steps=3512: speed0=4.28e-02 speedT=1.09e-07 cos=+1.00 k=1 lam_top=+0.27 align=1.00
[E7] 2378/3456 (28031s) gpt2 L4H6 sign=-0.43 symD=0 V=sym p=0 steps=4375: speed0=1.33e-01 speedT=2.72e-07 cos=+1.00 k=1 lam_top=+0.52 align=1.00
[E7] 2379/3456 (28036s) gpt2 L4H6 sign=-0.43 symD=0 V=sym p=1 steps=5146: speed0=1.28e-01 speedT=3.24e-07 cos=+1.00 k=1 lam_top=+0.52 align=1.00
[E7] 2380/3456 (28055s) gpt2 L4H6 sign=-0.43 symD=1 V=full p=0 steps=4241: speed0=3.19e-02 speedT=1.74e-07 cos=+1.00 k=1 lam_top=+0.27 align=1.00
[E7] 2381/3456 (28061s) gpt2 L4H5 sign=+0.53 symD=1 V=push p=0 steps=20918: speed0=1.33e-01 speedT=6.87e-05 cos=-0.01 k=14 lam_top=-0.10 align=0.00
[E7] 2382/3456 (28075s) gpt2 L4H6 sign=-0.43 symD=1 V=full p=1 steps=4819: speed0=3.59e-02 speedT=1.93e-07 cos=+1.00 k=1 lam_top=+0.27 align=1.00
[E7] 2383/3456 (28089s) gpt2 L4H6 sign=-0.43 symD=1 V=sym p=0 steps=5155: speed0=1.41e-01 speedT=2.71e-07 cos=+1.00 k=1 lam_top=+0.52 align=1.00
[E7] 2384/3456 (28101s) gpt2 L4H6 sign=-0.43 symD=1 V=sym p=1 steps=5110: speed0=1.32e-01 speedT=3.84e-07 cos=+1.00 k=1 lam_top=+0.52 align=1.00
[E7] 2385/3456 (28130s) gpt2 L4H6 sign=-0.43 symD=0 V=push p=0 steps=29657: speed0=1.03e-01 speedT=6.99e-04 cos=-0.01 k=3 lam_top=-0.09 align=0.00
[E7] 2386/3456 (28149s) gpt2 L4H7 sign=-1.00 symD=0 V=full p=0 steps=5174: speed0=9.31e-02 speedT=3.44e-04 cos=+0.51 k=64 lam_top=-0.24 align=0.18
[E7] 2387/3456 (28163s) gpt2 L4H6 sign=-0.43 symD=1 V=push p=0 steps=16924: speed0=1.05e-01 speedT=1.02e-04 cos=-0.02 k=11 lam_top=-0.09 align=0.00
[E7] 2388/3456 (28176s) gpt2 L4H7 sign=-1.00 symD=0 V=sym p=0 steps=2615: speed0=2.45e-01 speedT=3.32e-07 cos=+1.00 k=1 lam_top=+0.33 align=1.00
[E7] 2389/3456 (28176s) gpt2 L4H6 sign=-0.43 symD=1 V=push p=1 steps=16796: speed0=9.97e-02 speedT=9.09e-05 cos=-0.01 k=22 lam_top=-0.09 align=0.00
[E7] 2390/3456 (28176s) gpt2 L4H7 sign=-1.00 symD=0 V=full p=1 steps=7803: speed0=1.06e-01 speedT=1.10e-03 cos=+0.53 k=64 lam_top=-0.24 align=0.16
[E7] 2391/3456 (28189s) gpt2 L4H7 sign=-1.00 symD=0 V=sym p=1 steps=2583: speed0=2.39e-01 speedT=3.68e-07 cos=+1.00 k=1 lam_top=+0.33 align=1.00
[E7] 2392/3456 (28201s) gpt2 L4H6 sign=-0.43 symD=0 V=push p=1 steps=46162: speed0=9.41e-02 speedT=1.79e-03 cos=-0.01 k=3 lam_top=-0.09 align=0.00
[E7] 2393/3456 (28218s) gpt2 L4H7 sign=-1.00 symD=1 V=full p=0 steps=6420: speed0=9.66e-02 speedT=3.14e-05 cos=+0.23 k=64 lam_top=-0.24 align=0.33
[E7] 2394/3456 (28223s) gpt2 L4H7 sign=-1.00 symD=1 V=full p=1 steps=4974: speed0=1.08e-01 speedT=4.64e-05 cos=+0.47 k=64 lam_top=-0.24 align=0.13
[E7] 2395/3456 (28232s) gpt2 L4H7 sign=-1.00 symD=1 V=sym p=0 steps=2607: speed0=2.54e-01 speedT=3.41e-07 cos=+1.00 k=1 lam_top=+0.33 align=1.00
[E7] 2396/3456 (28237s) gpt2 L4H7 sign=-1.00 symD=1 V=sym p=1 steps=2566: speed0=2.45e-01 speedT=3.28e-07 cos=+1.00 k=1 lam_top=+0.33 align=1.00
[E7] 2397/3456 (28269s) gpt2 L4H7 sign=-1.00 symD=0 V=push p=0 steps=25039: speed0=2.12e-01 speedT=2.95e-07 cos=-0.01 k=2 lam_top=-0.25 align=0.00
[E7] 2398/3456 (28276s) gpt2 L4H7 sign=-1.00 symD=1 V=push p=0 steps=10763: speed0=2.20e-01 speedT=5.88e-06 cos=+0.48 k=17 lam_top=-0.25 align=0.00
[E7] 2399/3456 (28277s) gpt2 L4H7 sign=-1.00 symD=1 V=push p=1 steps=10124: speed0=2.16e-01 speedT=1.14e-05 cos=+0.72 k=42 lam_top=-0.25 align=0.00
[E7] 2400/3456 (28278s) gpt2 L4H7 sign=-1.00 symD=0 V=push p=1 steps=27845: speed0=2.11e-01 speedT=7.77e-05 cos=+0.13 k=35 lam_top=-0.25 align=0.01
[E7] 2401/3456 (28290s) gpt2 L4H8 sign=+0.53 symD=0 V=sym p=0 steps=3154: speed0=2.25e-01 speedT=2.32e-07 cos=+1.00 k=1 lam_top=+0.60 align=1.00
[E7] 2402/3456 (28290s) gpt2 L4H8 sign=+0.53 symD=0 V=sym p=1 steps=3040: speed0=2.41e-01 speedT=3.08e-07 cos=+1.00 k=1 lam_top=+0.60 align=1.00
[E7] 2403/3456 (28315s) gpt2 L4H8 sign=+0.53 symD=0 V=push p=0 steps=7072: speed0=1.40e-01 speedT=3.61e-04 cos=-0.01 k=4 lam_top=-0.08 align=0.00
[E7] 2404/3456 (28329s) gpt2 L4H8 sign=+0.53 symD=0 V=full p=1 steps=16216: speed0=2.86e-02 speedT=8.99e-05 cos=+1.00 k=1 lam_top=+0.28 align=1.00
[E7] 2405/3456 (28342s) gpt2 L4H8 sign=+0.53 symD=0 V=full p=0 steps=21541: speed0=2.60e-02 speedT=2.28e-04 cos=+1.00 k=1 lam_top=+0.28 align=1.00
[E7] 2406/3456 (28357s) gpt2 L4H8 sign=+0.53 symD=1 V=sym p=0 steps=3140: speed0=2.27e-01 speedT=3.82e-07 cos=+1.00 k=1 lam_top=+0.60 align=1.00
[E7] 2407/3456 (28374s) gpt2 L4H8 sign=+0.53 symD=1 V=sym p=1 steps=3001: speed0=2.42e-01 speedT=1.99e-07 cos=+1.00 k=1 lam_top=+0.60 align=1.00
[E7] 2408/3456 (28394s) gpt2 L4H8 sign=+0.53 symD=1 V=full p=1 steps=16155: speed0=3.01e-02 speedT=8.89e-05 cos=+1.00 k=1 lam_top=+0.28 align=1.00
[E7] 2409/3456 (28402s) gpt2 L4H8 sign=+0.53 symD=1 V=full p=0 steps=21146: speed0=2.52e-02 speedT=2.11e-04 cos=+1.00 k=1 lam_top=+0.28 align=1.00
[E7] 2410/3456 (28417s) gpt2 L4H8 sign=+0.53 symD=0 V=push p=1 steps=34970: speed0=1.49e-01 speedT=1.83e-04 cos=-0.02 k=4 lam_top=-0.08 align=0.00
[E7] 2411/3456 (28469s) gpt2 L4H8 sign=+0.53 symD=1 V=push p=0 steps=21179: speed0=1.42e-01 speedT=1.93e-06 cos=-0.02 k=7 lam_top=-0.08 align=0.00
[E7] 2412/3456 (28480s) gpt2 L4H8 sign=+0.53 symD=1 V=push p=1 steps=18867: speed0=1.49e-01 speedT=2.77e-04 cos=-0.02 k=29 lam_top=-0.08 align=0.00
[E7] 2413/3456 (28488s) gpt2 L4H9 sign=+0.86 symD=0 V=sym p=0 steps=3801: speed0=1.90e-01 speedT=2.65e-07 cos=+1.00 k=1 lam_top=+0.68 align=1.00
[E7] 2414/3456 (28496s) gpt2 L4H9 sign=+0.86 symD=0 V=sym p=1 steps=3620: speed0=1.86e-01 speedT=3.19e-07 cos=+1.00 k=1 lam_top=+0.68 align=1.00
[E7] 2415/3456 (28496s) gpt2 L4H9 sign=+0.86 symD=0 V=full p=0 steps=26437: speed0=6.13e-02 speedT=6.22e-02 cos=+1.00 k=1 lam_top=+0.41 align=1.00
[E7] 2416/3456 (28509s) gpt2 L4H9 sign=+0.86 symD=0 V=full p=1 steps=26212: speed0=5.52e-02 speedT=6.42e-02 cos=+1.00 k=1 lam_top=+0.41 align=1.00
[E7] 2417/3456 (28518s) gpt2 L4H9 sign=+0.86 symD=0 V=push p=0 steps=7738: speed0=1.06e-01 speedT=2.96e-05 cos=-0.01 k=4 lam_top=-0.09 align=0.00
[E7] 2418/3456 (28538s) gpt2 L4H9 sign=+0.86 symD=1 V=sym p=0 steps=3782: speed0=1.92e-01 speedT=2.82e-07 cos=+1.00 k=1 lam_top=+0.68 align=1.00
[E7] 2419/3456 (28559s) gpt2 L4H9 sign=+0.86 symD=1 V=sym p=1 steps=3571: speed0=1.92e-01 speedT=3.17e-07 cos=+1.00 k=1 lam_top=+0.68 align=1.00
[E7] 2420/3456 (28607s) gpt2 L4H9 sign=+0.86 symD=1 V=full p=0 steps=26400: speed0=3.97e-02 speedT=1.52e-02 cos=+1.00 k=1 lam_top=+0.41 align=1.00
[E7] 2421/3456 (28621s) gpt2 L4H9 sign=+0.86 symD=1 V=full p=1 steps=26655: speed0=5.23e-02 speedT=2.67e-02 cos=+1.00 k=1 lam_top=+0.41 align=1.00
[E7] 2422/3456 (28633s) gpt2 L4H10 sign=-0.89 symD=0 V=full p=0 steps=3869: speed0=2.33e-02 speedT=4.29e-08 cos=+1.00 k=1 lam_top=+0.06 align=1.00
[E7] 2423/3456 (28649s) gpt2 L4H10 sign=-0.89 symD=0 V=full p=1 steps=4576: speed0=2.29e-02 speedT=4.48e-08 cos=+1.00 k=1 lam_top=+0.06 align=1.00
[E7] 2424/3456 (28658s) gpt2 L4H9 sign=+0.86 symD=0 V=push p=1 steps=43752: speed0=1.09e-01 speedT=2.43e-03 cos=+0.27 k=4 lam_top=-0.09 align=0.00
[E7] 2425/3456 (28663s) gpt2 L4H10 sign=-0.89 symD=0 V=sym p=0 steps=2907: speed0=2.42e-01 speedT=2.55e-07 cos=+1.00 k=1 lam_top=+0.51 align=1.00
[E7] 2426/3456 (28672s) gpt2 L4H10 sign=-0.89 symD=0 V=sym p=1 steps=2851: speed0=2.59e-01 speedT=2.59e-07 cos=+1.00 k=1 lam_top=+0.51 align=1.00
[E7] 2427/3456 (28679s) gpt2 L4H9 sign=+0.86 symD=1 V=push p=0 steps=27493: speed0=1.12e-01 speedT=1.27e-02 cos=+0.27 k=2 lam_top=-0.09 align=0.00
[E7] 2428/3456 (28695s) gpt2 L4H10 sign=-0.89 symD=1 V=full p=0 steps=3970: speed0=2.47e-02 speedT=4.01e-08 cos=+1.00 k=1 lam_top=+0.06 align=1.00
[E7] 2429/3456 (28714s) gpt2 L4H10 sign=-0.89 symD=1 V=full p=1 steps=4799: speed0=2.15e-02 speedT=5.43e-08 cos=+1.00 k=1 lam_top=+0.06 align=1.00
[E7] 2430/3456 (28731s) gpt2 L4H10 sign=-0.89 symD=1 V=sym p=0 steps=2904: speed0=2.42e-01 speedT=2.55e-07 cos=+1.00 k=1 lam_top=+0.51 align=1.00
[E7] 2431/3456 (28740s) gpt2 L4H9 sign=+0.86 symD=1 V=push p=1 steps=30396: speed0=1.10e-01 speedT=1.57e-04 cos=+0.06 k=2 lam_top=-0.09 align=0.00
[E7] 2432/3456 (28748s) gpt2 L4H10 sign=-0.89 symD=1 V=sym p=1 steps=2871: speed0=2.62e-01 speedT=2.66e-07 cos=+1.00 k=1 lam_top=+0.51 align=1.00
[E7] 2433/3456 (28795s) gpt2 L4H10 sign=-0.89 symD=1 V=push p=0 steps=12693: speed0=1.75e-01 speedT=4.16e-04 cos=+0.11 k=64 lam_top=-0.12 align=0.01
[E7] 2434/3456 (28799s) gpt2 L4H10 sign=-0.89 symD=0 V=push p=0 steps=36292: speed0=1.74e-01 speedT=5.84e-04 cos=+0.11 k=23 lam_top=-0.12 align=0.01
[E7] 2435/3456 (28812s) gpt2 L4H10 sign=-0.89 symD=1 V=push p=1 steps=14132: speed0=1.90e-01 speedT=1.08e-03 cos=+0.13 k=64 lam_top=-0.12 align=0.01
[E7] 2436/3456 (28831s) gpt2 L4H11 sign=+0.96 symD=0 V=sym p=0 steps=4167: speed0=2.02e-01 speedT=3.93e-07 cos=+1.00 k=1 lam_top=+0.62 align=1.00
[E7] 2437/3456 (28850s) gpt2 L4H11 sign=+0.96 symD=0 V=sym p=1 steps=4291: speed0=1.99e-01 speedT=2.09e-07 cos=+1.00 k=1 lam_top=+0.62 align=1.00
[E7] 2438/3456 (28878s) gpt2 L4H11 sign=+0.96 symD=0 V=push p=0 steps=8065: speed0=1.06e-01 speedT=3.18e-07 cos=-0.01 k=2 lam_top=-0.04 align=0.00
[E7] 2439/3456 (28945s) gpt2 L4H11 sign=+0.96 symD=0 V=push p=1 steps=18824: speed0=1.06e-01 speedT=2.65e-07 cos=+0.42 k=2 lam_top=-0.04 align=0.00
[E7] 2440/3456 (28971s) gpt2 L4H11 sign=+0.96 symD=0 V=full p=0 steps=52458: speed0=1.13e-01 speedT=2.26e-05 cos=+1.00 k=1 lam_top=+0.37 align=1.00
[E7] 2441/3456 (28975s) gpt2 L4H10 sign=-0.89 symD=0 V=push p=1 steps=84335: speed0=1.88e-01 speedT=3.99e-02 cos=+0.01 k=21 lam_top=-0.12 align=0.20
[E7] 2442/3456 (28983s) gpt2 L4H11 sign=+0.96 symD=0 V=full p=1 steps=55259: speed0=1.13e-01 speedT=3.39e-04 cos=+0.76 k=2 lam_top=+0.37 align=1.00
[E7] 2443/3456 (29002s) gpt2 L4H11 sign=+0.96 symD=1 V=sym p=0 steps=5048: speed0=2.10e-01 speedT=3.55e-07 cos=+1.00 k=1 lam_top=+0.62 align=1.00
[E7] 2444/3456 (29011s) gpt2 L4H11 sign=+0.96 symD=1 V=sym p=1 steps=4755: speed0=1.99e-01 speedT=3.55e-07 cos=+1.00 k=1 lam_top=+0.62 align=1.00
[E7] 2445/3456 (29028s) gpt2 L4H11 sign=+0.96 symD=1 V=push p=0 steps=5784: speed0=1.12e-01 speedT=2.44e-07 cos=+0.00 k=2 lam_top=-0.04 align=0.00
[E7] 2446/3456 (29040s) gpt2 L4H11 sign=+0.96 symD=1 V=push p=1 steps=7860: speed0=1.05e-01 speedT=3.07e-07 cos=+0.65 k=2 lam_top=-0.04 align=0.00
[E7] 2447/3456 (29051s) gpt2 L5H0 sign=+0.66 symD=0 V=full p=0 steps=8223: speed0=5.97e-02 speedT=9.54e-08 cos=+1.00 k=1 lam_top=+0.32 align=1.00
[E7] 2448/3456 (29056s) gpt2 L5H0 sign=+0.66 symD=0 V=full p=1 steps=4919: speed0=5.90e-02 speedT=1.51e-07 cos=+1.00 k=1 lam_top=+0.32 align=1.00
[E7] 2449/3456 (29068s) gpt2 L5H0 sign=+0.66 symD=0 V=sym p=0 steps=3322: speed0=2.18e-01 speedT=3.00e-07 cos=+1.00 k=1 lam_top=+0.62 align=1.00
[E7] 2450/3456 (29073s) gpt2 L5H0 sign=+0.66 symD=0 V=sym p=1 steps=3281: speed0=2.18e-01 speedT=2.86e-07 cos=+1.00 k=1 lam_top=+0.62 align=1.00
[E7] 2451/3456 (29186s) gpt2 L5H0 sign=+0.66 symD=0 V=push p=0 steps=32451: speed0=1.32e-01 speedT=3.74e-04 cos=-0.01 k=5 lam_top=-0.08 align=0.01
[E7] 2452/3456 (29224s) gpt2 L5H0 sign=+0.66 symD=1 V=full p=0 steps=8988: speed0=4.92e-02 speedT=1.37e-07 cos=+1.00 k=1 lam_top=+0.32 align=1.00
[E7] 2453/3456 (29246s) gpt2 L5H0 sign=+0.66 symD=1 V=full p=1 steps=5071: speed0=5.24e-02 speedT=4.66e-08 cos=+1.00 k=1 lam_top=+0.32 align=1.00
[E7] 2454/3456 (29265s) gpt2 L4H11 sign=+0.96 symD=1 V=full p=0 steps=75428: speed0=1.06e-01 speedT=8.60e-05 cos=+0.18 k=2 lam_top=+0.37 align=1.00
[E7] 2455/3456 (29265s) gpt2 L5H0 sign=+0.66 symD=1 V=sym p=0 steps=3248: speed0=2.20e-01 speedT=2.53e-07 cos=+1.00 k=1 lam_top=+0.62 align=1.00
[E7] 2456/3456 (29282s) gpt2 L5H0 sign=+0.66 symD=1 V=sym p=1 steps=3211: speed0=2.16e-01 speedT=2.77e-07 cos=+1.00 k=1 lam_top=+0.62 align=1.00
[E7] 2457/3456 (29319s) gpt2 L5H0 sign=+0.66 symD=1 V=push p=0 steps=12051: speed0=1.34e-01 speedT=4.42e-05 cos=-0.01 k=23 lam_top=-0.08 align=0.00
[E7] 2458/3456 (29333s) gpt2 L4H11 sign=+0.96 symD=1 V=full p=1 steps=87017: speed0=1.01e-01 speedT=1.75e-04 cos=-0.02 k=2 lam_top=+0.37 align=1.00
[E7] 2459/3456 (29339s) gpt2 L5H0 sign=+0.66 symD=1 V=push p=1 steps=11965: speed0=1.32e-01 speedT=3.93e-04 cos=+0.00 k=54 lam_top=-0.08 align=0.00
[E7] 2460/3456 (29361s) gpt2 L5H1 sign=+0.43 symD=0 V=sym p=0 steps=4410: speed0=2.09e-01 speedT=2.35e-07 cos=+1.00 k=1 lam_top=+0.58 align=1.00
[E7] 2461/3456 (29383s) gpt2 L5H1 sign=+0.43 symD=0 V=sym p=1 steps=4517: speed0=1.93e-01 speedT=3.05e-07 cos=+1.00 k=1 lam_top=+0.58 align=1.00
[E7] 2462/3456 (29401s) gpt2 L5H1 sign=+0.43 symD=0 V=full p=0 steps=22965: speed0=1.43e-01 speedT=7.39e-02 cos=+1.00 k=1 lam_top=+0.23 align=1.00
[E7] 2463/3456 (29415s) gpt2 L5H1 sign=+0.43 symD=0 V=full p=1 steps=23603: speed0=1.49e-01 speedT=7.02e-02 cos=+1.00 k=1 lam_top=+0.23 align=1.00
[E7] 2464/3456 (29471s) gpt2 L5H1 sign=+0.43 symD=0 V=push p=1 steps=18812: speed0=1.13e-01 speedT=9.93e-05 cos=+0.05 k=3 lam_top=-0.10 align=0.00
[E7] 2465/3456 (29497s) gpt2 L5H1 sign=+0.43 symD=0 V=push p=0 steps=29950: speed0=1.21e-01 speedT=2.51e-02 cos=+0.01 k=2 lam_top=-0.10 align=0.00
[E7] 2466/3456 (29513s) gpt2 L5H1 sign=+0.43 symD=1 V=full p=0 steps=22858: speed0=7.37e-02 speedT=7.51e-02 cos=+1.00 k=1 lam_top=+0.23 align=1.00
[E7] 2467/3456 (29520s) gpt2 L5H0 sign=+0.66 symD=0 V=push p=1 steps=119673: speed0=1.33e-01 speedT=1.59e-01 cos=+0.06 k=17 lam_top=-0.08 align=0.07
[E7] 2468/3456 (29522s) gpt2 L5H1 sign=+0.43 symD=1 V=sym p=0 steps=4295: speed0=2.52e-01 speedT=2.34e-07 cos=+1.00 k=1 lam_top=+0.58 align=1.00
[E7] 2469/3456 (29537s) gpt2 L5H1 sign=+0.43 symD=1 V=sym p=1 steps=4270: speed0=2.45e-01 speedT=2.22e-07 cos=+1.00 k=1 lam_top=+0.58 align=1.00
[E7] 2470/3456 (29561s) gpt2 L5H2 sign=+0.97 symD=0 V=full p=0 steps=7601: speed0=6.80e-02 speedT=1.38e-07 cos=+1.00 k=1 lam_top=+0.64 align=1.00
[E7] 2471/3456 (29570s) gpt2 L5H1 sign=+0.43 symD=1 V=full p=1 steps=23333: speed0=7.63e-02 speedT=7.02e-02 cos=+1.00 k=1 lam_top=+0.23 align=1.00
[E7] 2472/3456 (29584s) gpt2 L5H2 sign=+0.97 symD=0 V=full p=1 steps=6169: speed0=7.38e-02 speedT=1.80e-07 cos=+1.00 k=1 lam_top=+0.64 align=1.00
[E7] 2473/3456 (29591s) gpt2 L5H2 sign=+0.97 symD=0 V=sym p=0 steps=4278: speed0=1.72e-01 speedT=2.03e-07 cos=+1.00 k=1 lam_top=+0.78 align=1.00
[E7] 2474/3456 (29597s) gpt2 L5H1 sign=+0.43 symD=1 V=push p=0 steps=17692: speed0=1.57e-01 speedT=3.37e-04 cos=-0.01 k=30 lam_top=-0.10 align=0.00
[E7] 2475/3456 (29604s) gpt2 L5H1 sign=+0.43 symD=1 V=push p=1 steps=18703: speed0=1.54e-01 speedT=2.03e-04 cos=-0.02 k=6 lam_top=-0.10 align=0.00
[E7] 2476/3456 (29604s) gpt2 L5H2 sign=+0.97 symD=0 V=sym p=1 steps=4369: speed0=1.54e-01 speedT=2.46e-07 cos=+1.00 k=1 lam_top=+0.78 align=1.00
[E7] 2477/3456 (29610s) gpt2 L5H2 sign=+0.97 symD=0 V=push p=0 steps=5201: speed0=7.95e-02 speedT=3.19e-07 cos=+0.51 k=2 lam_top=-0.04 align=0.00
[E7] 2478/3456 (29619s) gpt2 L5H2 sign=+0.97 symD=0 V=push p=1 steps=6071: speed0=6.61e-02 speedT=1.96e-07 cos=+0.65 k=2 lam_top=-0.04 align=0.00
[E7] 2479/3456 (29633s) gpt2 L5H2 sign=+0.97 symD=1 V=sym p=0 steps=4172: speed0=1.75e-01 speedT=1.90e-07 cos=+1.00 k=1 lam_top=+0.78 align=1.00
[E7] 2480/3456 (29634s) gpt2 L5H2 sign=+0.97 symD=1 V=full p=1 steps=6782: speed0=5.39e-02 speedT=1.88e-07 cos=+1.00 k=1 lam_top=+0.64 align=1.00
[E7] 2481/3456 (29635s) gpt2 L5H2 sign=+0.97 symD=1 V=full p=0 steps=6896: speed0=5.17e-02 speedT=1.80e-07 cos=+1.00 k=1 lam_top=+0.64 align=1.00
[E7] 2482/3456 (29643s) gpt2 L5H2 sign=+0.97 symD=1 V=sym p=1 steps=4256: speed0=1.58e-01 speedT=1.90e-07 cos=+1.00 k=1 lam_top=+0.78 align=1.00
[E7] 2483/3456 (29653s) gpt2 L5H2 sign=+0.97 symD=1 V=push p=0 steps=4874: speed0=8.37e-02 speedT=1.82e-07 cos=+0.03 k=2 lam_top=-0.04 align=0.00
[E7] 2484/3456 (29656s) gpt2 L5H2 sign=+0.97 symD=1 V=push p=1 steps=5128: speed0=7.10e-02 speedT=1.82e-07 cos=+0.02 k=2 lam_top=-0.04 align=0.00
[E7] 2485/3456 (29657s) gpt2 L5H3 sign=+0.66 symD=0 V=full p=0 steps=6348: speed0=5.01e-02 speedT=9.89e-08 cos=+1.00 k=1 lam_top=+0.37 align=1.00
[E7] 2486/3456 (29661s) gpt2 L5H3 sign=+0.66 symD=0 V=full p=1 steps=5661: speed0=5.10e-02 speedT=1.11e-07 cos=+1.00 k=1 lam_top=+0.37 align=1.00
[E7] 2487/3456 (29667s) gpt2 L5H3 sign=+0.66 symD=0 V=sym p=0 steps=3794: speed0=1.30e-01 speedT=3.73e-07 cos=+1.00 k=1 lam_top=+0.71 align=1.00
[E7] 2488/3456 (29673s) gpt2 L5H3 sign=+0.66 symD=0 V=sym p=1 steps=3999: speed0=1.17e-01 speedT=3.78e-07 cos=+1.00 k=1 lam_top=+0.71 align=1.00
[E7] 2489/3456 (29690s) gpt2 L5H3 sign=+0.66 symD=1 V=full p=0 steps=6081: speed0=3.69e-02 speedT=1.20e-07 cos=+1.00 k=1 lam_top=+0.37 align=1.00
[E7] 2490/3456 (29700s) gpt2 L5H3 sign=+0.66 symD=1 V=full p=1 steps=6644: speed0=4.21e-02 speedT=2.15e-07 cos=+1.00 k=1 lam_top=+0.37 align=1.00
[E7] 2491/3456 (29711s) gpt2 L5H3 sign=+0.66 symD=1 V=sym p=0 steps=3970: speed0=1.32e-01 speedT=2.69e-07 cos=+1.00 k=1 lam_top=+0.71 align=1.00
[E7] 2492/3456 (29722s) gpt2 L5H3 sign=+0.66 symD=1 V=sym p=1 steps=4011: speed0=1.24e-01 speedT=4.32e-07 cos=+1.00 k=1 lam_top=+0.71 align=1.00
[E7] 2493/3456 (29742s) gpt2 L5H3 sign=+0.66 symD=0 V=push p=0 steps=23964: speed0=7.65e-02 speedT=1.70e-02 cos=+0.00 k=12 lam_top=-0.07 align=0.00
[E7] 2494/3456 (29763s) gpt2 L5H3 sign=+0.66 symD=0 V=push p=1 steps=29499: speed0=7.08e-02 speedT=2.39e-05 cos=-0.02 k=3 lam_top=-0.07 align=0.00
[E7] 2495/3456 (29774s) gpt2 L5H3 sign=+0.66 symD=1 V=push p=0 steps=13988: speed0=8.33e-02 speedT=8.79e-05 cos=-0.01 k=30 lam_top=-0.07 align=0.00
[E7] 2496/3456 (29791s) gpt2 L5H4 sign=+0.12 symD=0 V=sym p=0 steps=3318: speed0=1.45e-01 speedT=2.64e-07 cos=+1.00 k=1 lam_top=+0.49 align=1.00
[E7] 2497/3456 (29799s) gpt2 L5H4 sign=+0.12 symD=0 V=full p=1 steps=9844: speed0=5.42e-02 speedT=1.19e-04 cos=+1.00 k=1 lam_top=+0.21 align=1.00
[E7] 2498/3456 (29803s) gpt2 L5H4 sign=+0.12 symD=0 V=full p=0 steps=16720: speed0=4.40e-02 speedT=3.19e-02 cos=+1.00 k=1 lam_top=+0.21 align=0.62
[E7] 2499/3456 (29805s) gpt2 L5H3 sign=+0.66 symD=1 V=push p=1 steps=18716: speed0=7.72e-02 speedT=4.52e-05 cos=+0.02 k=17 lam_top=-0.07 align=0.00
[E7] 2500/3456 (29809s) gpt2 L5H4 sign=+0.12 symD=0 V=sym p=1 steps=3491: speed0=1.22e-01 speedT=2.08e-07 cos=+1.00 k=1 lam_top=+0.49 align=1.00
[E7] 2501/3456 (29854s) gpt2 L5H4 sign=+0.12 symD=1 V=full p=1 steps=11699: speed0=3.62e-02 speedT=2.17e-04 cos=+1.00 k=1 lam_top=+0.21 align=1.00
[E7] 2502/3456 (29860s) gpt2 L5H4 sign=+0.12 symD=1 V=full p=0 steps=13843: speed0=3.06e-02 speedT=4.09e-04 cos=+1.00 k=1 lam_top=+0.21 align=1.00
[E7] 2503/3456 (29872s) gpt2 L5H4 sign=+0.12 symD=1 V=sym p=0 steps=3186: speed0=1.58e-01 speedT=3.07e-07 cos=+1.00 k=1 lam_top=+0.49 align=1.00
[E7] 2504/3456 (29878s) gpt2 L5H4 sign=+0.12 symD=1 V=sym p=1 steps=3236: speed0=1.31e-01 speedT=3.40e-07 cos=+1.00 k=1 lam_top=+0.49 align=1.00
[E7] 2505/3456 (29890s) gpt2 L5H4 sign=+0.12 symD=0 V=push p=0 steps=25564: speed0=1.01e-01 speedT=6.29e-04 cos=-0.01 k=22 lam_top=-0.08 align=0.03
[E7] 2506/3456 (29908s) gpt2 L5H5 sign=+0.74 symD=0 V=full p=0 steps=5049: speed0=9.69e-02 speedT=1.54e-07 cos=+1.00 k=1 lam_top=+0.49 align=1.00
[E7] 2507/3456 (29916s) gpt2 L5H4 sign=+0.12 symD=1 V=push p=0 steps=9632: speed0=1.07e-01 speedT=1.88e-03 cos=+0.19 k=64 lam_top=-0.08 align=0.01
[E7] 2508/3456 (29923s) gpt2 L5H5 sign=+0.74 symD=0 V=full p=1 steps=4125: speed0=9.87e-02 speedT=1.25e-07 cos=+1.00 k=1 lam_top=+0.49 align=1.00
[E7] 2509/3456 (29923s) gpt2 L5H4 sign=+0.12 symD=1 V=push p=1 steps=9828: speed0=9.34e-02 speedT=9.66e-04 cos=+0.24 k=64 lam_top=-0.08 align=0.01
[E7] 2510/3456 (29938s) gpt2 L5H5 sign=+0.74 symD=0 V=sym p=0 steps=4679: speed0=1.74e-01 speedT=2.02e-07 cos=+1.00 k=1 lam_top=+0.67 align=1.00
[E7] 2511/3456 (29946s) gpt2 L5H5 sign=+0.74 symD=0 V=sym p=1 steps=4491: speed0=1.59e-01 speedT=2.07e-07 cos=+1.00 k=1 lam_top=+0.67 align=1.00
[E7] 2512/3456 (29963s) gpt2 L5H5 sign=+0.74 symD=1 V=full p=0 steps=4670: speed0=8.13e-02 speedT=1.24e-07 cos=+1.00 k=1 lam_top=+0.49 align=1.00
[E7] 2513/3456 (29975s) gpt2 L5H4 sign=+0.12 symD=0 V=push p=1 steps=46120: speed0=8.99e-02 speedT=2.53e-02 cos=+0.15 k=52 lam_top=-0.08 align=0.01
[E7] 2514/3456 (29980s) gpt2 L5H5 sign=+0.74 symD=1 V=full p=1 steps=4106: speed0=7.66e-02 speedT=1.26e-07 cos=+1.00 k=1 lam_top=+0.49 align=1.00
[E7] 2515/3456 (30000s) gpt2 L5H5 sign=+0.74 symD=1 V=sym p=0 steps=4612: speed0=1.76e-01 speedT=2.56e-07 cos=+1.00 k=1 lam_top=+0.67 align=1.00
[E7] 2516/3456 (30003s) gpt2 L5H5 sign=+0.74 symD=1 V=sym p=1 steps=4433: speed0=1.73e-01 speedT=2.02e-07 cos=+1.00 k=1 lam_top=+0.67 align=1.00
[E7] 2517/3456 (30029s) gpt2 L5H5 sign=+0.74 symD=1 V=push p=1 steps=6000: speed0=1.10e-01 speedT=1.49e-05 cos=-0.01 k=7 lam_top=-0.07 align=0.00
[E7] 2518/3456 (30043s) gpt2 L5H5 sign=+0.74 symD=1 V=push p=0 steps=9662: speed0=1.10e-01 speedT=9.76e-05 cos=-0.02 k=8 lam_top=-0.07 align=0.00
[E7] 2519/3456 (30059s) gpt2 L5H6 sign=+0.50 symD=0 V=full p=0 steps=8561: speed0=7.16e-02 speedT=1.31e-07 cos=+1.00 k=1 lam_top=+0.24 align=1.00
[E7] 2520/3456 (30073s) gpt2 L5H6 sign=+0.50 symD=0 V=sym p=0 steps=3261: speed0=1.93e-01 speedT=3.56e-07 cos=+1.00 k=1 lam_top=+0.55 align=1.00
[E7] 2521/3456 (30083s) gpt2 L5H6 sign=+0.50 symD=0 V=full p=1 steps=11459: speed0=8.22e-02 speedT=2.58e-07 cos=+1.00 k=1 lam_top=+0.24 align=1.00
[E7] 2522/3456 (30088s) gpt2 L5H6 sign=+0.50 symD=0 V=sym p=1 steps=3292: speed0=1.74e-01 speedT=3.50e-07 cos=+1.00 k=1 lam_top=+0.55 align=1.00
[E7] 2523/3456 (30131s) gpt2 L5H5 sign=+0.74 symD=0 V=push p=0 steps=57522: speed0=1.06e-01 speedT=2.94e-06 cos=-0.01 k=2 lam_top=-0.07 align=0.00
[E7] 2524/3456 (30165s) gpt2 L5H6 sign=+0.50 symD=1 V=full p=0 steps=8313: speed0=5.99e-02 speedT=8.45e-08 cos=+1.00 k=1 lam_top=+0.24 align=1.00
[E7] 2525/3456 (30172s) gpt2 L5H5 sign=+0.74 symD=0 V=push p=1 steps=65278: speed0=9.68e-02 speedT=2.62e-02 cos=+0.01 k=3 lam_top=-0.07 align=0.00
[E7] 2526/3456 (30189s) gpt2 L5H6 sign=+0.50 symD=1 V=sym p=0 steps=3151: speed0=2.10e-01 speedT=2.55e-07 cos=+1.00 k=1 lam_top=+0.55 align=1.00
[E7] 2527/3456 (30195s) gpt2 L5H6 sign=+0.50 symD=1 V=full p=1 steps=7334: speed0=6.07e-02 speedT=1.25e-07 cos=+1.00 k=1 lam_top=+0.24 align=1.00
[E7] 2528/3456 (30206s) gpt2 L5H6 sign=+0.50 symD=1 V=sym p=1 steps=3169: speed0=1.92e-01 speedT=3.46e-07 cos=+1.00 k=1 lam_top=+0.55 align=1.00
[E7] 2529/3456 (30232s) gpt2 L5H6 sign=+0.50 symD=1 V=push p=0 steps=8601: speed0=1.20e-01 speedT=1.81e-04 cos=+0.19 k=64 lam_top=-0.09 align=0.01
[E7] 2530/3456 (30244s) gpt2 L5H6 sign=+0.50 symD=1 V=push p=1 steps=8747: speed0=1.09e-01 speedT=2.05e-04 cos=+0.18 k=64 lam_top=-0.09 align=0.02
[E7] 2531/3456 (30258s) gpt2 L5H7 sign=+0.95 symD=0 V=full p=0 steps=7639: speed0=7.62e-02 speedT=5.41e-07 cos=+1.00 k=1 lam_top=+0.43 align=1.00
[E7] 2532/3456 (30268s) gpt2 L5H7 sign=+0.95 symD=0 V=full p=1 steps=7124: speed0=7.89e-02 speedT=3.92e-07 cos=+1.00 k=1 lam_top=+0.43 align=1.00
[E7] 2533/3456 (30277s) gpt2 L5H7 sign=+0.95 symD=0 V=sym p=0 steps=3876: speed0=2.10e-01 speedT=3.06e-07 cos=+1.00 k=1 lam_top=+0.64 align=1.00
[E7] 2534/3456 (30286s) gpt2 L5H7 sign=+0.95 symD=0 V=sym p=1 steps=4057: speed0=1.61e-01 speedT=3.05e-07 cos=+1.00 k=1 lam_top=+0.64 align=1.00
[E7] 2535/3456 (30301s) gpt2 L5H7 sign=+0.95 symD=0 V=push p=0 steps=7018: speed0=1.16e-01 speedT=3.25e-07 cos=-0.01 k=2 lam_top=-0.08 align=0.00
[E7] 2536/3456 (30314s) gpt2 L5H7 sign=+0.95 symD=0 V=push p=1 steps=7499: speed0=9.43e-02 speedT=1.77e-07 cos=-0.01 k=2 lam_top=-0.08 align=0.00
[E7] 2537/3456 (30351s) gpt2 L5H7 sign=+0.95 symD=1 V=full p=1 steps=8983: speed0=6.53e-02 speedT=1.14e-06 cos=+1.00 k=1 lam_top=+0.43 align=1.00
[E7] 2538/3456 (30355s) gpt2 L5H7 sign=+0.95 symD=1 V=full p=0 steps=12001: speed0=5.45e-02 speedT=3.30e-06 cos=+1.00 k=1 lam_top=+0.43 align=1.00
[E7] 2539/3456 (30375s) gpt2 L5H7 sign=+0.95 symD=1 V=sym p=0 steps=3801: speed0=2.10e-01 speedT=3.09e-07 cos=+1.00 k=1 lam_top=+0.64 align=1.00
[E7] 2540/3456 (30378s) gpt2 L5H7 sign=+0.95 symD=1 V=sym p=1 steps=3855: speed0=1.79e-01 speedT=2.17e-07 cos=+1.00 k=1 lam_top=+0.64 align=1.00
[E7] 2541/3456 (30398s) gpt2 L5H7 sign=+0.95 symD=1 V=push p=0 steps=5311: speed0=1.26e-01 speedT=2.01e-07 cos=+0.42 k=2 lam_top=-0.08 align=0.00
[E7] 2542/3456 (30402s) gpt2 L5H7 sign=+0.95 symD=1 V=push p=1 steps=5586: speed0=1.10e-01 speedT=2.77e-07 cos=+0.06 k=2 lam_top=-0.08 align=0.00
[E7] 2543/3456 (30403s) gpt2 L5H6 sign=+0.50 symD=0 V=push p=1 steps=85620: speed0=9.50e-02 speedT=5.04e-02 cos=+0.11 k=60 lam_top=-0.09 align=0.02
[E7] 2544/3456 (30414s) gpt2 L5H8 sign=-0.65 symD=0 V=full p=0 steps=4464: speed0=8.22e-02 speedT=2.11e-07 cos=+1.00 k=1 lam_top=+0.14 align=1.00
[E7] 2545/3456 (30418s) gpt2 L5H8 sign=-0.65 symD=0 V=full p=1 steps=4569: speed0=8.11e-02 speedT=9.25e-08 cos=+1.00 k=1 lam_top=+0.14 align=1.00
[E7] 2546/3456 (30424s) gpt2 L5H8 sign=-0.65 symD=0 V=sym p=0 steps=4441: speed0=1.49e-01 speedT=2.47e-07 cos=+1.00 k=1 lam_top=+0.49 align=1.00
[E7] 2547/3456 (30434s) gpt2 L5H8 sign=-0.65 symD=0 V=sym p=1 steps=4288: speed0=1.31e-01 speedT=2.47e-07 cos=+1.00 k=1 lam_top=+0.49 align=1.00
[E7] 2548/3456 (30453s) gpt2 L5H8 sign=-0.65 symD=1 V=full p=0 steps=4168: speed0=6.57e-02 speedT=2.11e-07 cos=+1.00 k=1 lam_top=+0.14 align=1.00
[E7] 2549/3456 (30470s) gpt2 L5H8 sign=-0.65 symD=1 V=full p=1 steps=4168: speed0=6.44e-02 speedT=2.11e-07 cos=+1.00 k=1 lam_top=+0.14 align=1.00
[E7] 2550/3456 (30492s) gpt2 L5H8 sign=-0.65 symD=1 V=sym p=0 steps=4212: speed0=1.54e-01 speedT=2.03e-07 cos=+1.00 k=1 lam_top=+0.49 align=1.00
[E7] 2551/3456 (30514s) gpt2 L5H8 sign=-0.65 symD=1 V=sym p=1 steps=4271: speed0=1.38e-01 speedT=1.91e-07 cos=+1.00 k=1 lam_top=+0.49 align=1.00
[E7] 2552/3456 (30546s) gpt2 L5H8 sign=-0.65 symD=0 V=push p=1 steps=33763: speed0=9.94e-02 speedT=7.21e-07 cos=-0.02 k=2 lam_top=-0.13 align=0.00
[E7] 2553/3456 (30568s) gpt2 L5H8 sign=-0.65 symD=1 V=push p=0 steps=11883: speed0=1.11e-01 speedT=1.05e-04 cos=-0.00 k=37 lam_top=-0.13 align=0.00
[E7] 2554/3456 (30636s) gpt2 L5H6 sign=+0.50 symD=0 V=push p=0 steps=146995: speed0=1.07e-01 speedT=8.45e-02 cos=+0.10 k=47 lam_top=-0.09 align=0.04
[E7] 2555/3456 (30640s) gpt2 L5H8 sign=-0.65 symD=1 V=push p=1 steps=20707: speed0=1.03e-01 speedT=5.12e-04 cos=-0.00 k=27 lam_top=-0.13 align=0.00
[E7] 2556/3456 (30654s) gpt2 L5H9 sign=-0.93 symD=0 V=sym p=0 steps=3105: speed0=1.85e-01 speedT=2.40e-07 cos=+1.00 k=1 lam_top=+0.32 align=1.00
[E7] 2557/3456 (30665s) gpt2 L5H9 sign=-0.93 symD=0 V=full p=0 steps=27765: speed0=4.47e-02 speedT=6.40e-02 cos=+1.00 k=1 lam_top=+0.06 align=1.00
[E7] 2558/3456 (30668s) gpt2 L5H9 sign=-0.93 symD=0 V=sym p=1 steps=3064: speed0=1.77e-01 speedT=1.87e-07 cos=+1.00 k=1 lam_top=+0.32 align=1.00
[E7] 2559/3456 (30735s) gpt2 L5H9 sign=-0.93 symD=0 V=full p=1 steps=27671: speed0=4.41e-02 speedT=6.58e-02 cos=+1.00 k=1 lam_top=+0.06 align=1.00
[E7] 2560/3456 (30776s) gpt2 L5H8 sign=-0.65 symD=0 V=push p=0 steps=97758: speed0=1.08e-01 speedT=1.02e-02 cos=-0.01 k=3 lam_top=-0.13 align=0.01
[E7] 2561/3456 (30829s) gpt2 L5H9 sign=-0.93 symD=0 V=push p=1 steps=43843: speed0=1.31e-01 speedT=3.35e-03 cos=-0.01 k=15 lam_top=-0.03 align=0.00
[E7] 2562/3456 (30846s) gpt2 L5H9 sign=-0.93 symD=1 V=sym p=0 steps=3083: speed0=1.71e-01 speedT=1.87e-07 cos=+1.00 k=1 lam_top=+0.32 align=1.00
[E7] 2563/3456 (30855s) gpt2 L5H9 sign=-0.93 symD=1 V=full p=0 steps=27662: speed0=4.67e-02 speedT=6.29e-02 cos=+1.00 k=1 lam_top=+0.06 align=1.00
[E7] 2564/3456 (30862s) gpt2 L5H9 sign=-0.93 symD=1 V=sym p=1 steps=3045: speed0=1.61e-01 speedT=2.04e-07 cos=+1.00 k=1 lam_top=+0.32 align=1.00
[E7] 2565/3456 (30889s) gpt2 L5H9 sign=-0.93 symD=0 V=push p=0 steps=61090: speed0=1.39e-01 speedT=4.47e-04 cos=-0.02 k=3 lam_top=-0.03 align=0.00
[E7] 2566/3456 (30892s) gpt2 L5H9 sign=-0.93 symD=1 V=full p=1 steps=27637: speed0=4.81e-02 speedT=6.50e-02 cos=+1.00 k=1 lam_top=+0.06 align=1.00
[E7] 2567/3456 (30908s) gpt2 L5H10 sign=+0.98 symD=0 V=full p=1 steps=4441: speed0=6.81e-02 speedT=1.14e-07 cos=+0.94 k=2 lam_top=+0.74 align=1.00
[E7] 2568/3456 (30915s) gpt2 L5H10 sign=+0.98 symD=0 V=full p=0 steps=7362: speed0=5.75e-02 speedT=1.32e-07 cos=+0.82 k=2 lam_top=+0.74 align=1.00
[E7] 2569/3456 (30931s) gpt2 L5H10 sign=+0.98 symD=0 V=sym p=0 steps=4800: speed0=1.86e-01 speedT=3.99e-07 cos=+1.00 k=1 lam_top=+0.87 align=1.00
[E7] 2570/3456 (30934s) gpt2 L5H10 sign=+0.98 symD=0 V=sym p=1 steps=3964: speed0=1.69e-01 speedT=4.44e-07 cos=+1.00 k=1 lam_top=+0.87 align=1.00
[E7] 2571/3456 (30959s) gpt2 L5H9 sign=-0.93 symD=1 V=push p=0 steps=23743: speed0=1.29e-01 speedT=3.22e-04 cos=+0.01 k=64 lam_top=-0.03 align=0.00
[E7] 2572/3456 (30963s) gpt2 L5H9 sign=-0.93 symD=1 V=push p=1 steps=22926: speed0=1.20e-01 speedT=7.65e-04 cos=-0.00 k=64 lam_top=-0.03 align=0.00
[E7] 2573/3456 (30987s) gpt2 L5H10 sign=+0.98 symD=1 V=full p=1 steps=5649: speed0=6.96e-02 speedT=1.34e-07 cos=+0.42 k=2 lam_top=+0.74 align=1.00
[E7] 2574/3456 (30988s) gpt2 L5H10 sign=+0.98 symD=1 V=full p=0 steps=6866: speed0=6.14e-02 speedT=1.30e-07 cos=+0.76 k=2 lam_top=+0.74 align=1.00
[E7] 2575/3456 (31014s) gpt2 L5H10 sign=+0.98 symD=1 V=sym p=1 steps=4174: speed0=1.57e-01 speedT=1.88e-07 cos=+1.00 k=1 lam_top=+0.87 align=1.00
[E7] 2576/3456 (31014s) gpt2 L5H10 sign=+0.98 symD=1 V=sym p=0 steps=4621: speed0=1.76e-01 speedT=2.79e-07 cos=+1.00 k=1 lam_top=+0.87 align=1.00
[E7] 2577/3456 (31015s) gpt2 L5H10 sign=+0.98 symD=0 V=push p=1 steps=21320: speed0=9.57e-02 speedT=2.74e-03 cos=-0.00 k=31 lam_top=-0.04 align=0.22
[E7] 2578/3456 (31025s) gpt2 L5H10 sign=+0.98 symD=0 V=push p=0 steps=25259: speed0=1.08e-01 speedT=1.44e-03 cos=-0.01 k=11 lam_top=-0.04 align=0.00
[E7] 2579/3456 (31033s) gpt2 L5H11 sign=-1.00 symD=0 V=full p=0 steps=5189: speed0=3.41e-02 speedT=1.16e-03 cos=+0.49 k=64 lam_top=-0.19 align=0.33
[E7] 2580/3456 (31044s) gpt2 L5H11 sign=-1.00 symD=0 V=full p=1 steps=5073: speed0=4.63e-02 speedT=1.36e-03 cos=+0.49 k=64 lam_top=-0.19 align=0.42
[E7] 2581/3456 (31046s) gpt2 L5H11 sign=-1.00 symD=0 V=sym p=0 steps=2532: speed0=2.79e-01 speedT=2.82e-07 cos=+1.00 k=1 lam_top=+0.37 align=1.00
[E7] 2582/3456 (31057s) gpt2 L5H11 sign=-1.00 symD=0 V=sym p=1 steps=2523: speed0=2.46e-01 speedT=3.22e-07 cos=+1.00 k=1 lam_top=+0.37 align=1.00
[E7] 2583/3456 (31077s) gpt2 L5H11 sign=-1.00 symD=0 V=push p=0 steps=7606: speed0=2.12e-01 speedT=1.46e-03 cos=+0.43 k=64 lam_top=-0.25 align=0.01
[E7] 2584/3456 (31078s) gpt2 L5H11 sign=-1.00 symD=0 V=push p=1 steps=4921: speed0=1.91e-01 speedT=3.29e-04 cos=+0.53 k=64 lam_top=-0.25 align=0.01
[E7] 2585/3456 (31079s) gpt2 L5H10 sign=+0.98 symD=1 V=push p=1 steps=13862: speed0=9.15e-02 speedT=7.63e-04 cos=+0.06 k=64 lam_top=-0.04 align=0.01
[E7] 2586/3456 (31088s) gpt2 L5H10 sign=+0.98 symD=1 V=push p=0 steps=15997: speed0=1.01e-01 speedT=1.52e-04 cos=+0.03 k=45 lam_top=-0.04 align=0.00
[E7] 2587/3456 (31091s) gpt2 L5H11 sign=-1.00 symD=1 V=full p=0 steps=2910: speed0=3.77e-02 speedT=6.80e-05 cos=+0.53 k=64 lam_top=-0.19 align=0.44
[E7] 2588/3456 (31095s) gpt2 L5H11 sign=-1.00 symD=1 V=sym p=0 steps=2520: speed0=2.72e-01 speedT=3.34e-07 cos=+1.00 k=1 lam_top=+0.37 align=1.00
[E7] 2589/3456 (31101s) gpt2 L5H11 sign=-1.00 symD=1 V=full p=1 steps=4830: speed0=5.07e-02 speedT=1.04e-04 cos=+0.48 k=64 lam_top=-0.19 align=0.35
[E7] 2590/3456 (31105s) gpt2 L5H11 sign=-1.00 symD=1 V=sym p=1 steps=2536: speed0=2.40e-01 speedT=1.62e-07 cos=+1.00 k=1 lam_top=+0.37 align=1.00
[E7] 2591/3456 (31114s) gpt2 L5H11 sign=-1.00 symD=1 V=push p=0 steps=4640: speed0=2.08e-01 speedT=3.97e-04 cos=+0.48 k=64 lam_top=-0.25 align=0.01
[E7] 2592/3456 (31117s) gpt2 L6H0 sign=+0.96 symD=0 V=full p=0 steps=4494: speed0=5.26e-02 speedT=1.13e-07 cos=+1.00 k=1 lam_top=+0.58 align=1.00
[E7] 2593/3456 (31119s) gpt2 L5H11 sign=-1.00 symD=1 V=push p=1 steps=5127: speed0=1.87e-01 speedT=1.12e-04 cos=+0.49 k=64 lam_top=-0.25 align=0.01
[E7] 2594/3456 (31121s) gpt2 L6H0 sign=+0.96 symD=0 V=full p=1 steps=4527: speed0=6.52e-02 speedT=1.14e-07 cos=+1.00 k=1 lam_top=+0.58 align=1.00
[E7] 2595/3456 (31132s) gpt2 L6H0 sign=+0.96 symD=0 V=sym p=0 steps=4173: speed0=1.63e-01 speedT=4.39e-07 cos=+1.00 k=1 lam_top=+0.74 align=1.00
[E7] 2596/3456 (31138s) gpt2 L6H0 sign=+0.96 symD=0 V=sym p=1 steps=4028: speed0=1.44e-01 speedT=3.81e-07 cos=+1.00 k=1 lam_top=+0.74 align=1.00
[E7] 2597/3456 (31149s) gpt2 L6H0 sign=+0.96 symD=0 V=push p=0 steps=7920: speed0=8.65e-02 speedT=3.78e-08 cos=-0.01 k=2 lam_top=-0.04 align=0.00
[E7] 2598/3456 (31151s) gpt2 L6H0 sign=+0.96 symD=0 V=push p=1 steps=7428: speed0=7.39e-02 speedT=2.65e-08 cos=+0.13 k=2 lam_top=-0.04 align=0.00
[E7] 2599/3456 (31157s) gpt2 L6H0 sign=+0.96 symD=1 V=full p=0 steps=5499: speed0=4.01e-02 speedT=1.06e-07 cos=+1.00 k=1 lam_top=+0.58 align=1.00
[E7] 2600/3456 (31157s) gpt2 L6H0 sign=+0.96 symD=1 V=full p=1 steps=4429: speed0=4.96e-02 speedT=1.07e-07 cos=+1.00 k=1 lam_top=+0.58 align=1.00
[E7] 2601/3456 (31170s) gpt2 L6H0 sign=+0.96 symD=1 V=sym p=0 steps=4018: speed0=1.67e-01 speedT=4.92e-07 cos=+1.00 k=1 lam_top=+0.74 align=1.00
[E7] 2602/3456 (31170s) gpt2 L6H0 sign=+0.96 symD=1 V=sym p=1 steps=3966: speed0=1.51e-01 speedT=4.62e-07 cos=+1.00 k=1 lam_top=+0.74 align=1.00
[E7] 2603/3456 (31187s) gpt2 L6H1 sign=+0.75 symD=0 V=full p=1 steps=4862: speed0=8.04e-02 speedT=1.18e-07 cos=+1.00 k=1 lam_top=+0.34 align=1.00
[E7] 2604/3456 (31189s) gpt2 L6H1 sign=+0.75 symD=0 V=full p=0 steps=5744: speed0=6.30e-02 speedT=1.57e-07 cos=+1.00 k=1 lam_top=+0.34 align=1.00
[E7] 2605/3456 (31204s) gpt2 L6H1 sign=+0.75 symD=0 V=sym p=0 steps=3377: speed0=1.31e-01 speedT=2.90e-07 cos=+1.00 k=1 lam_top=+0.59 align=1.00
[E7] 2606/3456 (31207s) gpt2 L6H1 sign=+0.75 symD=0 V=sym p=1 steps=3543: speed0=1.13e-01 speedT=1.99e-07 cos=+1.00 k=1 lam_top=+0.59 align=1.00
[E7] 2607/3456 (31217s) gpt2 L6H0 sign=+0.96 symD=1 V=push p=1 steps=13497: speed0=8.10e-02 speedT=5.29e-06 cos=+0.27 k=11 lam_top=-0.04 align=0.00
[E7] 2608/3456 (31229s) gpt2 L6H0 sign=+0.96 symD=1 V=push p=0 steps=16524: speed0=8.93e-02 speedT=2.42e-05 cos=+0.21 k=4 lam_top=-0.04 align=0.00
[E7] 2609/3456 (31230s) gpt2 L6H1 sign=+0.75 symD=0 V=push p=0 steps=6252: speed0=7.64e-02 speedT=2.00e-07 cos=-0.02 k=2 lam_top=-0.10 align=0.00
[E7] 2610/3456 (31230s) gpt2 L6H1 sign=+0.75 symD=0 V=push p=1 steps=5755: speed0=6.84e-02 speedT=2.00e-07 cos=+0.05 k=2 lam_top=-0.10 align=0.00
[E7] 2611/3456 (31248s) gpt2 L6H1 sign=+0.75 symD=1 V=full p=0 steps=6914: speed0=4.79e-02 speedT=1.95e-07 cos=+1.00 k=1 lam_top=+0.34 align=1.00
[E7] 2612/3456 (31250s) gpt2 L6H1 sign=+0.75 symD=1 V=sym p=1 steps=3398: speed0=1.12e-01 speedT=2.61e-07 cos=+1.00 k=1 lam_top=+0.59 align=1.00
[E7] 2613/3456 (31250s) gpt2 L6H1 sign=+0.75 symD=1 V=sym p=0 steps=3364: speed0=1.27e-01 speedT=2.56e-07 cos=+1.00 k=1 lam_top=+0.59 align=1.00
[E7] 2614/3456 (31253s) gpt2 L6H1 sign=+0.75 symD=1 V=full p=1 steps=5481: speed0=5.92e-02 speedT=5.30e-08 cos=+1.00 k=1 lam_top=+0.34 align=1.00
[E7] 2615/3456 (31264s) gpt2 L6H2 sign=-0.38 symD=0 V=full p=1 steps=3216: speed0=2.42e-02 speedT=1.12e-07 cos=+1.00 k=1 lam_top=+0.31 align=1.00
[E7] 2616/3456 (31267s) gpt2 L6H2 sign=-0.38 symD=0 V=full p=0 steps=4823: speed0=2.75e-02 speedT=1.13e-07 cos=+1.00 k=1 lam_top=+0.31 align=1.00
[E7] 2617/3456 (31275s) gpt2 L6H1 sign=+0.75 symD=1 V=push p=1 steps=5895: speed0=6.75e-02 speedT=1.61e-07 cos=+0.56 k=2 lam_top=-0.10 align=0.00
[E7] 2618/3456 (31280s) gpt2 L6H1 sign=+0.75 symD=1 V=push p=0 steps=7546: speed0=7.70e-02 speedT=2.00e-07 cos=+0.06 k=2 lam_top=-0.10 align=0.00
[E7] 2619/3456 (31280s) gpt2 L6H2 sign=-0.38 symD=0 V=sym p=0 steps=3343: speed0=1.54e-01 speedT=2.44e-07 cos=+1.00 k=1 lam_top=+0.67 align=1.00
[E7] 2620/3456 (31283s) gpt2 L6H2 sign=-0.38 symD=0 V=sym p=1 steps=3247: speed0=1.44e-01 speedT=2.86e-07 cos=+1.00 k=1 lam_top=+0.67 align=1.00
[E7] 2621/3456 (31294s) gpt2 L6H2 sign=-0.38 symD=1 V=full p=0 steps=3183: speed0=2.60e-02 speedT=1.27e-07 cos=+1.00 k=1 lam_top=+0.31 align=1.00
[E7] 2622/3456 (31298s) gpt2 L6H2 sign=-0.38 symD=1 V=full p=1 steps=3168: speed0=2.48e-02 speedT=1.12e-07 cos=+1.00 k=1 lam_top=+0.31 align=1.00
[E7] 2623/3456 (31311s) gpt2 L6H2 sign=-0.38 symD=0 V=push p=1 steps=8155: speed0=9.83e-02 speedT=2.03e-03 cos=+0.01 k=46 lam_top=-0.04 align=0.01
[E7] 2624/3456 (31312s) gpt2 L6H2 sign=-0.38 symD=1 V=sym p=0 steps=3309: speed0=1.62e-01 speedT=2.18e-07 cos=+1.00 k=1 lam_top=+0.67 align=1.00
[E7] 2625/3456 (31317s) gpt2 L6H2 sign=-0.38 symD=1 V=sym p=1 steps=3237: speed0=1.49e-01 speedT=2.44e-07 cos=+1.00 k=1 lam_top=+0.67 align=1.00
[E7] 2626/3456 (31332s) gpt2 L6H3 sign=+0.64 symD=0 V=full p=0 steps=4291: speed0=4.46e-02 speedT=1.23e-07 cos=+1.00 k=1 lam_top=+0.39 align=1.00
[E7] 2627/3456 (31346s) gpt2 L6H2 sign=-0.38 symD=1 V=push p=0 steps=7594: speed0=1.11e-01 speedT=8.94e-04 cos=+0.25 k=64 lam_top=-0.04 align=0.01
[E7] 2628/3456 (31347s) gpt2 L6H3 sign=+0.64 symD=0 V=full p=1 steps=4340: speed0=5.43e-02 speedT=1.20e-07 cos=+1.00 k=1 lam_top=+0.39 align=1.00
[E7] 2629/3456 (31350s) gpt2 L6H2 sign=-0.38 symD=1 V=push p=1 steps=8798: speed0=1.01e-01 speedT=5.86e-04 cos=+0.19 k=64 lam_top=-0.04 align=0.01
[E7] 2630/3456 (31364s) gpt2 L6H3 sign=+0.64 symD=0 V=sym p=0 steps=3827: speed0=1.27e-01 speedT=2.18e-07 cos=+1.00 k=1 lam_top=+0.63 align=1.00
[E7] 2631/3456 (31364s) gpt2 L6H3 sign=+0.64 symD=0 V=sym p=1 steps=4043: speed0=1.18e-01 speedT=2.43e-07 cos=+1.00 k=1 lam_top=+0.63 align=1.00
[E7] 2632/3456 (31373s) gpt2 L6H3 sign=+0.64 symD=0 V=push p=0 steps=6832: speed0=7.26e-02 speedT=1.72e-07 cos=+0.01 k=2 lam_top=-0.09 align=0.00
[E7] 2633/3456 (31380s) gpt2 L6H2 sign=-0.38 symD=0 V=push p=0 steps=29467: speed0=1.07e-01 speedT=4.69e-03 cos=+0.02 k=48 lam_top=-0.04 align=0.04
[E7] 2634/3456 (31387s) gpt2 L6H3 sign=+0.64 symD=0 V=push p=1 steps=6474: speed0=6.69e-02 speedT=1.88e-07 cos=+0.02 k=2 lam_top=-0.09 align=0.00
[E7] 2635/3456 (31387s) gpt2 L6H3 sign=+0.64 symD=1 V=full p=0 steps=5330: speed0=3.82e-02 speedT=1.15e-07 cos=+1.00 k=1 lam_top=+0.39 align=1.00
[E7] 2636/3456 (31392s) gpt2 L6H3 sign=+0.64 symD=1 V=full p=1 steps=4422: speed0=5.38e-02 speedT=1.44e-07 cos=+1.00 k=1 lam_top=+0.39 align=1.00
[E7] 2637/3456 (31401s) gpt2 L6H3 sign=+0.64 symD=1 V=sym p=0 steps=3751: speed0=1.28e-01 speedT=2.43e-07 cos=+1.00 k=1 lam_top=+0.63 align=1.00
[E7] 2638/3456 (31410s) gpt2 L6H3 sign=+0.64 symD=1 V=sym p=1 steps=4059: speed0=1.21e-01 speedT=2.08e-07 cos=+1.00 k=1 lam_top=+0.63 align=1.00
[E7] 2639/3456 (31414s) gpt2 L6H4 sign=+0.96 symD=0 V=full p=0 steps=3488: speed0=3.66e-02 speedT=1.04e-07 cos=+1.00 k=1 lam_top=+0.53 align=1.00
[E7] 2640/3456 (31417s) gpt2 L6H3 sign=+0.64 symD=1 V=push p=0 steps=6352: speed0=7.38e-02 speedT=2.15e-07 cos=+0.18 k=2 lam_top=-0.09 align=0.00
[E7] 2641/3456 (31423s) gpt2 L6H3 sign=+0.64 symD=1 V=push p=1 steps=6874: speed0=6.63e-02 speedT=1.73e-07 cos=+0.08 k=2 lam_top=-0.09 align=0.00
[E7] 2642/3456 (31423s) gpt2 L6H4 sign=+0.96 symD=0 V=full p=1 steps=3910: speed0=4.21e-02 speedT=1.17e-07 cos=+1.00 k=1 lam_top=+0.53 align=1.00
[E7] 2643/3456 (31430s) gpt2 L6H4 sign=+0.96 symD=0 V=sym p=0 steps=3825: speed0=1.82e-01 speedT=3.07e-07 cos=+1.00 k=1 lam_top=+0.73 align=1.00
[E7] 2644/3456 (31433s) gpt2 L6H4 sign=+0.96 symD=0 V=sym p=1 steps=3960: speed0=1.66e-01 speedT=2.39e-07 cos=+1.00 k=1 lam_top=+0.73 align=1.00
[E7] 2645/3456 (31444s) gpt2 L6H4 sign=+0.96 symD=1 V=full p=0 steps=3480: speed0=3.99e-02 speedT=1.08e-07 cos=+1.00 k=1 lam_top=+0.53 align=1.00
[E7] 2646/3456 (31450s) gpt2 L6H4 sign=+0.96 symD=1 V=full p=1 steps=3882: speed0=5.45e-02 speedT=6.89e-08 cos=+1.00 k=1 lam_top=+0.53 align=1.00
[E7] 2647/3456 (31463s) gpt2 L6H4 sign=+0.96 symD=1 V=sym p=0 steps=3788: speed0=1.69e-01 speedT=1.87e-07 cos=+1.00 k=1 lam_top=+0.73 align=1.00
[E7] 2648/3456 (31470s) gpt2 L6H4 sign=+0.96 symD=1 V=sym p=1 steps=3916: speed0=1.57e-01 speedT=2.84e-07 cos=+1.00 k=1 lam_top=+0.73 align=1.00
[E7] 2649/3456 (31473s) gpt2 L6H4 sign=+0.96 symD=0 V=push p=1 steps=14441: speed0=9.27e-02 speedT=4.35e-02 cos=+0.13 k=39 lam_top=-0.06 align=0.05
[E7] 2650/3456 (31506s) gpt2 L6H4 sign=+0.96 symD=1 V=push p=1 steps=9238: speed0=8.53e-02 speedT=9.63e-04 cos=+0.14 k=64 lam_top=-0.06 align=0.01
[E7] 2651/3456 (31509s) gpt2 L6H4 sign=+0.96 symD=1 V=push p=0 steps=11002: speed0=9.27e-02 speedT=9.74e-04 cos=+0.11 k=64 lam_top=-0.06 align=0.01
[E7] 2652/3456 (31523s) gpt2 L6H5 sign=-0.94 symD=0 V=sym p=0 steps=3783: speed0=1.58e-01 speedT=2.08e-07 cos=+1.00 k=1 lam_top=+0.39 align=1.00
[E7] 2653/3456 (31542s) gpt2 L6H5 sign=-0.94 symD=0 V=sym p=1 steps=3734: speed0=1.63e-01 speedT=2.58e-07 cos=+1.00 k=1 lam_top=+0.39 align=1.00
[E7] 2654/3456 (31567s) gpt2 L6H4 sign=+0.96 symD=0 V=push p=0 steps=41844: speed0=1.01e-01 speedT=1.32e-03 cos=+0.09 k=41 lam_top=-0.06 align=0.00
[E7] 2655/3456 (31600s) gpt2 L6H5 sign=-0.94 symD=0 V=full p=1 steps=27439: speed0=8.91e-02 speedT=3.60e-03 cos=+0.44 k=60 lam_top=-0.04 align=0.59
[E7] 2656/3456 (31652s) gpt2 L6H5 sign=-0.94 symD=1 V=full p=0 steps=11956: speed0=5.56e-02 speedT=3.85e-04 cos=+0.21 k=64 lam_top=-0.04 align=0.38
[E7] 2657/3456 (31675s) gpt2 L6H5 sign=-0.94 symD=0 V=full p=0 steps=59500: speed0=6.50e-02 speedT=1.66e-02 cos=+0.03 k=4 lam_top=-0.04 align=0.16
[E7] 2658/3456 (31686s) gpt2 L6H5 sign=-0.94 symD=1 V=full p=1 steps=7567: speed0=7.59e-02 speedT=4.27e-04 cos=+0.58 k=64 lam_top=-0.04 align=0.66
[E7] 2659/3456 (31698s) gpt2 L6H5 sign=-0.94 symD=1 V=sym p=0 steps=3701: speed0=1.65e-01 speedT=2.05e-07 cos=+1.00 k=1 lam_top=+0.39 align=1.00
[E7] 2660/3456 (31703s) gpt2 L6H5 sign=-0.94 symD=0 V=push p=0 steps=43630: speed0=1.30e-01 speedT=1.92e-04 cos=-0.01 k=4 lam_top=-0.18 align=0.01
[E7] 2661/3456 (31705s) gpt2 L6H5 sign=-0.94 symD=0 V=push p=1 steps=37239: speed0=1.41e-01 speedT=9.93e-04 cos=-0.02 k=4 lam_top=-0.18 align=0.04
[E7] 2662/3456 (31709s) gpt2 L6H5 sign=-0.94 symD=1 V=sym p=1 steps=3678: speed0=1.62e-01 speedT=2.05e-07 cos=+1.00 k=1 lam_top=+0.39 align=1.00
[E7] 2663/3456 (31725s) gpt2 L6H6 sign=-0.99 symD=0 V=full p=1 steps=4088: speed0=5.18e-02 speedT=8.81e-04 cos=+0.56 k=64 lam_top=-0.08 align=0.30
[E7] 2664/3456 (31727s) gpt2 L6H6 sign=-0.99 symD=0 V=full p=0 steps=5713: speed0=3.19e-02 speedT=1.23e-03 cos=+0.46 k=64 lam_top=-0.08 align=0.19
[E7] 2665/3456 (31738s) gpt2 L6H6 sign=-0.99 symD=0 V=sym p=0 steps=2842: speed0=2.82e-01 speedT=4.39e-07 cos=+1.00 k=1 lam_top=+0.38 align=1.00
[E7] 2666/3456 (31741s) gpt2 L6H6 sign=-0.99 symD=0 V=sym p=1 steps=2870: speed0=2.40e-01 speedT=2.36e-07 cos=+1.00 k=1 lam_top=+0.38 align=1.00
[E7] 2667/3456 (31749s) gpt2 L6H5 sign=-0.94 symD=1 V=push p=0 steps=11096: speed0=1.36e-01 speedT=4.01e-04 cos=+0.05 k=63 lam_top=-0.18 align=0.01
[E7] 2668/3456 (31752s) gpt2 L6H5 sign=-0.94 symD=1 V=push p=1 steps=10754: speed0=1.38e-01 speedT=2.91e-04 cos=+0.12 k=64 lam_top=-0.18 align=0.01
[E7] 2669/3456 (31755s) gpt2 L6H6 sign=-0.99 symD=0 V=push p=0 steps=3930: speed0=2.22e-01 speedT=2.08e-04 cos=+0.52 k=64 lam_top=-0.23 align=0.01
[E7] 2670/3456 (31759s) gpt2 L6H6 sign=-0.99 symD=0 V=push p=1 steps=4423: speed0=1.93e-01 speedT=3.89e-04 cos=+0.54 k=64 lam_top=-0.23 align=0.05
[E7] 2671/3456 (31761s) gpt2 L6H6 sign=-0.99 symD=1 V=full p=0 steps=2507: speed0=4.53e-02 speedT=3.36e-05 cos=+0.49 k=64 lam_top=-0.08 align=0.26
[E7] 2672/3456 (31763s) gpt2 L6H6 sign=-0.99 symD=1 V=full p=1 steps=2406: speed0=6.37e-02 speedT=3.49e-05 cos=+0.52 k=64 lam_top=-0.08 align=0.15
[E7] 2673/3456 (31771s) gpt2 L6H6 sign=-0.99 symD=1 V=sym p=0 steps=2803: speed0=2.53e-01 speedT=3.31e-07 cos=+1.00 k=1 lam_top=+0.38 align=1.00
[E7] 2674/3456 (31773s) gpt2 L6H6 sign=-0.99 symD=1 V=push p=0 steps=2432: speed0=2.00e-01 speedT=1.89e-05 cos=+0.52 k=64 lam_top=-0.23 align=0.01
[E7] 2675/3456 (31777s) gpt2 L6H6 sign=-0.99 symD=1 V=sym p=1 steps=2824: speed0=2.21e-01 speedT=3.98e-07 cos=+1.00 k=1 lam_top=+0.38 align=1.00
[E7] 2676/3456 (31777s) gpt2 L6H6 sign=-0.99 symD=1 V=push p=1 steps=2821: speed0=1.80e-01 speedT=1.64e-05 cos=+0.54 k=64 lam_top=-0.23 align=0.01
[E7] 2677/3456 (31784s) gpt2 L6H7 sign=+0.79 symD=0 V=full p=0 steps=3423: speed0=3.55e-02 speedT=2.16e-07 cos=+1.00 k=1 lam_top=+0.66 align=1.00
[E7] 2678/3456 (31790s) gpt2 L6H7 sign=+0.79 symD=0 V=full p=1 steps=4315: speed0=3.79e-02 speedT=2.72e-07 cos=+1.00 k=1 lam_top=+0.66 align=1.00
[E7] 2679/3456 (31797s) gpt2 L6H7 sign=+0.79 symD=0 V=sym p=0 steps=4210: speed0=7.72e-02 speedT=3.69e-07 cos=+1.00 k=1 lam_top=+0.82 align=1.00
[E7] 2680/3456 (31797s) gpt2 L6H7 sign=+0.79 symD=0 V=sym p=1 steps=4168: speed0=6.85e-02 speedT=2.31e-07 cos=+1.00 k=1 lam_top=+0.82 align=1.00
[E7] 2681/3456 (31813s) gpt2 L6H7 sign=+0.79 symD=1 V=full p=1 steps=3592: speed0=3.55e-02 speedT=2.16e-07 cos=+1.00 k=1 lam_top=+0.66 align=1.00
[E7] 2682/3456 (31814s) gpt2 L6H7 sign=+0.79 symD=1 V=full p=0 steps=3644: speed0=2.43e-02 speedT=2.16e-07 cos=+1.00 k=1 lam_top=+0.66 align=1.00
[E7] 2683/3456 (31840s) gpt2 L6H7 sign=+0.79 symD=1 V=sym p=1 steps=4440: speed0=6.71e-02 speedT=2.43e-07 cos=+1.00 k=1 lam_top=+0.82 align=1.00
[E7] 2684/3456 (31840s) gpt2 L6H7 sign=+0.79 symD=1 V=sym p=0 steps=4581: speed0=7.53e-02 speedT=2.18e-07 cos=+1.00 k=1 lam_top=+0.82 align=1.00
[E7] 2685/3456 (31856s) gpt2 L6H7 sign=+0.79 symD=0 V=push p=1 steps=17777: speed0=4.07e-02 speedT=5.91e-04 cos=+0.01 k=28 lam_top=-0.04 align=0.00
[E7] 2686/3456 (31884s) gpt2 L6H7 sign=+0.79 symD=1 V=push p=1 steps=9796: speed0=4.10e-02 speedT=4.92e-05 cos=+0.01 k=35 lam_top=-0.04 align=0.00
[E7] 2687/3456 (31891s) gpt2 L6H7 sign=+0.79 symD=0 V=push p=0 steps=27705: speed0=4.71e-02 speedT=5.33e-02 cos=+0.05 k=5 lam_top=-0.04 align=0.00
[E7] 2688/3456 (31893s) gpt2 L6H7 sign=+0.79 symD=1 V=push p=0 steps=12117: speed0=4.90e-02 speedT=1.92e-04 cos=-0.01 k=43 lam_top=-0.04 align=0.00
[E7] 2689/3456 (31911s) gpt2 L6H8 sign=+0.97 symD=0 V=sym p=0 steps=3998: speed0=1.42e-01 speedT=1.92e-07 cos=+1.00 k=1 lam_top=+0.71 align=1.00
[E7] 2690/3456 (31914s) gpt2 L6H8 sign=+0.97 symD=0 V=sym p=1 steps=4119: speed0=1.35e-01 speedT=2.11e-07 cos=+1.00 k=1 lam_top=+0.71 align=1.00
[E7] 2691/3456 (31929s) gpt2 L6H8 sign=+0.97 symD=0 V=full p=0 steps=19943: speed0=5.85e-02 speedT=4.71e-02 cos=+1.00 k=1 lam_top=+0.51 align=1.00
[E7] 2692/3456 (31947s) gpt2 L6H8 sign=+0.97 symD=0 V=push p=0 steps=9264: speed0=6.06e-02 speedT=1.28e-07 cos=+0.24 k=2 lam_top=-0.03 align=0.00
[E7] 2693/3456 (31957s) gpt2 L6H8 sign=+0.97 symD=0 V=full p=1 steps=21025: speed0=6.72e-02 speedT=3.53e-02 cos=+1.00 k=1 lam_top=+0.51 align=1.00
[E7] 2694/3456 (31978s) gpt2 L6H8 sign=+0.97 symD=1 V=sym p=0 steps=3932: speed0=1.43e-01 speedT=2.89e-07 cos=+1.00 k=1 lam_top=+0.71 align=1.00
[E7] 2695/3456 (32003s) gpt2 L6H8 sign=+0.97 symD=1 V=sym p=1 steps=3992: speed0=1.37e-01 speedT=2.82e-07 cos=+1.00 k=1 lam_top=+0.71 align=1.00
[E7] 2696/3456 (32021s) gpt2 L6H8 sign=+0.97 symD=1 V=full p=0 steps=21024: speed0=4.61e-02 speedT=3.91e-02 cos=+1.00 k=1 lam_top=+0.51 align=1.00
[E7] 2697/3456 (32035s) gpt2 L6H8 sign=+0.97 symD=1 V=push p=0 steps=6675: speed0=6.36e-02 speedT=1.55e-07 cos=+0.18 k=2 lam_top=-0.03 align=0.00
[E7] 2698/3456 (32037s) gpt2 L6H8 sign=+0.97 symD=1 V=full p=1 steps=20432: speed0=5.54e-02 speedT=3.57e-02 cos=+1.00 k=1 lam_top=+0.51 align=1.00
[E7] 2699/3456 (32048s) gpt2 L6H8 sign=+0.97 symD=0 V=push p=1 steps=34616: speed0=5.67e-02 speedT=5.40e-05 cos=-0.01 k=3 lam_top=-0.03 align=0.00
[E7] 2700/3456 (32054s) gpt2 L6H9 sign=+0.71 symD=0 V=full p=0 steps=4895: speed0=1.24e-01 speedT=1.47e-07 cos=+1.00 k=1 lam_top=+0.42 align=1.00
[E7] 2701/3456 (32057s) gpt2 L6H9 sign=+0.71 symD=0 V=full p=1 steps=4675: speed0=1.28e-01 speedT=1.51e-07 cos=+1.00 k=1 lam_top=+0.42 align=1.00
[E7] 2702/3456 (32057s) gpt2 L6H8 sign=+0.97 symD=1 V=push p=1 steps=7791: speed0=5.87e-02 speedT=2.51e-07 cos=+0.00 k=2 lam_top=-0.03 align=0.00
[E7] 2703/3456 (32067s) gpt2 L6H9 sign=+0.71 symD=0 V=sym p=0 steps=3895: speed0=1.43e-01 speedT=2.16e-07 cos=+1.00 k=1 lam_top=+0.70 align=1.00
[E7] 2704/3456 (32073s) gpt2 L6H9 sign=+0.71 symD=0 V=sym p=1 steps=4012: speed0=1.36e-01 speedT=2.34e-07 cos=+1.00 k=1 lam_top=+0.70 align=1.00
[E7] 2705/3456 (32085s) gpt2 L6H9 sign=+0.71 symD=1 V=full p=0 steps=4523: speed0=9.57e-02 speedT=1.27e-07 cos=+1.00 k=1 lam_top=+0.42 align=1.00
[E7] 2706/3456 (32088s) gpt2 L6H9 sign=+0.71 symD=0 V=push p=0 steps=8673: speed0=8.14e-02 speedT=2.12e-02 cos=-0.01 k=31 lam_top=-0.12 align=0.00
[E7] 2707/3456 (32092s) gpt2 L6H9 sign=+0.71 symD=1 V=full p=1 steps=4491: speed0=9.93e-02 speedT=1.49e-07 cos=+1.00 k=1 lam_top=+0.42 align=1.00
[E7] 2708/3456 (32107s) gpt2 L6H9 sign=+0.71 symD=1 V=sym p=0 steps=3776: speed0=1.34e-01 speedT=2.16e-07 cos=+1.00 k=1 lam_top=+0.70 align=1.00
[E7] 2709/3456 (32112s) gpt2 L6H9 sign=+0.71 symD=1 V=sym p=1 steps=3847: speed0=1.30e-01 speedT=2.34e-07 cos=+1.00 k=1 lam_top=+0.70 align=1.00
[E7] 2710/3456 (32167s) gpt2 L6H9 sign=+0.71 symD=1 V=push p=1 steps=12269: speed0=7.09e-02 speedT=8.06e-05 cos=-0.01 k=14 lam_top=-0.12 align=0.00
[E7] 2711/3456 (32169s) gpt2 L6H10 sign=+0.37 symD=0 V=full p=0 steps=14533: speed0=2.04e-02 speedT=9.88e-03 cos=+1.00 k=1 lam_top=+0.24 align=1.00
[E7] 2712/3456 (32179s) gpt2 L6H9 sign=+0.71 symD=1 V=push p=0 steps=18033: speed0=7.55e-02 speedT=6.31e-04 cos=-0.01 k=62 lam_top=-0.12 align=0.00
[E7] 2713/3456 (32182s) gpt2 L6H10 sign=+0.37 symD=0 V=sym p=0 steps=2696: speed0=2.03e-01 speedT=3.62e-07 cos=+1.00 k=1 lam_top=+0.59 align=1.00
[E7] 2714/3456 (32192s) gpt2 L6H10 sign=+0.37 symD=0 V=sym p=1 steps=2672: speed0=1.79e-01 speedT=2.36e-07 cos=+1.00 k=1 lam_top=+0.59 align=1.00
[E7] 2715/3456 (32195s) gpt2 L6H9 sign=+0.71 symD=0 V=push p=1 steps=35127: speed0=7.46e-02 speedT=1.92e-04 cos=-0.01 k=5 lam_top=-0.12 align=0.00
[E7] 2716/3456 (32220s) gpt2 L6H10 sign=+0.37 symD=0 V=full p=1 steps=14736: speed0=2.57e-02 speedT=3.29e-02 cos=+1.00 k=1 lam_top=+0.24 align=1.00
[E7] 2717/3456 (32242s) gpt2 L6H10 sign=+0.37 symD=0 V=push p=0 steps=14750: speed0=1.26e-01 speedT=1.48e-02 cos=+0.17 k=64 lam_top=-0.06 align=0.02
[E7] 2718/3456 (32257s) gpt2 L6H10 sign=+0.37 symD=0 V=push p=1 steps=16731: speed0=1.12e-01 speedT=3.76e-03 cos=+0.37 k=64 lam_top=-0.06 align=0.02
[E7] 2719/3456 (32257s) gpt2 L6H10 sign=+0.37 symD=1 V=sym p=0 steps=2697: speed0=1.97e-01 speedT=3.84e-07 cos=+1.00 k=1 lam_top=+0.59 align=1.00
[E7] 2720/3456 (32259s) gpt2 L6H10 sign=+0.37 symD=1 V=full p=0 steps=14585: speed0=2.10e-02 speedT=9.67e-03 cos=+1.00 k=1 lam_top=+0.24 align=1.00
[E7] 2721/3456 (32273s) gpt2 L6H10 sign=+0.37 symD=1 V=sym p=1 steps=2663: speed0=1.75e-01 speedT=3.37e-07 cos=+1.00 k=1 lam_top=+0.59 align=1.00
[E7] 2722/3456 (32285s) gpt2 L6H10 sign=+0.37 symD=1 V=full p=1 steps=14683: speed0=2.68e-02 speedT=3.57e-02 cos=+1.00 k=1 lam_top=+0.24 align=1.00
[E7] 2723/3456 (32291s) gpt2 L6H10 sign=+0.37 symD=1 V=push p=0 steps=7318: speed0=1.22e-01 speedT=4.51e-04 cos=+0.27 k=64 lam_top=-0.06 align=0.02
[E7] 2724/3456 (32294s) gpt2 L6H10 sign=+0.37 symD=1 V=push p=1 steps=7567: speed0=1.09e-01 speedT=4.42e-04 cos=+0.31 k=64 lam_top=-0.06 align=0.01
[E7] 2725/3456 (32294s) gpt2 L6H11 sign=+0.81 symD=0 V=full p=0 steps=6226: speed0=7.01e-02 speedT=2.17e-07 cos=+1.00 k=1 lam_top=+0.46 align=1.00
[E7] 2726/3456 (32301s) gpt2 L6H11 sign=+0.81 symD=0 V=full p=1 steps=4670: speed0=9.52e-02 speedT=1.73e-07 cos=+1.00 k=1 lam_top=+0.46 align=1.00
[E7] 2727/3456 (32309s) gpt2 L6H11 sign=+0.81 symD=0 V=sym p=0 steps=4111: speed0=1.57e-01 speedT=2.61e-07 cos=+1.00 k=1 lam_top=+0.68 align=1.00
[E7] 2728/3456 (32313s) gpt2 L6H11 sign=+0.81 symD=0 V=sym p=1 steps=4546: speed0=1.33e-01 speedT=2.09e-07 cos=+1.00 k=1 lam_top=+0.68 align=1.00
[E7] 2729/3456 (32331s) gpt2 L6H11 sign=+0.81 symD=1 V=full p=0 steps=5449: speed0=4.83e-02 speedT=1.67e-07 cos=+1.00 k=1 lam_top=+0.46 align=1.00
[E7] 2730/3456 (32342s) gpt2 L6H11 sign=+0.81 symD=1 V=full p=1 steps=7193: speed0=6.03e-02 speedT=2.17e-07 cos=+1.00 k=1 lam_top=+0.46 align=1.00
[E7] 2731/3456 (32354s) gpt2 L6H11 sign=+0.81 symD=1 V=sym p=0 steps=4046: speed0=1.52e-01 speedT=2.37e-07 cos=+1.00 k=1 lam_top=+0.68 align=1.00
[E7] 2732/3456 (32365s) gpt2 L6H11 sign=+0.81 symD=0 V=push p=1 steps=18160: speed0=7.27e-02 speedT=3.31e-04 cos=-0.01 k=5 lam_top=-0.09 align=0.00
[E7] 2733/3456 (32366s) gpt2 L6H11 sign=+0.81 symD=1 V=sym p=1 steps=4067: speed0=1.29e-01 speedT=2.87e-07 cos=+1.00 k=1 lam_top=+0.68 align=1.00
[E7] 2734/3456 (32385s) gpt2 L6H11 sign=+0.81 symD=1 V=push p=0 steps=6725: speed0=8.96e-02 speedT=1.50e-05 cos=-0.01 k=9 lam_top=-0.09 align=0.00
[E7] 2735/3456 (32390s) gpt2 L7H0 sign=+0.97 symD=0 V=full p=0 steps=6291: speed0=5.88e-02 speedT=3.51e-08 cos=+1.00 k=1 lam_top=+0.38 align=1.00
[E7] 2736/3456 (32398s) gpt2 L6H11 sign=+0.81 symD=0 V=push p=0 steps=28771: speed0=8.90e-02 speedT=1.29e-03 cos=+0.03 k=3 lam_top=-0.09 align=0.00
[E7] 2737/3456 (32404s) gpt2 L6H11 sign=+0.81 symD=1 V=push p=1 steps=8508: speed0=7.76e-02 speedT=1.40e-06 cos=-0.01 k=2 lam_top=-0.09 align=0.00
[E7] 2738/3456 (32404s) gpt2 L7H0 sign=+0.97 symD=0 V=sym p=0 steps=2969: speed0=1.53e-01 speedT=2.95e-07 cos=+1.00 k=1 lam_top=+0.64 align=1.00
[E7] 2739/3456 (32406s) gpt2 L7H0 sign=+0.97 symD=0 V=full p=1 steps=5348: speed0=5.82e-02 speedT=3.95e-08 cos=+1.00 k=1 lam_top=+0.38 align=1.00
[E7] 2740/3456 (32414s) gpt2 L7H0 sign=+0.97 symD=0 V=sym p=1 steps=3203: speed0=1.17e-01 speedT=3.10e-07 cos=+1.00 k=1 lam_top=+0.64 align=1.00
[E7] 2741/3456 (32430s) gpt2 L7H0 sign=+0.97 symD=1 V=full p=0 steps=5488: speed0=4.45e-02 speedT=3.85e-08 cos=+1.00 k=1 lam_top=+0.38 align=1.00
[E7] 2742/3456 (32435s) gpt2 L7H0 sign=+0.97 symD=1 V=full p=1 steps=4771: speed0=4.36e-02 speedT=3.59e-08 cos=+1.00 k=1 lam_top=+0.38 align=1.00
[E7] 2743/3456 (32447s) gpt2 L7H0 sign=+0.97 symD=1 V=sym p=0 steps=2956: speed0=1.59e-01 speedT=2.47e-07 cos=+1.00 k=1 lam_top=+0.64 align=1.00
[E7] 2744/3456 (32452s) gpt2 L7H0 sign=+0.97 symD=1 V=sym p=1 steps=3074: speed0=1.24e-01 speedT=1.76e-07 cos=+1.00 k=1 lam_top=+0.64 align=1.00
[E7] 2745/3456 (32524s) gpt2 L7H0 sign=+0.97 symD=0 V=push p=0 steps=31836: speed0=7.48e-02 speedT=3.72e-04 cos=-0.02 k=11 lam_top=-0.03 align=0.02
[E7] 2746/3456 (32524s) gpt2 L7H0 sign=+0.97 symD=1 V=push p=0 steps=15961: speed0=7.94e-02 speedT=6.90e-04 cos=+0.06 k=64 lam_top=-0.03 align=0.01
[E7] 2747/3456 (32546s) gpt2 L7H1 sign=+0.97 symD=0 V=full p=0 steps=6200: speed0=7.04e-02 speedT=1.37e-07 cos=+0.18 k=2 lam_top=+0.55 align=1.00
[E7] 2748/3456 (32548s) gpt2 L7H1 sign=+0.97 symD=0 V=full p=1 steps=6471: speed0=6.77e-02 speedT=1.52e-07 cos=+0.34 k=2 lam_top=+0.55 align=1.00
[E7] 2749/3456 (32562s) gpt2 L7H0 sign=+0.97 symD=1 V=push p=1 steps=23301: speed0=6.33e-02 speedT=6.21e-03 cos=+0.02 k=55 lam_top=-0.03 align=0.00
[E7] 2750/3456 (32567s) gpt2 L7H1 sign=+0.97 symD=0 V=sym p=0 steps=4174: speed0=1.73e-01 speedT=2.16e-07 cos=+1.00 k=1 lam_top=+0.69 align=1.00
[E7] 2751/3456 (32572s) gpt2 L7H1 sign=+0.97 symD=0 V=sym p=1 steps=4916: speed0=1.50e-01 speedT=2.26e-07 cos=+1.00 k=1 lam_top=+0.69 align=1.00
[E7] 2752/3456 (32575s) gpt2 L7H0 sign=+0.97 symD=0 V=push p=1 steps=44958: speed0=6.03e-02 speedT=4.30e-03 cos=+0.05 k=10 lam_top=-0.03 align=0.01
[E7] 2753/3456 (32588s) gpt2 L7H1 sign=+0.97 symD=0 V=push p=1 steps=6155: speed0=7.71e-02 speedT=1.01e-07 cos=+0.03 k=2 lam_top=-0.04 align=0.00
[E7] 2754/3456 (32592s) gpt2 L7H1 sign=+0.97 symD=0 V=push p=0 steps=8755: speed0=9.15e-02 speedT=1.05e-07 cos=-0.01 k=2 lam_top=-0.04 align=0.00
[E7] 2755/3456 (32601s) gpt2 L7H1 sign=+0.97 symD=1 V=full p=0 steps=6658: speed0=7.13e-02 speedT=2.89e-07 cos=+0.31 k=2 lam_top=+0.55 align=1.00
[E7] 2756/3456 (32601s) gpt2 L7H1 sign=+0.97 symD=1 V=full p=1 steps=6400: speed0=7.70e-02 speedT=5.27e-08 cos=+0.24 k=2 lam_top=+0.55 align=1.00
[E7] 2757/3456 (32611s) gpt2 L7H1 sign=+0.97 symD=1 V=sym p=0 steps=4164: speed0=1.70e-01 speedT=2.01e-07 cos=+1.00 k=1 lam_top=+0.69 align=1.00
[E7] 2758/3456 (32619s) gpt2 L7H1 sign=+0.97 symD=1 V=sym p=1 steps=4883: speed0=1.51e-01 speedT=2.26e-07 cos=+1.00 k=1 lam_top=+0.69 align=1.00
[E7] 2759/3456 (32631s) gpt2 L7H1 sign=+0.97 symD=1 V=push p=0 steps=6581: speed0=8.97e-02 speedT=1.13e-07 cos=-0.02 k=2 lam_top=-0.04 align=0.00
[E7] 2760/3456 (32636s) gpt2 L7H1 sign=+0.97 symD=1 V=push p=1 steps=8088: speed0=7.52e-02 speedT=1.45e-07 cos=+0.00 k=2 lam_top=-0.04 align=0.00
[E7] 2761/3456 (32645s) gpt2 L7H2 sign=+0.32 symD=0 V=sym p=0 steps=3275: speed0=2.02e-01 speedT=3.02e-07 cos=+1.00 k=1 lam_top=+0.55 align=1.00
[E7] 2762/3456 (32650s) gpt2 L7H2 sign=+0.32 symD=0 V=sym p=1 steps=3259: speed0=1.71e-01 speedT=2.98e-07 cos=+1.00 k=1 lam_top=+0.55 align=1.00
[E7] 2763/3456 (32681s) gpt2 L7H2 sign=+0.32 symD=0 V=push p=1 steps=8699: speed0=9.75e-02 speedT=1.78e-07 cos=-0.01 k=2 lam_top=-0.15 align=0.00
[E7] 2764/3456 (32690s) gpt2 L7H2 sign=+0.32 symD=0 V=push p=0 steps=12064: speed0=1.19e-01 speedT=3.27e-07 cos=+0.15 k=4 lam_top=-0.15 align=0.00
[E7] 2765/3456 (32693s) gpt2 L7H2 sign=+0.32 symD=0 V=full p=0 steps=23656: speed0=1.17e-01 speedT=1.95e-02 cos=+1.00 k=1 lam_top=+0.23 align=1.00
[E7] 2766/3456 (32699s) gpt2 L7H2 sign=+0.32 symD=0 V=full p=1 steps=23226: speed0=1.21e-01 speedT=2.36e-02 cos=+1.00 k=1 lam_top=+0.23 align=1.00
[E7] 2767/3456 (32708s) gpt2 L7H2 sign=+0.32 symD=1 V=sym p=0 steps=3205: speed0=1.94e-01 speedT=2.87e-07 cos=+1.00 k=1 lam_top=+0.55 align=1.00
[E7] 2768/3456 (32718s) gpt2 L7H2 sign=+0.32 symD=1 V=sym p=1 steps=3199: speed0=1.63e-01 speedT=2.11e-07 cos=+1.00 k=1 lam_top=+0.55 align=1.00
[E7] 2769/3456 (32737s) gpt2 L7H2 sign=+0.32 symD=1 V=push p=0 steps=7943: speed0=1.12e-01 speedT=1.89e-07 cos=+0.21 k=2 lam_top=-0.15 align=0.00
[E7] 2770/3456 (32747s) gpt2 L7H2 sign=+0.32 symD=1 V=push p=1 steps=7580: speed0=9.10e-02 speedT=1.63e-07 cos=+0.00 k=2 lam_top=-0.15 align=0.00
[E7] 2771/3456 (32748s) gpt2 L7H3 sign=-0.30 symD=0 V=full p=0 steps=3296: speed0=5.05e-02 speedT=2.04e-07 cos=+1.00 k=1 lam_top=+0.27 align=1.00
[E7] 2772/3456 (32758s) gpt2 L7H3 sign=-0.30 symD=0 V=full p=1 steps=3338: speed0=7.65e-02 speedT=2.31e-07 cos=+1.00 k=1 lam_top=+0.27 align=1.00
[E7] 2773/3456 (32766s) gpt2 L7H3 sign=-0.30 symD=0 V=sym p=0 steps=3927: speed0=1.42e-01 speedT=2.58e-07 cos=+1.00 k=1 lam_top=+0.56 align=1.00
[E7] 2774/3456 (32772s) gpt2 L7H2 sign=+0.32 symD=1 V=full p=0 steps=23745: speed0=8.84e-02 speedT=3.15e-02 cos=+1.00 k=1 lam_top=+0.23 align=1.00
[E7] 2775/3456 (32775s) gpt2 L7H3 sign=-0.30 symD=0 V=sym p=1 steps=3832: speed0=1.24e-01 speedT=2.43e-07 cos=+1.00 k=1 lam_top=+0.56 align=1.00
[E7] 2776/3456 (32780s) gpt2 L7H2 sign=+0.32 symD=1 V=full p=1 steps=23188: speed0=9.32e-02 speedT=2.91e-02 cos=+1.00 k=1 lam_top=+0.23 align=1.00
[E7] 2777/3456 (32791s) gpt2 L7H3 sign=-0.30 symD=1 V=full p=0 steps=3323: speed0=4.48e-02 speedT=2.32e-07 cos=+1.00 k=1 lam_top=+0.27 align=1.00
[E7] 2778/3456 (32795s) gpt2 L7H3 sign=-0.30 symD=1 V=full p=1 steps=3408: speed0=5.96e-02 speedT=1.95e-07 cos=+1.00 k=1 lam_top=+0.27 align=1.00
[E7] 2779/3456 (32813s) gpt2 L7H3 sign=-0.30 symD=1 V=sym p=0 steps=3993: speed0=1.43e-01 speedT=2.38e-07 cos=+1.00 k=1 lam_top=+0.56 align=1.00
[E7] 2780/3456 (32819s) gpt2 L7H3 sign=-0.30 symD=1 V=sym p=1 steps=3962: speed0=1.26e-01 speedT=1.98e-07 cos=+1.00 k=1 lam_top=+0.56 align=1.00
[E7] 2781/3456 (32865s) gpt2 L7H3 sign=-0.30 symD=1 V=push p=1 steps=9772: speed0=8.53e-02 speedT=1.10e-03 cos=+0.09 k=62 lam_top=-0.04 align=0.01
[E7] 2782/3456 (32866s) gpt2 L7H3 sign=-0.30 symD=1 V=push p=0 steps=11414: speed0=9.59e-02 speedT=3.64e-04 cos=+0.07 k=64 lam_top=-0.04 align=0.00
[E7] 2783/3456 (32882s) gpt2 L7H4 sign=+0.98 symD=0 V=full p=1 steps=4361: speed0=6.34e-02 speedT=1.33e-07 cos=+1.00 k=1 lam_top=+0.71 align=1.00
[E7] 2784/3456 (32884s) gpt2 L7H4 sign=+0.98 symD=0 V=full p=0 steps=4906: speed0=6.48e-02 speedT=1.48e-07 cos=+1.00 k=1 lam_top=+0.71 align=1.00
[E7] 2785/3456 (32909s) gpt2 L7H4 sign=+0.98 symD=0 V=sym p=1 steps=4680: speed0=1.29e-01 speedT=2.32e-07 cos=+1.00 k=1 lam_top=+0.85 align=1.00
[E7] 2786/3456 (32911s) gpt2 L7H4 sign=+0.98 symD=0 V=sym p=0 steps=5626: speed0=1.63e-01 speedT=1.83e-07 cos=+1.00 k=1 lam_top=+0.85 align=1.00
[E7] 2787/3456 (32933s) gpt2 L7H4 sign=+0.98 symD=0 V=push p=1 steps=6374: speed0=6.11e-02 speedT=1.46e-07 cos=+0.06 k=2 lam_top=-0.05 align=0.00
[E7] 2788/3456 (32943s) gpt2 L7H4 sign=+0.98 symD=0 V=push p=0 steps=9357: speed0=7.76e-02 speedT=1.14e-07 cos=+0.05 k=2 lam_top=-0.05 align=0.00
[E7] 2789/3456 (32952s) gpt2 L7H4 sign=+0.98 symD=1 V=full p=0 steps=4219: speed0=4.77e-02 speedT=1.49e-07 cos=+1.00 k=1 lam_top=+0.71 align=1.00
[E7] 2790/3456 (32963s) gpt2 L7H4 sign=+0.98 symD=1 V=full p=1 steps=4524: speed0=5.74e-02 speedT=1.55e-07 cos=+1.00 k=1 lam_top=+0.71 align=1.00
[E7] 2791/3456 (32980s) gpt2 L7H4 sign=+0.98 symD=1 V=sym p=0 steps=4714: speed0=1.69e-01 speedT=1.83e-07 cos=+1.00 k=1 lam_top=+0.85 align=1.00
[E7] 2792/3456 (32991s) gpt2 L7H4 sign=+0.98 symD=1 V=sym p=1 steps=4669: speed0=1.40e-01 speedT=2.03e-07 cos=+1.00 k=1 lam_top=+0.85 align=1.00
[E7] 2793/3456 (33000s) gpt2 L7H3 sign=-0.30 symD=0 V=push p=1 steps=60525: speed0=8.76e-02 speedT=7.38e-03 cos=-0.00 k=47 lam_top=-0.04 align=0.04
[E7] 2794/3456 (33005s) gpt2 L7H4 sign=+0.98 symD=1 V=push p=0 steps=5374: speed0=8.36e-02 speedT=3.96e-08 cos=+0.65 k=2 lam_top=-0.05 align=0.00
[E7] 2795/3456 (33009s) gpt2 L7H3 sign=-0.30 symD=0 V=push p=0 steps=64263: speed0=9.49e-02 speedT=4.06e-03 cos=-0.00 k=28 lam_top=-0.04 align=0.11
[E7] 2796/3456 (33013s) gpt2 L7H4 sign=+0.98 symD=1 V=push p=1 steps=4797: speed0=6.75e-02 speedT=1.26e-07 cos=+0.34 k=2 lam_top=-0.05 align=0.00
[E7] 2797/3456 (33013s) gpt2 L7H5 sign=+0.94 symD=0 V=full p=0 steps=3882: speed0=6.30e-02 speedT=1.12e-07 cos=+1.00 k=1 lam_top=+0.57 align=1.00
[E7] 2798/3456 (33020s) gpt2 L7H5 sign=+0.94 symD=0 V=full p=1 steps=4069: speed0=6.09e-02 speedT=1.11e-07 cos=+1.00 k=1 lam_top=+0.57 align=1.00
[E7] 2799/3456 (33027s) gpt2 L7H5 sign=+0.94 symD=0 V=sym p=0 steps=3953: speed0=2.06e-01 speedT=3.90e-07 cos=+1.00 k=1 lam_top=+0.82 align=1.00
[E7] 2800/3456 (33033s) gpt2 L7H5 sign=+0.94 symD=0 V=sym p=1 steps=3958: speed0=1.72e-01 speedT=3.41e-07 cos=+1.00 k=1 lam_top=+0.82 align=1.00
[E7] 2801/3456 (33037s) gpt2 L7H5 sign=+0.94 symD=0 V=push p=0 steps=5703: speed0=1.12e-01 speedT=1.97e-07 cos=+0.05 k=2 lam_top=-0.07 align=0.00
[E7] 2802/3456 (33042s) gpt2 L7H5 sign=+0.94 symD=1 V=full p=0 steps=3773: speed0=6.22e-02 speedT=1.12e-07 cos=+1.00 k=1 lam_top=+0.57 align=1.00
[E7] 2803/3456 (33049s) gpt2 L7H5 sign=+0.94 symD=0 V=push p=1 steps=8129: speed0=1.02e-01 speedT=1.92e-07 cos=+0.10 k=2 lam_top=-0.07 align=0.00
[E7] 2804/3456 (33050s) gpt2 L7H5 sign=+0.94 symD=1 V=full p=1 steps=4173: speed0=6.23e-02 speedT=1.07e-07 cos=+1.00 k=1 lam_top=+0.57 align=1.00
[E7] 2805/3456 (33055s) gpt2 L7H5 sign=+0.94 symD=1 V=sym p=0 steps=3988: speed0=2.05e-01 speedT=2.95e-07 cos=+1.00 k=1 lam_top=+0.82 align=1.00
[E7] 2806/3456 (33063s) gpt2 L7H5 sign=+0.94 symD=1 V=sym p=1 steps=4013: speed0=1.74e-01 speedT=3.11e-07 cos=+1.00 k=1 lam_top=+0.82 align=1.00
[E7] 2807/3456 (33065s) gpt2 L7H6 sign=-0.56 symD=0 V=full p=0 steps=3280: speed0=2.90e-02 speedT=8.88e-08 cos=+1.00 k=1 lam_top=+0.17 align=1.00
[E7] 2808/3456 (33071s) gpt2 L7H6 sign=-0.56 symD=0 V=full p=1 steps=2894: speed0=3.52e-02 speedT=9.02e-08 cos=+1.00 k=1 lam_top=+0.17 align=1.00
[E7] 2809/3456 (33073s) gpt2 L7H5 sign=+0.94 symD=1 V=push p=0 steps=5885: speed0=1.11e-01 speedT=1.03e-07 cos=+0.31 k=2 lam_top=-0.07 align=0.00
[E7] 2810/3456 (33076s) gpt2 L7H5 sign=+0.94 symD=1 V=push p=1 steps=6624: speed0=1.02e-01 speedT=1.97e-07 cos=+0.05 k=2 lam_top=-0.07 align=0.00
[E7] 2811/3456 (33076s) gpt2 L7H6 sign=-0.56 symD=0 V=sym p=0 steps=2524: speed0=2.19e-01 speedT=3.42e-07 cos=+1.00 k=1 lam_top=+0.55 align=1.00
[E7] 2812/3456 (33083s) gpt2 L7H6 sign=-0.56 symD=0 V=sym p=1 steps=2511: speed0=1.83e-01 speedT=3.30e-07 cos=+1.00 k=1 lam_top=+0.55 align=1.00
[E7] 2813/3456 (33091s) gpt2 L7H6 sign=-0.56 symD=1 V=full p=0 steps=3254: speed0=3.05e-02 speedT=5.32e-08 cos=+1.00 k=1 lam_top=+0.17 align=1.00
[E7] 2814/3456 (33096s) gpt2 L7H6 sign=-0.56 symD=1 V=full p=1 steps=2805: speed0=4.01e-02 speedT=1.39e-07 cos=+1.00 k=1 lam_top=+0.17 align=1.00
[E7] 2815/3456 (33105s) gpt2 L7H6 sign=-0.56 symD=1 V=sym p=0 steps=2521: speed0=2.19e-01 speedT=3.41e-07 cos=+1.00 k=1 lam_top=+0.55 align=1.00
[E7] 2816/3456 (33109s) gpt2 L7H6 sign=-0.56 symD=1 V=sym p=1 steps=2505: speed0=1.85e-01 speedT=2.73e-07 cos=+1.00 k=1 lam_top=+0.55 align=1.00
[E7] 2817/3456 (33135s) gpt2 L7H6 sign=-0.56 symD=0 V=push p=1 steps=14716: speed0=1.19e-01 speedT=7.85e-04 cos=-0.01 k=26 lam_top=-0.05 align=0.01
[E7] 2818/3456 (33150s) gpt2 L7H6 sign=-0.56 symD=1 V=push p=1 steps=8652: speed0=1.19e-01 speedT=5.62e-04 cos=+0.21 k=64 lam_top=-0.05 align=0.01
[E7] 2819/3456 (33151s) gpt2 L7H6 sign=-0.56 symD=1 V=push p=0 steps=10384: speed0=1.40e-01 speedT=5.90e-04 cos=+0.12 k=64 lam_top=-0.05 align=0.01
[E7] 2820/3456 (33153s) gpt2 L7H6 sign=-0.56 symD=0 V=push p=0 steps=21023: speed0=1.41e-01 speedT=1.76e-03 cos=-0.01 k=38 lam_top=-0.05 align=0.00
[E7] 2821/3456 (33159s) gpt2 L7H7 sign=-0.01 symD=0 V=full p=0 steps=6373: speed0=6.36e-02 speedT=1.39e-07 cos=+0.24 k=2 lam_top=+0.24 align=1.00
[E7] 2822/3456 (33167s) gpt2 L7H7 sign=-0.01 symD=0 V=full p=1 steps=4588: speed0=6.73e-02 speedT=8.97e-08 cos=+1.00 k=1 lam_top=+0.24 align=1.00
[E7] 2823/3456 (33167s) gpt2 L7H7 sign=-0.01 symD=0 V=sym p=0 steps=3050: speed0=1.79e-01 speedT=3.33e-07 cos=+1.00 k=1 lam_top=+0.56 align=1.00
[E7] 2824/3456 (33169s) gpt2 L7H7 sign=-0.01 symD=0 V=sym p=1 steps=3100: speed0=1.55e-01 speedT=4.67e-07 cos=+1.00 k=1 lam_top=+0.56 align=1.00
[E7] 2825/3456 (33188s) gpt2 L7H7 sign=-0.01 symD=1 V=full p=1 steps=4456: speed0=6.55e-02 speedT=1.58e-07 cos=+1.00 k=1 lam_top=+0.24 align=1.00
[E7] 2826/3456 (33191s) gpt2 L7H7 sign=-0.01 symD=1 V=full p=0 steps=5766: speed0=5.73e-02 speedT=1.35e-07 cos=+0.34 k=2 lam_top=+0.24 align=1.00
[E7] 2827/3456 (33206s) gpt2 L7H7 sign=-0.01 symD=1 V=sym p=0 steps=3026: speed0=1.77e-01 speedT=2.54e-07 cos=+1.00 k=1 lam_top=+0.56 align=1.00
[E7] 2828/3456 (33209s) gpt2 L7H7 sign=-0.01 symD=1 V=sym p=1 steps=3099: speed0=1.56e-01 speedT=4.33e-07 cos=+1.00 k=1 lam_top=+0.56 align=1.00
[E7] 2829/3456 (33271s) gpt2 L7H7 sign=-0.01 symD=0 V=push p=1 steps=27701: speed0=9.44e-02 speedT=7.53e-04 cos=-0.01 k=7 lam_top=-0.14 align=0.00
[E7] 2830/3456 (33278s) gpt2 L7H7 sign=-0.01 symD=1 V=push p=0 steps=16615: speed0=1.10e-01 speedT=6.47e-06 cos=-0.02 k=14 lam_top=-0.14 align=0.00
[E7] 2831/3456 (33311s) gpt2 L7H7 sign=-0.01 symD=1 V=push p=1 steps=23657: speed0=9.47e-02 speedT=2.44e-06 cos=-0.02 k=10 lam_top=-0.14 align=0.00
[E7] 2832/3456 (33320s) gpt2 L7H8 sign=+0.99 symD=0 V=full p=0 steps=13747: speed0=7.70e-02 speedT=2.44e-02 cos=+1.00 k=1 lam_top=+0.51 align=1.00
[E7] 2833/3456 (33327s) gpt2 L7H8 sign=+0.99 symD=0 V=full p=1 steps=13549: speed0=9.15e-02 speedT=3.07e-02 cos=+1.00 k=1 lam_top=+0.51 align=1.00
[E7] 2834/3456 (33327s) gpt2 L7H8 sign=+0.99 symD=0 V=sym p=0 steps=3351: speed0=1.92e-01 speedT=3.49e-07 cos=+1.00 k=1 lam_top=+0.70 align=1.00
[E7] 2835/3456 (33338s) gpt2 L7H8 sign=+0.99 symD=0 V=sym p=1 steps=3473: speed0=1.54e-01 speedT=4.31e-07 cos=+1.00 k=1 lam_top=+0.70 align=1.00
[E7] 2836/3456 (33399s) gpt2 L7H8 sign=+0.99 symD=0 V=push p=1 steps=18355: speed0=6.28e-02 speedT=9.83e-05 cos=-0.02 k=14 lam_top=-0.04 align=0.00
[E7] 2837/3456 (33403s) gpt2 L7H8 sign=+0.99 symD=1 V=full p=0 steps=14643: speed0=5.00e-02 speedT=2.48e-02 cos=+1.00 k=1 lam_top=+0.51 align=1.00
[E7] 2838/3456 (33418s) gpt2 L7H8 sign=+0.99 symD=0 V=push p=0 steps=23189: speed0=8.39e-02 speedT=1.53e-03 cos=-0.01 k=5 lam_top=-0.04 align=0.00
[E7] 2839/3456 (33423s) gpt2 L7H8 sign=+0.99 symD=1 V=sym p=0 steps=3328: speed0=1.84e-01 speedT=3.42e-07 cos=+1.00 k=1 lam_top=+0.70 align=1.00
[E7] 2840/3456 (33429s) gpt2 L7H7 sign=-0.01 symD=0 V=push p=0 steps=71751: speed0=1.12e-01 speedT=3.86e-04 cos=+0.01 k=2 lam_top=-0.14 align=0.01
[E7] 2841/3456 (33438s) gpt2 L7H8 sign=+0.99 symD=1 V=sym p=1 steps=3368: speed0=1.54e-01 speedT=3.44e-07 cos=+1.00 k=1 lam_top=+0.70 align=1.00
[E7] 2842/3456 (33452s) gpt2 L7H9 sign=+0.82 symD=0 V=full p=0 steps=4048: speed0=6.83e-02 speedT=1.14e-07 cos=+1.00 k=1 lam_top=+0.46 align=1.00
[E7] 2843/3456 (33462s) gpt2 L7H8 sign=+0.99 symD=1 V=full p=1 steps=14246: speed0=6.33e-02 speedT=2.84e-02 cos=+1.00 k=1 lam_top=+0.51 align=1.00
[E7] 2844/3456 (33468s) gpt2 L7H9 sign=+0.82 symD=0 V=full p=1 steps=4123: speed0=6.67e-02 speedT=1.66e-07 cos=+1.00 k=1 lam_top=+0.46 align=1.00
[E7] 2845/3456 (33486s) gpt2 L7H9 sign=+0.82 symD=0 V=sym p=0 steps=4660: speed0=1.56e-01 speedT=2.52e-07 cos=+1.00 k=1 lam_top=+0.70 align=1.00
[E7] 2846/3456 (33491s) gpt2 L7H9 sign=+0.82 symD=0 V=sym p=1 steps=4629: speed0=1.38e-01 speedT=2.05e-07 cos=+1.00 k=1 lam_top=+0.70 align=1.00
[E7] 2847/3456 (33491s) gpt2 L7H8 sign=+0.99 symD=1 V=push p=0 steps=14778: speed0=8.74e-02 speedT=7.13e-06 cos=-0.02 k=22 lam_top=-0.04 align=0.00
[E7] 2848/3456 (33515s) gpt2 L7H9 sign=+0.82 symD=1 V=full p=0 steps=4763: speed0=5.65e-02 speedT=1.83e-07 cos=+1.00 k=1 lam_top=+0.46 align=1.00
[E7] 2849/3456 (33527s) gpt2 L7H8 sign=+0.99 symD=1 V=push p=1 steps=20566: speed0=7.14e-02 speedT=1.56e-05 cos=-0.02 k=23 lam_top=-0.04 align=0.00
[E7] 2850/3456 (33529s) gpt2 L7H9 sign=+0.82 symD=0 V=push p=0 steps=10940: speed0=9.41e-02 speedT=1.22e-07 cos=-0.01 k=2 lam_top=-0.09 align=0.00
[E7] 2851/3456 (33533s) gpt2 L7H9 sign=+0.82 symD=1 V=full p=1 steps=4143: speed0=5.66e-02 speedT=1.28e-07 cos=+1.00 k=1 lam_top=+0.46 align=1.00
[E7] 2852/3456 (33554s) gpt2 L7H9 sign=+0.82 symD=1 V=sym p=0 steps=4778: speed0=1.63e-01 speedT=2.05e-07 cos=+1.00 k=1 lam_top=+0.70 align=1.00
[E7] 2853/3456 (33557s) gpt2 L7H9 sign=+0.82 symD=1 V=sym p=1 steps=4957: speed0=1.41e-01 speedT=2.07e-07 cos=+1.00 k=1 lam_top=+0.70 align=1.00
[E7] 2854/3456 (33564s) gpt2 L7H9 sign=+0.82 symD=0 V=push p=1 steps=19091: speed0=7.92e-02 speedT=1.77e-07 cos=-0.01 k=2 lam_top=-0.09 align=0.00
[E7] 2855/3456 (33581s) gpt2 L7H10 sign=+0.57 symD=0 V=full p=0 steps=6330: speed0=9.85e-02 speedT=3.53e-07 cos=+1.00 k=1 lam_top=+0.28 align=1.00
[E7] 2856/3456 (33586s) gpt2 L7H10 sign=+0.57 symD=0 V=full p=1 steps=5701: speed0=1.10e-01 speedT=3.67e-07 cos=+1.00 k=1 lam_top=+0.28 align=1.00
[E7] 2857/3456 (33589s) gpt2 L7H9 sign=+0.82 symD=1 V=push p=1 steps=7076: speed0=8.29e-02 speedT=7.04e-08 cos=-0.01 k=2 lam_top=-0.09 align=0.00
[E7] 2858/3456 (33599s) gpt2 L7H10 sign=+0.57 symD=0 V=sym p=0 steps=3237: speed0=1.73e-01 speedT=2.18e-07 cos=+1.00 k=1 lam_top=+0.55 align=1.00
[E7] 2859/3456 (33605s) gpt2 L7H10 sign=+0.57 symD=0 V=sym p=1 steps=3368: speed0=1.54e-01 speedT=3.52e-07 cos=+1.00 k=1 lam_top=+0.55 align=1.00
[E7] 2860/3456 (33634s) gpt2 L7H10 sign=+0.57 symD=1 V=full p=0 steps=6485: speed0=8.04e-02 speedT=2.59e-07 cos=+1.00 k=1 lam_top=+0.28 align=1.00
[E7] 2861/3456 (33658s) gpt2 L7H10 sign=+0.57 symD=1 V=full p=1 steps=5461: speed0=9.16e-02 speedT=2.04e-07 cos=+1.00 k=1 lam_top=+0.28 align=1.00
[E7] 2862/3456 (33662s) gpt2 L7H10 sign=+0.57 symD=0 V=push p=1 steps=16388: speed0=1.00e-01 speedT=2.07e-06 cos=-0.00 k=3 lam_top=-0.15 align=0.00
[E7] 2863/3456 (33675s) gpt2 L7H10 sign=+0.57 symD=1 V=sym p=0 steps=3234: speed0=1.66e-01 speedT=2.61e-07 cos=+1.00 k=1 lam_top=+0.55 align=1.00
[E7] 2864/3456 (33676s) gpt2 L7H9 sign=+0.82 symD=1 V=push p=0 steps=31298: speed0=9.80e-02 speedT=3.93e-04 cos=+0.03 k=3 lam_top=-0.09 align=0.00
[E7] 2865/3456 (33682s) gpt2 L7H10 sign=+0.57 symD=1 V=sym p=1 steps=3349: speed0=1.48e-01 speedT=1.91e-07 cos=+1.00 k=1 lam_top=+0.55 align=1.00
[E7] 2866/3456 (33705s) gpt2 L7H10 sign=+0.57 symD=0 V=push p=0 steps=28872: speed0=1.11e-01 speedT=3.96e-05 cos=-0.01 k=2 lam_top=-0.15 align=0.00
[E7] 2867/3456 (33781s) gpt2 L7H10 sign=+0.57 symD=1 V=push p=0 steps=22773: speed0=1.06e-01 speedT=1.21e-07 cos=-0.02 k=2 lam_top=-0.15 align=0.00
[E7] 2868/3456 (33788s) gpt2 L7H10 sign=+0.57 symD=1 V=push p=1 steps=24469: speed0=9.56e-02 speedT=9.37e-06 cos=-0.02 k=14 lam_top=-0.15 align=0.00
[E7] 2869/3456 (33796s) gpt2 L7H11 sign=+0.10 symD=0 V=sym p=0 steps=2824: speed0=2.10e-01 speedT=2.78e-07 cos=+1.00 k=1 lam_top=+0.51 align=1.00
[E7] 2870/3456 (33803s) gpt2 L7H11 sign=+0.10 symD=0 V=sym p=1 steps=2896: speed0=1.75e-01 speedT=2.88e-07 cos=+1.00 k=1 lam_top=+0.51 align=1.00
[E7] 2871/3456 (33819s) gpt2 L7H11 sign=+0.10 symD=0 V=push p=0 steps=6512: speed0=1.39e-01 speedT=1.71e-07 cos=-0.01 k=2 lam_top=-0.09 align=0.00
[E7] 2872/3456 (33825s) gpt2 L7H11 sign=+0.10 symD=0 V=push p=1 steps=6857: speed0=1.16e-01 speedT=1.62e-07 cos=+0.00 k=2 lam_top=-0.09 align=0.00
[E7] 2873/3456 (33826s) gpt2 L7H11 sign=+0.10 symD=0 V=full p=0 steps=40377: speed0=4.62e-02 speedT=1.12e-01 cos=+1.00 k=1 lam_top=+0.15 align=1.00
[E7] 2874/3456 (33843s) gpt2 L7H11 sign=+0.10 symD=1 V=sym p=0 steps=2833: speed0=2.07e-01 speedT=2.22e-07 cos=+1.00 k=1 lam_top=+0.51 align=1.00
[E7] 2875/3456 (33857s) gpt2 L7H11 sign=+0.10 symD=0 V=full p=1 steps=41781: speed0=5.04e-02 speedT=1.13e-01 cos=+1.00 k=1 lam_top=+0.15 align=1.00
[E7] 2876/3456 (33860s) gpt2 L7H11 sign=+0.10 symD=1 V=sym p=1 steps=2859: speed0=1.67e-01 speedT=3.17e-07 cos=+1.00 k=1 lam_top=+0.51 align=1.00
[E7] 2877/3456 (33886s) gpt2 L7H11 sign=+0.10 symD=1 V=push p=0 steps=6094: speed0=1.37e-01 speedT=1.58e-07 cos=+0.03 k=2 lam_top=-0.09 align=0.00
[E7] 2878/3456 (33887s) gpt2 L7H11 sign=+0.10 symD=1 V=push p=1 steps=5368: speed0=1.09e-01 speedT=2.19e-07 cos=+0.03 k=2 lam_top=-0.09 align=0.00
[E7] 2879/3456 (33906s) gpt2 L8H0 sign=-0.95 symD=0 V=full p=0 steps=4734: speed0=8.13e-02 speedT=4.61e-05 cos=+1.00 k=1 lam_top=+0.03 align=1.00
[E7] 2880/3456 (33906s) gpt2 L8H0 sign=-0.95 symD=0 V=full p=1 steps=4792: speed0=6.71e-02 speedT=4.76e-05 cos=+1.00 k=1 lam_top=+0.03 align=1.00
[E7] 2881/3456 (33918s) gpt2 L8H0 sign=-0.95 symD=0 V=sym p=0 steps=2314: speed0=2.75e-01 speedT=2.95e-07 cos=+1.00 k=1 lam_top=+0.49 align=1.00
[E7] 2882/3456 (33918s) gpt2 L8H0 sign=-0.95 symD=0 V=sym p=1 steps=2401: speed0=2.03e-01 speedT=3.42e-07 cos=+1.00 k=1 lam_top=+0.49 align=1.00
[E7] 2883/3456 (33939s) gpt2 L8H0 sign=-0.95 symD=0 V=push p=1 steps=6323: speed0=1.16e-01 speedT=4.64e-05 cos=+0.86 k=64 lam_top=-0.07 align=0.01
[E7] 2884/3456 (33959s) gpt2 L8H0 sign=-0.95 symD=1 V=full p=0 steps=4784: speed0=6.05e-02 speedT=4.83e-05 cos=+1.00 k=1 lam_top=+0.03 align=1.00
[E7] 2885/3456 (33977s) gpt2 L8H0 sign=-0.95 symD=0 V=push p=0 steps=14764: speed0=1.52e-01 speedT=4.30e-04 cos=+0.46 k=64 lam_top=-0.07 align=0.05
[E7] 2886/3456 (33981s) gpt2 L8H0 sign=-0.95 symD=1 V=full p=1 steps=4926: speed0=4.17e-02 speedT=5.40e-05 cos=+1.00 k=1 lam_top=+0.03 align=1.00
[E7] 2887/3456 (33991s) gpt2 L8H0 sign=-0.95 symD=1 V=sym p=0 steps=2328: speed0=2.66e-01 speedT=3.30e-07 cos=+1.00 k=1 lam_top=+0.49 align=1.00
[E7] 2888/3456 (33994s) gpt2 L8H0 sign=-0.95 symD=1 V=sym p=1 steps=2416: speed0=2.08e-01 speedT=3.08e-07 cos=+1.00 k=1 lam_top=+0.49 align=1.00
[E7] 2889/3456 (33994s) gpt2 L7H11 sign=+0.10 symD=1 V=full p=0 steps=40632: speed0=3.72e-02 speedT=1.05e-01 cos=+1.00 k=1 lam_top=+0.15 align=1.00
[E7] 2890/3456 (34005s) gpt2 L7H11 sign=+0.10 symD=1 V=full p=1 steps=41217: speed0=4.45e-02 speedT=1.13e-01 cos=+1.00 k=1 lam_top=+0.15 align=1.00
[E7] 2891/3456 (34026s) gpt2 L8H0 sign=-0.95 symD=1 V=push p=0 steps=7795: speed0=1.54e-01 speedT=1.23e-04 cos=+0.80 k=64 lam_top=-0.07 align=0.01
[E7] 2892/3456 (34032s) gpt2 L8H0 sign=-0.95 symD=1 V=push p=1 steps=8227: speed0=1.30e-01 speedT=9.71e-05 cos=+0.81 k=64 lam_top=-0.07 align=0.01
[E7] 2893/3456 (34040s) gpt2 L8H1 sign=-0.25 symD=0 V=sym p=0 steps=2956: speed0=2.27e-01 speedT=3.34e-07 cos=+1.00 k=1 lam_top=+0.50 align=1.00
[E7] 2894/3456 (34047s) gpt2 L8H1 sign=-0.25 symD=0 V=sym p=1 steps=3053: speed0=1.73e-01 speedT=3.07e-07 cos=+1.00 k=1 lam_top=+0.50 align=1.00
[E7] 2895/3456 (34087s) gpt2 L8H1 sign=-0.25 symD=0 V=full p=1 steps=23047: speed0=9.17e-02 speedT=8.64e-03 cos=+1.00 k=1 lam_top=+0.13 align=0.99
[E7] 2896/3456 (34094s) gpt2 L8H1 sign=-0.25 symD=0 V=full p=0 steps=27941: speed0=8.57e-02 speedT=1.19e-02 cos=+1.00 k=1 lam_top=+0.13 align=0.96
[E7] 2897/3456 (34105s) gpt2 L8H1 sign=-0.25 symD=0 V=push p=1 steps=15973: speed0=1.12e-01 speedT=1.78e-05 cos=-0.01 k=5 lam_top=-0.19 align=0.00
[E7] 2898/3456 (34124s) gpt2 L8H1 sign=-0.25 symD=1 V=sym p=0 steps=2877: speed0=2.22e-01 speedT=3.20e-07 cos=+1.00 k=1 lam_top=+0.50 align=1.00
[E7] 2899/3456 (34137s) gpt2 L8H1 sign=-0.25 symD=0 V=push p=0 steps=25164: speed0=1.47e-01 speedT=2.71e-04 cos=-0.01 k=6 lam_top=-0.19 align=0.00
[E7] 2900/3456 (34140s) gpt2 L8H1 sign=-0.25 symD=1 V=sym p=1 steps=2964: speed0=1.69e-01 speedT=2.96e-07 cos=+1.00 k=1 lam_top=+0.50 align=1.00
[E7] 2901/3456 (34190s) gpt2 L8H1 sign=-0.25 symD=1 V=full p=0 steps=23438: speed0=6.71e-02 speedT=6.70e-03 cos=+1.00 k=1 lam_top=+0.13 align=0.99
[E7] 2902/3456 (34203s) gpt2 L8H1 sign=-0.25 symD=1 V=full p=1 steps=24873: speed0=7.44e-02 speedT=1.03e-02 cos=+1.00 k=1 lam_top=+0.13 align=0.97
[E7] 2903/3456 (34204s) gpt2 L8H2 sign=+0.65 symD=0 V=full p=0 steps=3657: speed0=2.91e-02 speedT=9.22e-08 cos=+1.00 k=1 lam_top=+0.30 align=1.00
[E7] 2904/3456 (34216s) gpt2 L8H2 sign=+0.65 symD=0 V=full p=1 steps=3637: speed0=3.42e-02 speedT=5.64e-08 cos=+1.00 k=1 lam_top=+0.30 align=1.00
[E7] 2905/3456 (34220s) gpt2 L8H2 sign=+0.65 symD=0 V=sym p=0 steps=3232: speed0=1.92e-01 speedT=3.40e-07 cos=+1.00 k=1 lam_top=+0.65 align=1.00
[E7] 2906/3456 (34225s) gpt2 L8H1 sign=-0.25 symD=1 V=push p=1 steps=18991: speed0=1.09e-01 speedT=1.04e-05 cos=-0.02 k=15 lam_top=-0.19 align=0.00
[E7] 2907/3456 (34226s) gpt2 L8H1 sign=-0.25 symD=1 V=push p=0 steps=19900: speed0=1.43e-01 speedT=1.23e-04 cos=-0.01 k=14 lam_top=-0.19 align=0.00
[E7] 2908/3456 (34230s) gpt2 L8H2 sign=+0.65 symD=0 V=sym p=1 steps=3194: speed0=1.52e-01 speedT=3.59e-07 cos=+1.00 k=1 lam_top=+0.65 align=1.00
[E7] 2909/3456 (34242s) gpt2 L8H2 sign=+0.65 symD=1 V=full p=0 steps=3660: speed0=2.80e-02 speedT=1.36e-07 cos=+1.00 k=1 lam_top=+0.30 align=1.00
[E7] 2910/3456 (34246s) gpt2 L8H2 sign=+0.65 symD=1 V=full p=1 steps=3652: speed0=3.37e-02 speedT=6.57e-08 cos=+1.00 k=1 lam_top=+0.30 align=1.00
[E7] 2911/3456 (34260s) gpt2 L8H2 sign=+0.65 symD=1 V=sym p=0 steps=3225: speed0=1.94e-01 speedT=2.81e-07 cos=+1.00 k=1 lam_top=+0.65 align=1.00
[E7] 2912/3456 (34264s) gpt2 L8H2 sign=+0.65 symD=1 V=sym p=1 steps=3191: speed0=1.56e-01 speedT=3.03e-07 cos=+1.00 k=1 lam_top=+0.65 align=1.00
[E7] 2913/3456 (34309s) gpt2 L8H2 sign=+0.65 symD=1 V=push p=0 steps=10014: speed0=1.17e-01 speedT=1.57e-03 cos=+0.12 k=64 lam_top=-0.03 align=0.01
[E7] 2914/3456 (34312s) gpt2 L8H2 sign=+0.65 symD=1 V=push p=1 steps=9907: speed0=9.66e-02 speedT=1.47e-03 cos=+0.20 k=64 lam_top=-0.03 align=0.02
[E7] 2915/3456 (34318s) gpt2 L8H2 sign=+0.65 symD=0 V=push p=1 steps=23769: speed0=9.40e-02 speedT=2.05e-03 cos=-0.01 k=35 lam_top=-0.03 align=0.01
[E7] 2916/3456 (34335s) gpt2 L8H3 sign=+0.14 symD=0 V=sym p=0 steps=3701: speed0=1.65e-01 speedT=2.54e-07 cos=+1.00 k=1 lam_top=+0.54 align=1.00
[E7] 2917/3456 (34335s) gpt2 L8H3 sign=+0.14 symD=0 V=full p=0 steps=7382: speed0=7.04e-02 speedT=1.10e-07 cos=-0.01 k=2 lam_top=+0.23 align=1.00
[E7] 2918/3456 (34339s) gpt2 L8H3 sign=+0.14 symD=0 V=full p=1 steps=8213: speed0=7.65e-02 speedT=9.08e-08 cos=+1.00 k=1 lam_top=+0.23 align=1.00
[E7] 2919/3456 (34351s) gpt2 L8H3 sign=+0.14 symD=0 V=sym p=1 steps=3742: speed0=1.42e-01 speedT=4.00e-07 cos=+1.00 k=1 lam_top=+0.54 align=1.00
[E7] 2920/3456 (34358s) gpt2 L8H2 sign=+0.65 symD=0 V=push p=0 steps=38481: speed0=1.15e-01 speedT=5.10e-02 cos=+0.02 k=34 lam_top=-0.03 align=0.38
[E7] 2921/3456 (34361s) gpt2 L8H3 sign=+0.14 symD=0 V=push p=1 steps=6642: speed0=8.47e-02 speedT=1.80e-07 cos=-0.01 k=2 lam_top=-0.11 align=0.00
[E7] 2922/3456 (34374s) gpt2 L8H3 sign=+0.14 symD=0 V=push p=0 steps=11491: speed0=1.01e-01 speedT=5.79e-07 cos=+0.01 k=2 lam_top=-0.11 align=0.00
[E7] 2923/3456 (34375s) gpt2 L8H3 sign=+0.14 symD=1 V=full p=0 steps=5486: speed0=5.90e-02 speedT=1.41e-07 cos=+0.03 k=2 lam_top=+0.23 align=1.00
[E7] 2924/3456 (34379s) gpt2 L8H3 sign=+0.14 symD=1 V=full p=1 steps=4659: speed0=6.87e-02 speedT=1.39e-07 cos=+1.00 k=1 lam_top=+0.23 align=1.00
[E7] 2925/3456 (34384s) gpt2 L8H3 sign=+0.14 symD=1 V=sym p=0 steps=3683: speed0=1.62e-01 speedT=3.58e-07 cos=+1.00 k=1 lam_top=+0.54 align=1.00
[E7] 2926/3456 (34395s) gpt2 L8H3 sign=+0.14 symD=1 V=sym p=1 steps=3721: speed0=1.43e-01 speedT=2.64e-07 cos=+1.00 k=1 lam_top=+0.54 align=1.00
[E7] 2927/3456 (34399s) gpt2 L8H4 sign=+0.99 symD=0 V=full p=0 steps=4072: speed0=8.34e-02 speedT=1.72e-07 cos=+1.00 k=1 lam_top=+0.67 align=1.00
[E7] 2928/3456 (34407s) gpt2 L8H3 sign=+0.14 symD=1 V=push p=0 steps=6758: speed0=1.04e-01 speedT=1.41e-05 cos=+0.24 k=2 lam_top=-0.11 align=0.00
[E7] 2929/3456 (34412s) gpt2 L8H4 sign=+0.99 symD=0 V=full p=1 steps=5116: speed0=1.24e-01 speedT=1.74e-07 cos=+1.00 k=1 lam_top=+0.67 align=1.00
[E7] 2930/3456 (34416s) gpt2 L8H4 sign=+0.99 symD=0 V=sym p=0 steps=4135: speed0=1.85e-01 speedT=2.36e-07 cos=+1.00 k=1 lam_top=+0.79 align=1.00
[E7] 2931/3456 (34427s) gpt2 L8H4 sign=+0.99 symD=0 V=sym p=1 steps=4454: speed0=1.52e-01 speedT=2.41e-07 cos=+1.00 k=1 lam_top=+0.79 align=1.00
[E7] 2932/3456 (34432s) gpt2 L8H3 sign=+0.14 symD=1 V=push p=1 steps=12087: speed0=8.77e-02 speedT=2.06e-07 cos=+0.06 k=2 lam_top=-0.11 align=0.00
[E7] 2933/3456 (34444s) gpt2 L8H4 sign=+0.99 symD=1 V=full p=0 steps=3890: speed0=5.55e-02 speedT=1.78e-07 cos=+1.00 k=1 lam_top=+0.67 align=1.00
[E7] 2934/3456 (34456s) gpt2 L8H4 sign=+0.99 symD=1 V=full p=1 steps=5448: speed0=6.97e-02 speedT=1.78e-07 cos=+1.00 k=1 lam_top=+0.67 align=1.00
[E7] 2935/3456 (34469s) gpt2 L8H4 sign=+0.99 symD=1 V=sym p=0 steps=4093: speed0=1.90e-01 speedT=2.05e-07 cos=+1.00 k=1 lam_top=+0.79 align=1.00
[E7] 2936/3456 (34481s) gpt2 L8H4 sign=+0.99 symD=1 V=sym p=1 steps=4272: speed0=1.50e-01 speedT=2.82e-07 cos=+1.00 k=1 lam_top=+0.79 align=1.00
[E7] 2937/3456 (34482s) gpt2 L8H4 sign=+0.99 symD=0 V=push p=1 steps=16547: speed0=5.82e-02 speedT=1.85e-07 cos=+0.34 k=2 lam_top=-0.06 align=0.00
[E7] 2938/3456 (34493s) gpt2 L8H4 sign=+0.99 symD=0 V=push p=0 steps=20816: speed0=8.50e-02 speedT=1.12e-02 cos=-0.01 k=17 lam_top=-0.06 align=0.07
[E7] 2939/3456 (34496s) gpt2 L8H4 sign=+0.99 symD=1 V=push p=0 steps=5881: speed0=9.26e-02 speedT=1.94e-07 cos=-0.01 k=2 lam_top=-0.06 align=0.00
[E7] 2940/3456 (34496s) gpt2 L8H5 sign=+0.99 symD=0 V=full p=0 steps=4099: speed0=7.60e-02 speedT=2.27e-07 cos=+1.00 k=1 lam_top=+0.67 align=1.00
[E7] 2941/3456 (34510s) gpt2 L8H5 sign=+0.99 symD=0 V=full p=1 steps=4494: speed0=8.09e-02 speedT=1.89e-07 cos=+1.00 k=1 lam_top=+0.67 align=1.00
[E7] 2942/3456 (34515s) gpt2 L8H5 sign=+0.99 symD=0 V=sym p=0 steps=3820: speed0=1.76e-01 speedT=2.41e-07 cos=+1.00 k=1 lam_top=+0.85 align=1.00
[E7] 2943/3456 (34515s) gpt2 L8H5 sign=+0.99 symD=0 V=sym p=1 steps=3901: speed0=1.36e-01 speedT=2.44e-07 cos=+1.00 k=1 lam_top=+0.85 align=1.00
[E7] 2944/3456 (34527s) gpt2 L8H4 sign=+0.99 symD=1 V=push p=1 steps=10575: speed0=7.08e-02 speedT=2.10e-07 cos=-0.01 k=2 lam_top=-0.06 align=0.00
[E7] 2945/3456 (34532s) gpt2 L8H5 sign=+0.99 symD=1 V=full p=0 steps=4026: speed0=6.21e-02 speedT=1.72e-07 cos=+1.00 k=1 lam_top=+0.67 align=1.00
[E7] 2946/3456 (34547s) gpt2 L8H5 sign=+0.99 symD=1 V=full p=1 steps=4297: speed0=7.34e-02 speedT=1.64e-07 cos=+1.00 k=1 lam_top=+0.67 align=1.00
[E7] 2947/3456 (34558s) gpt2 L8H5 sign=+0.99 symD=1 V=sym p=0 steps=4219: speed0=1.83e-01 speedT=2.18e-07 cos=+1.00 k=1 lam_top=+0.85 align=1.00
[E7] 2948/3456 (34569s) gpt2 L8H5 sign=+0.99 symD=1 V=sym p=1 steps=3824: speed0=1.45e-01 speedT=2.09e-07 cos=+1.00 k=1 lam_top=+0.85 align=1.00
[E7] 2949/3456 (34590s) gpt2 L8H5 sign=+0.99 symD=0 V=push p=0 steps=20357: speed0=7.59e-02 speedT=8.00e-03 cos=+0.02 k=39 lam_top=-0.04 align=0.00
[E7] 2950/3456 (34607s) gpt2 L8H6 sign=+0.70 symD=0 V=full p=0 steps=4736: speed0=5.57e-02 speedT=8.37e-08 cos=+1.00 k=1 lam_top=+0.25 align=1.00
[E7] 2951/3456 (34617s) gpt2 L8H5 sign=+0.99 symD=1 V=push p=1 steps=11062: speed0=6.29e-02 speedT=5.78e-05 cos=-0.02 k=8 lam_top=-0.04 align=0.00
[E7] 2952/3456 (34620s) gpt2 L8H5 sign=+0.99 symD=0 V=push p=1 steps=28281: speed0=5.43e-02 speedT=1.01e-03 cos=-0.01 k=19 lam_top=-0.04 align=0.00
[E7] 2953/3456 (34622s) gpt2 L8H6 sign=+0.70 symD=0 V=full p=1 steps=4497: speed0=6.86e-02 speedT=8.48e-08 cos=+1.00 k=1 lam_top=+0.25 align=1.00
[E7] 2954/3456 (34629s) gpt2 L8H5 sign=+0.99 symD=1 V=push p=0 steps=16303: speed0=8.05e-02 speedT=9.98e-06 cos=-0.02 k=17 lam_top=-0.04 align=0.00
[E7] 2955/3456 (34631s) gpt2 L8H6 sign=+0.70 symD=0 V=sym p=0 steps=2952: speed0=2.48e-01 speedT=3.14e-07 cos=+1.00 k=1 lam_top=+0.54 align=1.00
[E7] 2956/3456 (34635s) gpt2 L8H6 sign=+0.70 symD=0 V=sym p=1 steps=2963: speed0=2.03e-01 speedT=2.50e-07 cos=+1.00 k=1 lam_top=+0.54 align=1.00
[E7] 2957/3456 (34653s) gpt2 L8H6 sign=+0.70 symD=1 V=full p=0 steps=5041: speed0=5.53e-02 speedT=5.01e-08 cos=+1.00 k=1 lam_top=+0.25 align=1.00
[E7] 2958/3456 (34659s) gpt2 L8H6 sign=+0.70 symD=1 V=full p=1 steps=5502: speed0=6.70e-02 speedT=6.28e-08 cos=+1.00 k=1 lam_top=+0.25 align=1.00
[E7] 2959/3456 (34670s) gpt2 L8H6 sign=+0.70 symD=1 V=sym p=0 steps=2970: speed0=2.48e-01 speedT=3.19e-07 cos=+1.00 k=1 lam_top=+0.54 align=1.00
[E7] 2960/3456 (34671s) gpt2 L8H6 sign=+0.70 symD=0 V=push p=1 steps=10981: speed0=1.21e-01 speedT=1.96e-07 cos=+0.01 k=2 lam_top=-0.09 align=0.00
[E7] 2961/3456 (34675s) gpt2 L8H6 sign=+0.70 symD=1 V=sym p=1 steps=2965: speed0=2.07e-01 speedT=2.96e-07 cos=+1.00 k=1 lam_top=+0.54 align=1.00
[E7] 2962/3456 (34691s) gpt2 L8H7 sign=+0.99 symD=0 V=full p=0 steps=4665: speed0=8.06e-02 speedT=1.44e-07 cos=+1.00 k=1 lam_top=+0.66 align=1.00
[E7] 2963/3456 (34698s) gpt2 L8H6 sign=+0.70 symD=1 V=push p=1 steps=6340: speed0=1.26e-01 speedT=8.13e-08 cos=+0.00 k=2 lam_top=-0.09 align=0.00
[E7] 2964/3456 (34700s) gpt2 L8H6 sign=+0.70 symD=1 V=push p=0 steps=7012: speed0=1.49e-01 speedT=4.80e-06 cos=+0.03 k=2 lam_top=-0.09 align=0.00
[E7] 2965/3456 (34705s) gpt2 L8H6 sign=+0.70 symD=0 V=push p=0 steps=21611: speed0=1.49e-01 speedT=1.85e-04 cos=-0.01 k=3 lam_top=-0.09 align=0.00
[E7] 2966/3456 (34706s) gpt2 L8H7 sign=+0.99 symD=0 V=full p=1 steps=4328: speed0=8.78e-02 speedT=9.12e-08 cos=+1.00 k=1 lam_top=+0.66 align=1.00
[E7] 2967/3456 (34721s) gpt2 L8H7 sign=+0.99 symD=0 V=sym p=0 steps=4620: speed0=2.03e-01 speedT=2.01e-07 cos=+1.00 k=1 lam_top=+0.79 align=1.00
[E7] 2968/3456 (34724s) gpt2 L8H7 sign=+0.99 symD=0 V=sym p=1 steps=4816: speed0=1.46e-01 speedT=2.41e-07 cos=+1.00 k=1 lam_top=+0.79 align=1.00
[E7] 2969/3456 (34745s) gpt2 L8H7 sign=+0.99 symD=1 V=full p=0 steps=5627: speed0=6.68e-02 speedT=2.44e-07 cos=+1.00 k=1 lam_top=+0.66 align=1.00
[E7] 2970/3456 (34745s) gpt2 L8H7 sign=+0.99 symD=1 V=full p=1 steps=5366: speed0=7.24e-02 speedT=2.59e-07 cos=+1.00 k=1 lam_top=+0.66 align=1.00
[E7] 2971/3456 (34774s) gpt2 L8H7 sign=+0.99 symD=1 V=sym p=0 steps=4528: speed0=2.08e-01 speedT=2.86e-07 cos=+1.00 k=1 lam_top=+0.79 align=1.00
[E7] 2972/3456 (34777s) gpt2 L8H7 sign=+0.99 symD=1 V=sym p=1 steps=5102: speed0=1.54e-01 speedT=3.07e-07 cos=+1.00 k=1 lam_top=+0.79 align=1.00
[E7] 2973/3456 (34808s) gpt2 L8H7 sign=+0.99 symD=0 V=push p=1 steps=26357: speed0=6.34e-02 speedT=2.22e-03 cos=+0.02 k=11 lam_top=-0.03 align=0.00
[E7] 2974/3456 (34874s) gpt2 L8H7 sign=+0.99 symD=1 V=push p=0 steps=22350: speed0=9.73e-02 speedT=9.70e-05 cos=+0.05 k=25 lam_top=-0.03 align=0.00
[E7] 2975/3456 (34882s) gpt2 L8H8 sign=+0.98 symD=0 V=full p=0 steps=21207: speed0=8.84e-02 speedT=3.55e-02 cos=+1.00 k=1 lam_top=+0.58 align=1.00
[E7] 2976/3456 (34888s) gpt2 L8H7 sign=+0.99 symD=1 V=push p=1 steps=25360: speed0=7.24e-02 speedT=3.66e-04 cos=+0.09 k=48 lam_top=-0.03 align=0.00
[E7] 2977/3456 (34891s) gpt2 L8H7 sign=+0.99 symD=0 V=push p=0 steps=48273: speed0=9.14e-02 speedT=5.38e-03 cos=+0.00 k=10 lam_top=-0.03 align=0.12
[E7] 2978/3456 (34904s) gpt2 L8H8 sign=+0.98 symD=0 V=sym p=0 steps=4870: speed0=1.79e-01 speedT=1.04e-05 cos=+1.00 k=1 lam_top=+0.78 align=1.00
[E7] 2979/3456 (34910s) gpt2 L8H8 sign=+0.98 symD=0 V=sym p=1 steps=4683: speed0=1.75e-01 speedT=1.02e-05 cos=+1.00 k=1 lam_top=+0.78 align=1.00
[E7] 2980/3456 (34942s) gpt2 L8H8 sign=+0.98 symD=0 V=push p=1 steps=10087: speed0=6.98e-02 speedT=5.81e-06 cos=+0.00 k=2 lam_top=-0.09 align=0.00
[E7] 2981/3456 (34944s) gpt2 L8H8 sign=+0.98 symD=0 V=push p=0 steps=13816: speed0=9.19e-02 speedT=2.27e-04 cos=+0.00 k=2 lam_top=-0.09 align=0.00
[E7] 2982/3456 (34947s) gpt2 L8H8 sign=+0.98 symD=0 V=full p=1 steps=21129: speed0=1.25e-01 speedT=5.29e-02 cos=+1.00 k=1 lam_top=+0.58 align=1.00
[E7] 2983/3456 (34971s) gpt2 L8H8 sign=+0.98 symD=1 V=sym p=0 steps=4792: speed0=1.77e-01 speedT=8.97e-06 cos=+1.00 k=1 lam_top=+0.78 align=1.00
[E7] 2984/3456 (34972s) gpt2 L8H8 sign=+0.98 symD=1 V=sym p=1 steps=4465: speed0=1.77e-01 speedT=4.35e-06 cos=+1.00 k=1 lam_top=+0.78 align=1.00
[E7] 2985/3456 (34999s) gpt2 L8H8 sign=+0.98 symD=1 V=push p=1 steps=6333: speed0=7.59e-02 speedT=5.34e-06 cos=-0.01 k=2 lam_top=-0.09 align=0.00
[E7] 2986/3456 (35000s) gpt2 L8H8 sign=+0.98 symD=1 V=push p=0 steps=6754: speed0=9.59e-02 speedT=1.83e-05 cos=-0.01 k=2 lam_top=-0.09 align=0.00
[E7] 2987/3456 (35001s) gpt2 L8H8 sign=+0.98 symD=1 V=full p=0 steps=21442: speed0=7.01e-02 speedT=3.04e-02 cos=+1.00 k=1 lam_top=+0.58 align=1.00
[E7] 2988/3456 (35015s) gpt2 L8H9 sign=-0.24 symD=0 V=sym p=0 steps=3364: speed0=2.04e-01 speedT=2.04e-07 cos=+1.00 k=1 lam_top=+0.52 align=1.00
[E7] 2989/3456 (35029s) gpt2 L8H8 sign=+0.98 symD=1 V=full p=1 steps=21230: speed0=1.07e-01 speedT=5.12e-02 cos=+1.00 k=1 lam_top=+0.58 align=1.00
[E7] 2990/3456 (35032s) gpt2 L8H9 sign=-0.24 symD=0 V=sym p=1 steps=3665: speed0=1.71e-01 speedT=2.83e-07 cos=+1.00 k=1 lam_top=+0.52 align=1.00
[E7] 2991/3456 (35048s) gpt2 L8H9 sign=-0.24 symD=0 V=full p=0 steps=15187: speed0=6.71e-02 speedT=9.00e-03 cos=+1.00 k=1 lam_top=+0.14 align=1.00
[E7] 2992/3456 (35054s) gpt2 L8H9 sign=-0.24 symD=0 V=full p=1 steps=16518: speed0=9.53e-02 speedT=7.31e-03 cos=+1.00 k=1 lam_top=+0.14 align=1.00
[E7] 2993/3456 (35097s) gpt2 L8H9 sign=-0.24 symD=0 V=push p=1 steps=18887: speed0=1.22e-01 speedT=6.72e-04 cos=-0.00 k=13 lam_top=-0.16 align=0.00
[E7] 2994/3456 (35108s) gpt2 L8H9 sign=-0.24 symD=1 V=full p=0 steps=15165: speed0=6.12e-02 speedT=1.09e-02 cos=+1.00 k=1 lam_top=+0.14 align=1.00
[E7] 2995/3456 (35115s) gpt2 L8H9 sign=-0.24 symD=1 V=sym p=0 steps=3327: speed0=2.06e-01 speedT=2.58e-07 cos=+1.00 k=1 lam_top=+0.52 align=1.00
[E7] 2996/3456 (35127s) gpt2 L8H9 sign=-0.24 symD=1 V=sym p=1 steps=3639: speed0=1.70e-01 speedT=2.94e-07 cos=+1.00 k=1 lam_top=+0.52 align=1.00
[E7] 2997/3456 (35128s) gpt2 L8H9 sign=-0.24 symD=1 V=full p=1 steps=17624: speed0=9.74e-02 speedT=9.10e-03 cos=+1.00 k=1 lam_top=+0.14 align=1.00
[E7] 2998/3456 (35160s) gpt2 L8H10 sign=-0.98 symD=0 V=full p=0 steps=8944: speed0=1.21e-01 speedT=7.72e-04 cos=+0.43 k=64 lam_top=-0.04 align=0.25
[E7] 2999/3456 (35167s) gpt2 L8H9 sign=-0.24 symD=1 V=push p=0 steps=12421: speed0=1.35e-01 speedT=1.21e-03 cos=+0.05 k=64 lam_top=-0.16 align=0.02
[E7] 3000/3456 (35180s) gpt2 L8H10 sign=-0.98 symD=0 V=sym p=0 steps=2960: speed0=2.31e-01 speedT=2.25e-07 cos=+1.00 k=1 lam_top=+0.40 align=1.00
[E7] 3001/3456 (35188s) gpt2 L8H9 sign=-0.24 symD=1 V=push p=1 steps=14808: speed0=1.19e-01 speedT=1.52e-03 cos=+0.02 k=64 lam_top=-0.16 align=0.01
[E7] 3002/3456 (35190s) gpt2 L8H10 sign=-0.98 symD=0 V=sym p=1 steps=3073: speed0=1.98e-01 speedT=2.21e-07 cos=+1.00 k=1 lam_top=+0.40 align=1.00
[E7] 3003/3456 (35197s) gpt2 L8H10 sign=-0.98 symD=0 V=full p=1 steps=11257: speed0=1.28e-01 speedT=2.36e-03 cos=+0.36 k=64 lam_top=-0.04 align=0.16
[E7] 3004/3456 (35209s) gpt2 L8H10 sign=-0.98 symD=1 V=full p=0 steps=2973: speed0=1.09e-01 speedT=1.34e-04 cos=+0.51 k=64 lam_top=-0.04 align=0.11
[E7] 3005/3456 (35221s) gpt2 L8H10 sign=-0.98 symD=1 V=full p=1 steps=3031: speed0=1.15e-01 speedT=1.46e-04 cos=+0.55 k=64 lam_top=-0.04 align=0.20
[E7] 3006/3456 (35222s) gpt2 L8H10 sign=-0.98 symD=0 V=push p=0 steps=10608: speed0=1.77e-01 speedT=9.26e-04 cos=+0.44 k=64 lam_top=-0.25 align=0.04
[E7] 3007/3456 (35237s) gpt2 L8H10 sign=-0.98 symD=1 V=sym p=0 steps=2950: speed0=2.33e-01 speedT=2.09e-07 cos=+1.00 k=1 lam_top=+0.40 align=1.00
[E7] 3008/3456 (35239s) gpt2 L8H10 sign=-0.98 symD=1 V=sym p=1 steps=3034: speed0=2.02e-01 speedT=2.82e-07 cos=+1.00 k=1 lam_top=+0.40 align=1.00
[E7] 3009/3456 (35248s) gpt2 L8H10 sign=-0.98 symD=0 V=push p=1 steps=17483: speed0=1.60e-01 speedT=6.99e-03 cos=+0.34 k=64 lam_top=-0.25 align=0.03
[E7] 3010/3456 (35254s) gpt2 L8H10 sign=-0.98 symD=1 V=push p=1 steps=3139: speed0=1.63e-01 speedT=7.96e-05 cos=+0.47 k=64 lam_top=-0.25 align=0.02
[E7] 3011/3456 (35254s) gpt2 L8H10 sign=-0.98 symD=1 V=push p=0 steps=3796: speed0=1.78e-01 speedT=1.00e-04 cos=+0.46 k=64 lam_top=-0.25 align=0.02
[E7] 3012/3456 (35261s) gpt2 L8H11 sign=+0.65 symD=0 V=full p=0 steps=4086: speed0=6.07e-02 speedT=6.25e-08 cos=+1.00 k=1 lam_top=+0.39 align=1.00
[E7] 3013/3456 (35265s) gpt2 L8H11 sign=+0.65 symD=0 V=full p=1 steps=3755: speed0=7.93e-02 speedT=1.44e-07 cos=+1.00 k=1 lam_top=+0.39 align=1.00
[E7] 3014/3456 (35273s) gpt2 L8H11 sign=+0.65 symD=0 V=sym p=0 steps=4119: speed0=1.46e-01 speedT=2.02e-07 cos=+1.00 k=1 lam_top=+0.63 align=1.00
[E7] 3015/3456 (35279s) gpt2 L8H11 sign=+0.65 symD=0 V=sym p=1 steps=4016: speed0=1.20e-01 speedT=1.86e-07 cos=+1.00 k=1 lam_top=+0.63 align=1.00
[E7] 3016/3456 (35296s) gpt2 L8H11 sign=+0.65 symD=1 V=full p=0 steps=4344: speed0=4.39e-02 speedT=1.97e-07 cos=+1.00 k=1 lam_top=+0.39 align=1.00
[E7] 3017/3456 (35313s) gpt2 L8H11 sign=+0.65 symD=1 V=full p=1 steps=3827: speed0=7.21e-02 speedT=1.54e-07 cos=+1.00 k=1 lam_top=+0.39 align=1.00
[E7] 3018/3456 (35314s) gpt2 L8H9 sign=-0.24 symD=0 V=push p=0 steps=83103: speed0=1.33e-01 speedT=9.09e-04 cos=+0.01 k=37 lam_top=-0.16 align=0.03
[E7] 3019/3456 (35329s) gpt2 L8H11 sign=+0.65 symD=0 V=push p=0 steps=17489: speed0=8.90e-02 speedT=1.25e-04 cos=-0.01 k=3 lam_top=-0.10 align=0.00
[E7] 3020/3456 (35335s) gpt2 L8H11 sign=+0.65 symD=1 V=sym p=0 steps=4097: speed0=1.49e-01 speedT=1.86e-07 cos=+1.00 k=1 lam_top=+0.63 align=1.00
[E7] 3021/3456 (35336s) gpt2 L8H11 sign=+0.65 symD=1 V=sym p=1 steps=4034: speed0=1.23e-01 speedT=1.86e-07 cos=+1.00 k=1 lam_top=+0.63 align=1.00
[E7] 3022/3456 (35355s) gpt2 L8H11 sign=+0.65 symD=0 V=push p=1 steps=22195: speed0=7.71e-02 speedT=2.71e-02 cos=+0.01 k=19 lam_top=-0.10 align=0.00
[E7] 3023/3456 (35359s) gpt2 L9H0 sign=+0.99 symD=0 V=full p=0 steps=6740: speed0=7.47e-02 speedT=1.30e-07 cos=+1.00 k=1 lam_top=+0.60 align=1.00
[E7] 3024/3456 (35375s) gpt2 L9H0 sign=+0.99 symD=0 V=full p=1 steps=5677: speed0=1.02e-01 speedT=1.25e-07 cos=+1.00 k=1 lam_top=+0.60 align=1.00
[E7] 3025/3456 (35380s) gpt2 L9H0 sign=+0.99 symD=0 V=sym p=0 steps=4367: speed0=2.47e-01 speedT=2.06e-07 cos=+1.00 k=1 lam_top=+0.77 align=1.00
[E7] 3026/3456 (35398s) gpt2 L9H0 sign=+0.99 symD=0 V=sym p=1 steps=4645: speed0=2.08e-01 speedT=1.86e-07 cos=+1.00 k=1 lam_top=+0.77 align=1.00
[E7] 3027/3456 (35434s) gpt2 L8H11 sign=+0.65 symD=1 V=push p=0 steps=23051: speed0=9.18e-02 speedT=1.55e-03 cos=-0.02 k=3 lam_top=-0.10 align=0.00
[E7] 3028/3456 (35459s) gpt2 L8H11 sign=+0.65 symD=1 V=push p=1 steps=27239: speed0=8.06e-02 speedT=1.51e-03 cos=-0.01 k=2 lam_top=-0.10 align=0.00
[E7] 3029/3456 (35462s) gpt2 L9H0 sign=+0.99 symD=1 V=full p=0 steps=6363: speed0=6.59e-02 speedT=1.24e-07 cos=+1.00 k=1 lam_top=+0.60 align=1.00
[E7] 3030/3456 (35479s) gpt2 L9H0 sign=+0.99 symD=1 V=full p=1 steps=5746: speed0=9.90e-02 speedT=1.33e-07 cos=+1.00 k=1 lam_top=+0.60 align=1.00
[E7] 3031/3456 (35487s) gpt2 L9H0 sign=+0.99 symD=1 V=sym p=0 steps=4397: speed0=2.46e-01 speedT=1.86e-07 cos=+1.00 k=1 lam_top=+0.77 align=1.00
[E7] 3032/3456 (35506s) gpt2 L9H0 sign=+0.99 symD=1 V=sym p=1 steps=4774: speed0=1.98e-01 speedT=2.25e-07 cos=+1.00 k=1 lam_top=+0.77 align=1.00
[E7] 3033/3456 (35521s) gpt2 L9H0 sign=+0.99 symD=0 V=push p=0 steps=38199: speed0=1.30e-01 speedT=1.52e-03 cos=-0.01 k=24 lam_top=-0.06 align=0.07
[E7] 3034/3456 (35531s) gpt2 L9H0 sign=+0.99 symD=0 V=push p=1 steps=36424: speed0=1.11e-01 speedT=3.36e-02 cos=-0.00 k=6 lam_top=-0.06 align=0.00
[E7] 3035/3456 (35555s) gpt2 L9H0 sign=+0.99 symD=1 V=push p=0 steps=15442: speed0=1.31e-01 speedT=5.53e-04 cos=-0.00 k=36 lam_top=-0.06 align=0.00
[E7] 3036/3456 (35558s) gpt2 L9H0 sign=+0.99 symD=1 V=push p=1 steps=11743: speed0=1.04e-01 speedT=1.87e-03 cos=+0.08 k=62 lam_top=-0.06 align=0.01
[E7] 3037/3456 (35569s) gpt2 L9H1 sign=-0.29 symD=0 V=sym p=0 steps=2638: speed0=2.63e-01 speedT=2.20e-07 cos=+1.00 k=1 lam_top=+0.51 align=1.00
[E7] 3038/3456 (35571s) gpt2 L9H1 sign=-0.29 symD=0 V=sym p=1 steps=2681: speed0=1.97e-01 speedT=4.03e-07 cos=+1.00 k=1 lam_top=+0.51 align=1.00
[E7] 3039/3456 (35581s) gpt2 L9H1 sign=-0.29 symD=0 V=full p=0 steps=16211: speed0=4.68e-02 speedT=5.80e-03 cos=+1.00 k=1 lam_top=+0.12 align=1.00
[E7] 3040/3456 (35582s) gpt2 L9H1 sign=-0.29 symD=0 V=full p=1 steps=13842: speed0=5.74e-02 speedT=2.39e-03 cos=+1.00 k=1 lam_top=+0.12 align=1.00
[E7] 3041/3456 (35643s) gpt2 L9H1 sign=-0.29 symD=0 V=push p=0 steps=19890: speed0=1.65e-01 speedT=3.49e-04 cos=-0.02 k=4 lam_top=-0.14 align=0.00
[E7] 3042/3456 (35644s) gpt2 L9H1 sign=-0.29 symD=1 V=full p=0 steps=14729: speed0=4.05e-02 speedT=3.34e-03 cos=+1.00 k=1 lam_top=+0.12 align=1.00
[E7] 3043/3456 (35647s) gpt2 L9H1 sign=-0.29 symD=1 V=full p=1 steps=15259: speed0=5.48e-02 speedT=2.02e-03 cos=+1.00 k=1 lam_top=+0.12 align=1.00
[E7] 3044/3456 (35655s) gpt2 L9H1 sign=-0.29 symD=1 V=sym p=0 steps=2648: speed0=2.62e-01 speedT=3.16e-07 cos=+1.00 k=1 lam_top=+0.51 align=1.00
[E7] 3045/3456 (35660s) gpt2 L9H1 sign=-0.29 symD=1 V=sym p=1 steps=2671: speed0=1.99e-01 speedT=2.12e-07 cos=+1.00 k=1 lam_top=+0.51 align=1.00
[E7] 3046/3456 (35676s) gpt2 L9H1 sign=-0.29 symD=0 V=push p=1 steps=28461: speed0=1.21e-01 speedT=5.09e-04 cos=-0.01 k=4 lam_top=-0.14 align=0.00
[E7] 3047/3456 (35687s) gpt2 L9H2 sign=+0.97 symD=0 V=full p=0 steps=7709: speed0=7.24e-02 speedT=1.50e-07 cos=+1.00 k=1 lam_top=+0.55 align=1.00
[E7] 3048/3456 (35704s) gpt2 L9H2 sign=+0.97 symD=0 V=full p=1 steps=7839: speed0=6.49e-02 speedT=1.05e-07 cos=+1.00 k=1 lam_top=+0.55 align=1.00
[E7] 3049/3456 (35707s) gpt2 L9H1 sign=-0.29 symD=1 V=push p=1 steps=11440: speed0=1.22e-01 speedT=2.76e-04 cos=-0.01 k=46 lam_top=-0.14 align=0.00
[E7] 3050/3456 (35709s) gpt2 L9H2 sign=+0.97 symD=0 V=sym p=0 steps=4417: speed0=2.05e-01 speedT=2.03e-07 cos=+1.00 k=1 lam_top=+0.76 align=1.00
[E7] 3051/3456 (35722s) gpt2 L9H1 sign=-0.29 symD=1 V=push p=0 steps=16924: speed0=1.65e-01 speedT=3.67e-03 cos=-0.01 k=64 lam_top=-0.14 align=0.01
[E7] 3052/3456 (35724s) gpt2 L9H2 sign=+0.97 symD=0 V=sym p=1 steps=4268: speed0=1.78e-01 speedT=2.03e-07 cos=+1.00 k=1 lam_top=+0.76 align=1.00
[E7] 3053/3456 (35756s) gpt2 L9H2 sign=+0.97 symD=1 V=full p=1 steps=7581: speed0=8.60e-02 speedT=1.19e-07 cos=+1.00 k=1 lam_top=+0.55 align=1.00
[E7] 3054/3456 (35759s) gpt2 L9H2 sign=+0.97 symD=1 V=full p=0 steps=8478: speed0=7.47e-02 speedT=9.03e-08 cos=+1.00 k=1 lam_top=+0.55 align=1.00
[E7] 3055/3456 (35782s) gpt2 L9H2 sign=+0.97 symD=1 V=sym p=0 steps=4275: speed0=2.08e-01 speedT=2.03e-07 cos=+1.00 k=1 lam_top=+0.76 align=1.00
[E7] 3056/3456 (35784s) gpt2 L9H2 sign=+0.97 symD=1 V=sym p=1 steps=4196: speed0=1.76e-01 speedT=1.90e-07 cos=+1.00 k=1 lam_top=+0.76 align=1.00
[E7] 3057/3456 (35821s) gpt2 L9H2 sign=+0.97 symD=0 V=push p=1 steps=30076: speed0=1.01e-01 speedT=1.29e-03 cos=-0.01 k=16 lam_top=-0.09 align=0.06
[E7] 3058/3456 (35838s) gpt2 L9H2 sign=+0.97 symD=0 V=push p=0 steps=33853: speed0=1.12e-01 speedT=9.17e-04 cos=-0.01 k=3 lam_top=-0.09 align=0.00
[E7] 3059/3456 (35842s) gpt2 L9H2 sign=+0.97 symD=1 V=push p=1 steps=12122: speed0=9.82e-02 speedT=1.69e-04 cos=+0.01 k=41 lam_top=-0.09 align=0.00
[E7] 3060/3456 (35846s) gpt2 L9H2 sign=+0.97 symD=1 V=push p=0 steps=13479: speed0=1.14e-01 speedT=1.41e-04 cos=-0.01 k=57 lam_top=-0.09 align=0.00
[E7] 3061/3456 (35856s) gpt2 L9H3 sign=+1.00 symD=0 V=sym p=0 steps=2548: speed0=2.90e-01 speedT=2.70e-07 cos=+1.00 k=1 lam_top=+0.62 align=1.00
[E7] 3062/3456 (35860s) gpt2 L9H3 sign=+1.00 symD=0 V=sym p=1 steps=2695: speed0=2.02e-01 speedT=3.74e-07 cos=+1.00 k=1 lam_top=+0.62 align=1.00
[E7] 3063/3456 (35860s) gpt2 L9H3 sign=+1.00 symD=0 V=full p=0 steps=10440: speed0=8.14e-02 speedT=1.71e-02 cos=+1.00 k=1 lam_top=+0.40 align=1.00
[E7] 3064/3456 (35872s) gpt2 L9H3 sign=+1.00 symD=0 V=full p=1 steps=9480: speed0=7.61e-02 speedT=1.20e-02 cos=+1.00 k=1 lam_top=+0.40 align=1.00
[E7] 3065/3456 (35903s) gpt2 L9H3 sign=+1.00 symD=1 V=full p=0 steps=9729: speed0=6.77e-02 speedT=6.98e-03 cos=+1.00 k=1 lam_top=+0.40 align=1.00
[E7] 3066/3456 (35914s) gpt2 L9H3 sign=+1.00 symD=1 V=full p=1 steps=9555: speed0=6.73e-02 speedT=1.87e-02 cos=+1.00 k=1 lam_top=+0.40 align=1.00
[E7] 3067/3456 (35918s) gpt2 L9H3 sign=+1.00 symD=1 V=sym p=0 steps=2567: speed0=2.92e-01 speedT=2.43e-07 cos=+1.00 k=1 lam_top=+0.62 align=1.00
[E7] 3068/3456 (35929s) gpt2 L9H3 sign=+1.00 symD=1 V=sym p=1 steps=2676: speed0=2.18e-01 speedT=2.85e-07 cos=+1.00 k=1 lam_top=+0.62 align=1.00
[E7] 3069/3456 (35997s) gpt2 L9H3 sign=+1.00 symD=1 V=push p=0 steps=18259: speed0=1.45e-01 speedT=6.96e-05 cos=-0.01 k=30 lam_top=-0.02 align=0.00
[E7] 3070/3456 (36002s) gpt2 L9H3 sign=+1.00 symD=0 V=push p=1 steps=38362: speed0=1.05e-01 speedT=1.57e-04 cos=+0.07 k=5 lam_top=-0.02 align=0.00
[E7] 3071/3456 (36010s) gpt2 L9H3 sign=+1.00 symD=1 V=push p=1 steps=18365: speed0=1.17e-01 speedT=1.92e-04 cos=+0.02 k=62 lam_top=-0.02 align=0.00
[E7] 3072/3456 (36011s) gpt2 L9H4 sign=+0.19 symD=0 V=full p=0 steps=3990: speed0=6.66e-02 speedT=1.19e-07 cos=+1.00 k=1 lam_top=+0.33 align=1.00
[E7] 3073/3456 (36016s) gpt2 L9H4 sign=+0.19 symD=0 V=full p=1 steps=3835: speed0=7.26e-02 speedT=1.19e-07 cos=+1.00 k=1 lam_top=+0.33 align=1.00
[E7] 3074/3456 (36024s) gpt2 L9H4 sign=+0.19 symD=0 V=sym p=0 steps=3045: speed0=2.51e-01 speedT=4.04e-04 cos=+1.00 k=1 lam_top=+0.52 align=0.77
[E7] 3075/3456 (36025s) gpt2 L9H4 sign=+0.19 symD=0 V=sym p=1 steps=3013: speed0=2.02e-01 speedT=4.10e-04 cos=+1.00 k=1 lam_top=+0.52 align=0.71
[E7] 3076/3456 (36041s) gpt2 L9H4 sign=+0.19 symD=1 V=full p=0 steps=3929: speed0=5.89e-02 speedT=1.17e-07 cos=+1.00 k=1 lam_top=+0.33 align=1.00
[E7] 3077/3456 (36044s) gpt2 L9H3 sign=+1.00 symD=0 V=push p=0 steps=49539: speed0=1.40e-01 speedT=1.18e-02 cos=+0.00 k=4 lam_top=-0.02 align=0.00
[E7] 3078/3456 (36057s) gpt2 L9H4 sign=+0.19 symD=1 V=full p=1 steps=3858: speed0=6.90e-02 speedT=1.50e-07 cos=+1.00 k=1 lam_top=+0.33 align=1.00
[E7] 3079/3456 (36061s) gpt2 L9H4 sign=+0.19 symD=1 V=sym p=0 steps=3031: speed0=2.45e-01 speedT=4.05e-04 cos=+1.00 k=1 lam_top=+0.52 align=0.76
[E7] 3080/3456 (36073s) gpt2 L9H4 sign=+0.19 symD=1 V=sym p=1 steps=3045: speed0=1.98e-01 speedT=4.10e-04 cos=+1.00 k=1 lam_top=+0.52 align=0.71
[E7] 3081/3456 (36104s) gpt2 L9H4 sign=+0.19 symD=1 V=push p=1 steps=6389: speed0=1.29e-01 speedT=2.26e-04 cos=-0.01 k=15 lam_top=-0.09 align=0.00
[E7] 3082/3456 (36108s) gpt2 L9H4 sign=+0.19 symD=0 V=push p=0 steps=24327: speed0=1.57e-01 speedT=8.36e-05 cos=-0.02 k=3 lam_top=-0.09 align=0.00
[E7] 3083/3456 (36113s) gpt2 L9H4 sign=+0.19 symD=0 V=push p=1 steps=23693: speed0=1.32e-01 speedT=4.68e-05 cos=-0.02 k=4 lam_top=-0.09 align=0.00
[E7] 3084/3456 (36124s) gpt2 L9H5 sign=-0.95 symD=0 V=sym p=0 steps=2456: speed0=2.85e-01 speedT=3.13e-07 cos=+1.00 k=1 lam_top=+0.45 align=1.00
[E7] 3085/3456 (36137s) gpt2 L9H5 sign=-0.95 symD=0 V=sym p=1 steps=2528: speed0=2.13e-01 speedT=2.63e-07 cos=+1.00 k=1 lam_top=+0.45 align=1.00
[E7] 3086/3456 (36138s) gpt2 L9H4 sign=+0.19 symD=1 V=push p=0 steps=16922: speed0=1.56e-01 speedT=1.51e-05 cos=-0.02 k=13 lam_top=-0.09 align=0.00
[E7] 3087/3456 (36143s) gpt2 L9H5 sign=-0.95 symD=0 V=full p=1 steps=9981: speed0=6.67e-02 speedT=2.36e-03 cos=+0.51 k=64 lam_top=-0.01 align=0.75
[E7] 3088/3456 (36168s) gpt2 L9H5 sign=-0.95 symD=1 V=full p=0 steps=5404: speed0=5.62e-02 speedT=4.27e-04 cos=+0.28 k=64 lam_top=-0.01 align=0.43
[E7] 3089/3456 (36175s) gpt2 L9H5 sign=-0.95 symD=0 V=push p=0 steps=9984: speed0=2.01e-01 speedT=3.17e-03 cos=+0.32 k=64 lam_top=-0.17 align=0.04
[E7] 3090/3456 (36179s) gpt2 L9H5 sign=-0.95 symD=0 V=full p=0 steps=20706: speed0=6.37e-02 speedT=1.48e-03 cos=+0.37 k=48 lam_top=-0.01 align=0.60
[E7] 3091/3456 (36181s) gpt2 L9H5 sign=-0.95 symD=0 V=push p=1 steps=10843: speed0=1.54e-01 speedT=4.03e-03 cos=+0.25 k=64 lam_top=-0.17 align=0.06
[E7] 3092/3456 (36185s) gpt2 L9H5 sign=-0.95 symD=1 V=full p=1 steps=3931: speed0=6.41e-02 speedT=2.50e-04 cos=+0.78 k=64 lam_top=-0.01 align=0.85
[E7] 3093/3456 (36189s) gpt2 L9H5 sign=-0.95 symD=1 V=sym p=0 steps=2473: speed0=2.84e-01 speedT=2.06e-07 cos=+1.00 k=1 lam_top=+0.45 align=1.00
[E7] 3094/3456 (36194s) gpt2 L9H5 sign=-0.95 symD=1 V=sym p=1 steps=2531: speed0=2.22e-01 speedT=4.06e-07 cos=+1.00 k=1 lam_top=+0.45 align=1.00
[E7] 3095/3456 (36216s) gpt2 L9H5 sign=-0.95 symD=1 V=push p=1 steps=6802: speed0=1.61e-01 speedT=6.18e-04 cos=+0.31 k=64 lam_top=-0.17 align=0.03
[E7] 3096/3456 (36222s) gpt2 L9H5 sign=-0.95 symD=1 V=push p=0 steps=9176: speed0=2.00e-01 speedT=5.11e-04 cos=+0.23 k=64 lam_top=-0.17 align=0.01
[E7] 3097/3456 (36240s) gpt2 L9H6 sign=+0.48 symD=0 V=sym p=0 steps=5031: speed0=2.17e-01 speedT=2.84e-07 cos=+1.00 k=1 lam_top=+0.62 align=1.00
[E7] 3098/3456 (36245s) gpt2 L9H6 sign=+0.48 symD=0 V=sym p=1 steps=4710: speed0=1.64e-01 speedT=2.09e-07 cos=+1.00 k=1 lam_top=+0.62 align=1.00
[E7] 3099/3456 (36307s) gpt2 L9H6 sign=+0.48 symD=0 V=push p=1 steps=18225: speed0=9.48e-02 speedT=7.48e-04 cos=-0.02 k=8 lam_top=-0.15 align=0.00
[E7] 3100/3456 (36331s) gpt2 L9H6 sign=+0.48 symD=0 V=full p=0 steps=43083: speed0=7.46e-02 speedT=7.61e-02 cos=+1.00 k=1 lam_top=+0.30 align=1.00
[E7] 3101/3456 (36336s) gpt2 L9H6 sign=+0.48 symD=0 V=full p=1 steps=43187: speed0=8.64e-02 speedT=7.31e-02 cos=+1.00 k=1 lam_top=+0.30 align=1.00
[E7] 3102/3456 (36363s) gpt2 L9H6 sign=+0.48 symD=1 V=sym p=0 steps=5185: speed0=2.12e-01 speedT=2.83e-07 cos=+1.00 k=1 lam_top=+0.62 align=1.00
[E7] 3103/3456 (36372s) gpt2 L9H6 sign=+0.48 symD=0 V=push p=0 steps=38810: speed0=1.33e-01 speedT=6.47e-04 cos=-0.01 k=4 lam_top=-0.15 align=0.00
[E7] 3104/3456 (36392s) gpt2 L9H6 sign=+0.48 symD=1 V=sym p=1 steps=4609: speed0=1.62e-01 speedT=2.37e-07 cos=+1.00 k=1 lam_top=+0.62 align=1.00
[E7] 3105/3456 (36443s) gpt2 L9H6 sign=+0.48 symD=1 V=push p=1 steps=10818: speed0=9.22e-02 speedT=3.89e-04 cos=-0.01 k=16 lam_top=-0.15 align=0.00
[E7] 3106/3456 (36458s) gpt2 L9H7 sign=-0.25 symD=0 V=full p=0 steps=4004: speed0=6.16e-02 speedT=1.45e-07 cos=+1.00 k=1 lam_top=+0.24 align=1.00
[E7] 3107/3456 (36472s) gpt2 L9H6 sign=+0.48 symD=1 V=push p=0 steps=21250: speed0=1.28e-01 speedT=2.55e-04 cos=-0.01 k=34 lam_top=-0.15 align=0.00
[E7] 3108/3456 (36477s) gpt2 L9H7 sign=-0.25 symD=0 V=full p=1 steps=5786: speed0=7.36e-02 speedT=1.45e-07 cos=+1.00 k=1 lam_top=+0.24 align=1.00
[E7] 3109/3456 (36491s) gpt2 L9H7 sign=-0.25 symD=0 V=sym p=0 steps=3774: speed0=2.04e-01 speedT=2.31e-07 cos=+1.00 k=1 lam_top=+0.60 align=1.00
[E7] 3110/3456 (36498s) gpt2 L9H6 sign=+0.48 symD=1 V=full p=0 steps=43302: speed0=6.68e-02 speedT=7.65e-02 cos=+1.00 k=1 lam_top=+0.30 align=1.00
[E7] 3111/3456 (36499s) gpt2 L9H7 sign=-0.25 symD=0 V=sym p=1 steps=4297: speed0=1.51e-01 speedT=1.83e-07 cos=+1.00 k=1 lam_top=+0.60 align=1.00
[E7] 3112/3456 (36516s) gpt2 L9H7 sign=-0.25 symD=1 V=full p=0 steps=3919: speed0=5.92e-02 speedT=1.45e-07 cos=+1.00 k=1 lam_top=+0.24 align=1.00
[E7] 3113/3456 (36518s) gpt2 L9H7 sign=-0.25 symD=0 V=push p=0 steps=6724: speed0=1.26e-01 speedT=1.61e-07 cos=+0.06 k=2 lam_top=-0.09 align=0.00
[E7] 3114/3456 (36519s) gpt2 L9H6 sign=+0.48 symD=1 V=full p=1 steps=43194: speed0=8.04e-02 speedT=7.30e-02 cos=+1.00 k=1 lam_top=+0.30 align=1.00
[E7] 3115/3456 (36537s) gpt2 L9H7 sign=-0.25 symD=1 V=full p=1 steps=4824: speed0=6.07e-02 speedT=1.48e-07 cos=+1.00 k=1 lam_top=+0.24 align=1.00
[E7] 3116/3456 (36539s) gpt2 L9H7 sign=-0.25 symD=1 V=sym p=0 steps=3761: speed0=2.03e-01 speedT=1.83e-07 cos=+1.00 k=1 lam_top=+0.60 align=1.00
[E7] 3117/3456 (36543s) gpt2 L9H7 sign=-0.25 symD=1 V=sym p=1 steps=4227: speed0=1.59e-01 speedT=2.03e-07 cos=+1.00 k=1 lam_top=+0.60 align=1.00
[E7] 3118/3456 (36557s) gpt2 L9H8 sign=+0.94 symD=0 V=full p=0 steps=3970: speed0=5.23e-02 speedT=1.36e-07 cos=+1.00 k=1 lam_top=+0.43 align=1.00
[E7] 3119/3456 (36568s) gpt2 L9H7 sign=-0.25 symD=1 V=push p=0 steps=7114: speed0=1.25e-01 speedT=2.17e-07 cos=-0.01 k=2 lam_top=-0.09 align=0.00
[E7] 3120/3456 (36571s) gpt2 L9H7 sign=-0.25 symD=0 V=push p=1 steps=18935: speed0=9.76e-02 speedT=2.25e-07 cos=-0.01 k=2 lam_top=-0.09 align=0.00
[E7] 3121/3456 (36572s) gpt2 L9H8 sign=+0.94 symD=0 V=full p=1 steps=4207: speed0=5.58e-02 speedT=1.61e-07 cos=+1.00 k=1 lam_top=+0.43 align=1.00
[E7] 3122/3456 (36574s) gpt2 L9H7 sign=-0.25 symD=1 V=push p=1 steps=8064: speed0=1.04e-01 speedT=3.09e-07 cos=-0.01 k=2 lam_top=-0.09 align=0.00
[E7] 3123/3456 (36588s) gpt2 L9H8 sign=+0.94 symD=0 V=sym p=0 steps=4394: speed0=2.63e-01 speedT=2.42e-07 cos=+1.00 k=1 lam_top=+0.63 align=1.00
[E7] 3124/3456 (36593s) gpt2 L9H8 sign=+0.94 symD=0 V=sym p=1 steps=4717: speed0=2.03e-01 speedT=2.65e-07 cos=+1.00 k=1 lam_top=+0.63 align=1.00
[E7] 3125/3456 (36606s) gpt2 L9H8 sign=+0.94 symD=1 V=full p=0 steps=4216: speed0=4.81e-02 speedT=1.47e-07 cos=+1.00 k=1 lam_top=+0.43 align=1.00
[E7] 3126/3456 (36613s) gpt2 L9H8 sign=+0.94 symD=1 V=full p=1 steps=4356: speed0=5.52e-02 speedT=8.78e-08 cos=+1.00 k=1 lam_top=+0.43 align=1.00
[E7] 3127/3456 (36626s) gpt2 L9H8 sign=+0.94 symD=0 V=push p=1 steps=13882: speed0=1.30e-01 speedT=4.47e-03 cos=+0.42 k=62 lam_top=-0.07 align=0.02
[E7] 3128/3456 (36631s) gpt2 L9H8 sign=+0.94 symD=1 V=sym p=0 steps=4385: speed0=2.58e-01 speedT=2.85e-07 cos=+1.00 k=1 lam_top=+0.63 align=1.00
[E7] 3129/3456 (36642s) gpt2 L9H8 sign=+0.94 symD=1 V=sym p=1 steps=4753: speed0=1.94e-01 speedT=2.67e-07 cos=+1.00 k=1 lam_top=+0.63 align=1.00
[E7] 3130/3456 (36662s) gpt2 L9H9 sign=+0.12 symD=0 V=full p=0 steps=5380: speed0=6.80e-02 speedT=4.18e-08 cos=+1.00 k=1 lam_top=+0.22 align=1.00
[E7] 3131/3456 (36665s) gpt2 L9H8 sign=+0.94 symD=0 V=push p=0 steps=24956: speed0=1.60e-01 speedT=3.04e-03 cos=-0.00 k=45 lam_top=-0.07 align=0.01
[E7] 3132/3456 (36684s) gpt2 L9H8 sign=+0.94 symD=1 V=push p=0 steps=12312: speed0=1.65e-01 speedT=1.12e-03 cos=+0.04 k=64 lam_top=-0.07 align=0.01
[E7] 3133/3456 (36686s) gpt2 L9H9 sign=+0.12 symD=0 V=sym p=0 steps=4463: speed0=1.67e-01 speedT=1.25e-06 cos=+1.00 k=1 lam_top=+0.55 align=1.00
[E7] 3134/3456 (36688s) gpt2 L9H9 sign=+0.12 symD=0 V=full p=1 steps=7344: speed0=8.23e-02 speedT=4.10e-08 cos=+1.00 k=1 lam_top=+0.22 align=1.00
[E7] 3135/3456 (36690s) gpt2 L9H8 sign=+0.94 symD=1 V=push p=1 steps=13476: speed0=1.32e-01 speedT=2.68e-04 cos=+0.22 k=63 lam_top=-0.07 align=0.01
[E7] 3136/3456 (36706s) gpt2 L9H9 sign=+0.12 symD=0 V=sym p=1 steps=4529: speed0=1.35e-01 speedT=2.11e-06 cos=+1.00 k=1 lam_top=+0.55 align=1.00
[E7] 3137/3456 (36711s) gpt2 L9H9 sign=+0.12 symD=1 V=full p=0 steps=5349: speed0=6.15e-02 speedT=4.05e-08 cos=+1.00 k=1 lam_top=+0.22 align=1.00
[E7] 3138/3456 (36732s) gpt2 L9H9 sign=+0.12 symD=1 V=full p=1 steps=6184: speed0=7.33e-02 speedT=4.11e-08 cos=+1.00 k=1 lam_top=+0.22 align=1.00
[E7] 3139/3456 (36735s) gpt2 L9H9 sign=+0.12 symD=0 V=push p=0 steps=13965: speed0=1.10e-01 speedT=5.58e-05 cos=-0.01 k=6 lam_top=-0.19 align=0.00
[E7] 3140/3456 (36735s) gpt2 L9H9 sign=+0.12 symD=1 V=sym p=0 steps=4461: speed0=1.64e-01 speedT=1.20e-06 cos=+1.00 k=1 lam_top=+0.55 align=1.00
[E7] 3141/3456 (36757s) gpt2 L9H9 sign=+0.12 symD=1 V=sym p=1 steps=4522: speed0=1.31e-01 speedT=2.17e-06 cos=+1.00 k=1 lam_top=+0.55 align=1.00
[E7] 3142/3456 (36787s) gpt2 L9H9 sign=+0.12 symD=1 V=push p=0 steps=11804: speed0=1.08e-01 speedT=2.57e-04 cos=+0.01 k=49 lam_top=-0.19 align=0.00
[E7] 3143/3456 (36791s) gpt2 L9H9 sign=+0.12 symD=1 V=push p=1 steps=12333: speed0=8.12e-02 speedT=3.91e-04 cos=+0.02 k=61 lam_top=-0.19 align=0.01
[E7] 3144/3456 (36793s) gpt2 L9H10 sign=+0.99 symD=0 V=full p=0 steps=9948: speed0=7.49e-02 speedT=8.07e-03 cos=+1.00 k=1 lam_top=+0.61 align=1.00
[E7] 3145/3456 (36808s) gpt2 L9H10 sign=+0.99 symD=0 V=sym p=0 steps=3592: speed0=2.46e-01 speedT=2.25e-07 cos=+1.00 k=1 lam_top=+0.75 align=1.00
[E7] 3146/3456 (36810s) gpt2 L9H10 sign=+0.99 symD=0 V=sym p=1 steps=3755: speed0=1.78e-01 speedT=3.08e-07 cos=+1.00 k=1 lam_top=+0.75 align=1.00
[E7] 3147/3456 (36820s) gpt2 L9H10 sign=+0.99 symD=0 V=full p=1 steps=9523: speed0=9.46e-02 speedT=9.36e-03 cos=+1.00 k=1 lam_top=+0.61 align=1.00
[E7] 3148/3456 (36831s) gpt2 L9H10 sign=+0.99 symD=0 V=push p=0 steps=6266: speed0=1.15e-01 speedT=2.09e-07 cos=+0.60 k=2 lam_top=-0.03 align=0.00
[E7] 3149/3456 (36835s) gpt2 L9H10 sign=+0.99 symD=0 V=push p=1 steps=6742: speed0=7.33e-02 speedT=1.27e-07 cos=+0.18 k=2 lam_top=-0.03 align=0.00
[E7] 3150/3456 (36840s) gpt2 L9H9 sign=+0.12 symD=0 V=push p=1 steps=41450: speed0=8.36e-02 speedT=2.08e-04 cos=-0.00 k=12 lam_top=-0.19 align=0.00
[E7] 3151/3456 (36854s) gpt2 L9H10 sign=+0.99 symD=1 V=sym p=0 steps=3601: speed0=2.40e-01 speedT=2.38e-07 cos=+1.00 k=1 lam_top=+0.75 align=1.00
[E7] 3152/3456 (36860s) gpt2 L9H10 sign=+0.99 symD=1 V=full p=0 steps=9786: speed0=5.89e-02 speedT=7.06e-03 cos=+1.00 k=1 lam_top=+0.61 align=1.00
[E7] 3153/3456 (36860s) gpt2 L9H10 sign=+0.99 symD=1 V=sym p=1 steps=3676: speed0=1.85e-01 speedT=2.85e-07 cos=+1.00 k=1 lam_top=+0.75 align=1.00
[E7] 3154/3456 (36871s) gpt2 L9H10 sign=+0.99 symD=1 V=full p=1 steps=9701: speed0=7.25e-02 speedT=1.34e-02 cos=+1.00 k=1 lam_top=+0.61 align=1.00
[E7] 3155/3456 (36873s) gpt2 L9H11 sign=-0.38 symD=0 V=full p=0 steps=3593: speed0=5.15e-02 speedT=4.23e-08 cos=+1.00 k=1 lam_top=+0.14 align=1.00
[E7] 3156/3456 (36883s) gpt2 L9H10 sign=+0.99 symD=1 V=push p=0 steps=6576: speed0=1.12e-01 speedT=2.50e-07 cos=+0.00 k=2 lam_top=-0.03 align=0.00
[E7] 3157/3456 (36885s) gpt2 L9H11 sign=-0.38 symD=0 V=full p=1 steps=3784: speed0=6.57e-02 speedT=7.20e-08 cos=+1.00 k=1 lam_top=+0.14 align=1.00
[E7] 3158/3456 (36889s) gpt2 L9H11 sign=-0.38 symD=0 V=sym p=0 steps=3288: speed0=2.63e-01 speedT=2.35e-07 cos=+1.00 k=1 lam_top=+0.53 align=1.00
[E7] 3159/3456 (36892s) gpt2 L9H10 sign=+0.99 symD=1 V=push p=1 steps=7148: speed0=8.43e-02 speedT=2.15e-07 cos=+0.06 k=2 lam_top=-0.03 align=0.00
[E7] 3160/3456 (36898s) gpt2 L9H11 sign=-0.38 symD=0 V=sym p=1 steps=3310: speed0=2.00e-01 speedT=2.76e-07 cos=+1.00 k=1 lam_top=+0.53 align=1.00
[E7] 3161/3456 (36905s) gpt2 L9H11 sign=-0.38 symD=1 V=full p=0 steps=3468: speed0=4.99e-02 speedT=3.14e-08 cos=+1.00 k=1 lam_top=+0.14 align=1.00
[E7] 3162/3456 (36913s) gpt2 L9H11 sign=-0.38 symD=1 V=full p=1 steps=3742: speed0=6.37e-02 speedT=4.20e-08 cos=+1.00 k=1 lam_top=+0.14 align=1.00
[E7] 3163/3456 (36924s) gpt2 L9H11 sign=-0.38 symD=1 V=sym p=0 steps=3277: speed0=2.58e-01 speedT=3.07e-07 cos=+1.00 k=1 lam_top=+0.53 align=1.00
[E7] 3164/3456 (36931s) gpt2 L9H11 sign=-0.38 symD=1 V=sym p=1 steps=3308: speed0=2.00e-01 speedT=2.67e-07 cos=+1.00 k=1 lam_top=+0.53 align=1.00
[E7] 3165/3456 (36976s) gpt2 L9H11 sign=-0.38 symD=1 V=push p=0 steps=11912: speed0=1.60e-01 speedT=3.94e-04 cos=+0.11 k=64 lam_top=-0.11 align=0.01
[E7] 3166/3456 (36987s) gpt2 L9H11 sign=-0.38 symD=1 V=push p=1 steps=12048: speed0=1.30e-01 speedT=1.35e-03 cos=+0.10 k=64 lam_top=-0.11 align=0.01
[E7] 3167/3456 (37006s) gpt2 L10H0 sign=+0.96 symD=0 V=full p=0 steps=8339: speed0=6.56e-02 speedT=1.93e-07 cos=+1.00 k=1 lam_top=+0.49 align=1.00
[E7] 3168/3456 (37013s) gpt2 L10H0 sign=+0.96 symD=0 V=full p=1 steps=7421: speed0=8.44e-02 speedT=1.88e-07 cos=+1.00 k=1 lam_top=+0.49 align=1.00
[E7] 3169/3456 (37030s) gpt2 L10H0 sign=+0.96 symD=0 V=sym p=0 steps=4852: speed0=1.81e-01 speedT=2.87e-06 cos=+1.00 k=1 lam_top=+0.73 align=1.00
[E7] 3170/3456 (37035s) gpt2 L9H11 sign=-0.38 symD=0 V=push p=0 steps=40868: speed0=1.64e-01 speedT=1.39e-02 cos=+0.01 k=19 lam_top=-0.11 align=0.04
[E7] 3171/3456 (37036s) gpt2 L10H0 sign=+0.96 symD=0 V=sym p=1 steps=4836: speed0=1.52e-01 speedT=1.52e-06 cos=+1.00 k=1 lam_top=+0.73 align=1.00
[E7] 3172/3456 (37072s) gpt2 L10H0 sign=+0.96 symD=1 V=full p=0 steps=8626: speed0=5.12e-02 speedT=5.47e-08 cos=+1.00 k=1 lam_top=+0.49 align=1.00
[E7] 3173/3456 (37107s) gpt2 L10H0 sign=+0.96 symD=1 V=full p=1 steps=8216: speed0=7.93e-02 speedT=1.73e-07 cos=+1.00 k=1 lam_top=+0.49 align=1.00
[E7] 3174/3456 (37122s) gpt2 L10H0 sign=+0.96 symD=0 V=push p=1 steps=22969: speed0=8.64e-02 speedT=4.25e-04 cos=-0.01 k=9 lam_top=-0.12 align=0.00
[E7] 3175/3456 (37122s) gpt2 L9H11 sign=-0.38 symD=0 V=push p=1 steps=61195: speed0=1.30e-01 speedT=1.52e-02 cos=+0.01 k=43 lam_top=-0.11 align=0.01
[E7] 3176/3456 (37135s) gpt2 L10H0 sign=+0.96 symD=1 V=sym p=0 steps=4904: speed0=1.82e-01 speedT=3.50e-06 cos=+1.00 k=1 lam_top=+0.73 align=1.00
[E7] 3177/3456 (37150s) gpt2 L10H0 sign=+0.96 symD=1 V=sym p=1 steps=4701: speed0=1.56e-01 speedT=1.49e-06 cos=+1.00 k=1 lam_top=+0.73 align=1.00
[E7] 3178/3456 (37168s) gpt2 L10H0 sign=+0.96 symD=1 V=push p=0 steps=9603: speed0=1.08e-01 speedT=2.07e-04 cos=+0.07 k=60 lam_top=-0.12 align=0.01
[E7] 3179/3456 (37174s) gpt2 L10H1 sign=+0.55 symD=0 V=full p=0 steps=6622: speed0=7.83e-02 speedT=2.09e-07 cos=+1.00 k=1 lam_top=+0.34 align=1.00
[E7] 3180/3456 (37178s) gpt2 L10H0 sign=+0.96 symD=1 V=push p=1 steps=9360: speed0=8.80e-02 speedT=8.36e-05 cos=+0.02 k=45 lam_top=-0.12 align=0.00
[E7] 3181/3456 (37193s) gpt2 L10H1 sign=+0.55 symD=0 V=sym p=0 steps=4169: speed0=2.33e-01 speedT=5.58e-06 cos=+1.00 k=1 lam_top=+0.62 align=1.00
[E7] 3182/3456 (37193s) gpt2 L10H1 sign=+0.55 symD=0 V=full p=1 steps=7109: speed0=1.04e-01 speedT=1.37e-07 cos=+1.00 k=1 lam_top=+0.34 align=1.00
[E7] 3183/3456 (37198s) gpt2 L10H1 sign=+0.55 symD=0 V=sym p=1 steps=4461: speed0=1.87e-01 speedT=6.65e-06 cos=+1.00 k=1 lam_top=+0.62 align=1.00
[E7] 3184/3456 (37228s) gpt2 L10H1 sign=+0.55 symD=1 V=full p=0 steps=7217: speed0=7.00e-02 speedT=1.09e-07 cos=+1.00 k=1 lam_top=+0.34 align=1.00
[E7] 3185/3456 (37259s) gpt2 L10H1 sign=+0.55 symD=1 V=full p=1 steps=7036: speed0=9.92e-02 speedT=1.60e-07 cos=+1.00 k=1 lam_top=+0.34 align=1.00
[E7] 3186/3456 (37261s) gpt2 L10H0 sign=+0.96 symD=0 V=push p=0 steps=61497: speed0=1.06e-01 speedT=4.00e-02 cos=+0.04 k=55 lam_top=-0.12 align=0.02
[E7] 3187/3456 (37263s) gpt2 L10H1 sign=+0.55 symD=0 V=push p=0 steps=18910: speed0=1.37e-01 speedT=1.01e-04 cos=-0.01 k=5 lam_top=-0.16 align=0.00
[E7] 3188/3456 (37272s) gpt2 L10H1 sign=+0.55 symD=0 V=push p=1 steps=20980: speed0=1.06e-01 speedT=1.61e-03 cos=-0.01 k=11 lam_top=-0.16 align=0.01
[E7] 3189/3456 (37282s) gpt2 L10H1 sign=+0.55 symD=1 V=sym p=0 steps=4189: speed0=2.31e-01 speedT=5.80e-06 cos=+1.00 k=1 lam_top=+0.62 align=1.00
[E7] 3190/3456 (37284s) gpt2 L10H1 sign=+0.55 symD=1 V=sym p=1 steps=4458: speed0=1.84e-01 speedT=7.93e-06 cos=+1.00 k=1 lam_top=+0.62 align=1.00
[E7] 3191/3456 (37292s) gpt2 L10H1 sign=+0.55 symD=1 V=push p=0 steps=7578: speed0=1.36e-01 speedT=5.17e-07 cos=-0.02 k=2 lam_top=-0.16 align=0.00
[E7] 3192/3456 (37312s) gpt2 L10H2 sign=+0.42 symD=0 V=sym p=0 steps=3948: speed0=2.63e-01 speedT=5.57e-07 cos=+1.00 k=1 lam_top=+0.57 align=1.00
[E7] 3193/3456 (37317s) gpt2 L10H1 sign=+0.55 symD=1 V=push p=1 steps=10553: speed0=1.04e-01 speedT=1.77e-05 cos=-0.01 k=15 lam_top=-0.16 align=0.00
[E7] 3194/3456 (37331s) gpt2 L10H2 sign=+0.42 symD=0 V=sym p=1 steps=4038: speed0=2.09e-01 speedT=5.28e-07 cos=+1.00 k=1 lam_top=+0.57 align=1.00
[E7] 3195/3456 (37339s) gpt2 L10H2 sign=+0.42 symD=0 V=full p=0 steps=16878: speed0=6.19e-02 speedT=3.49e-02 cos=+1.00 k=1 lam_top=+0.27 align=1.00
[E7] 3196/3456 (37343s) gpt2 L10H2 sign=+0.42 symD=0 V=full p=1 steps=17212: speed0=9.26e-02 speedT=4.16e-02 cos=+1.00 k=1 lam_top=+0.27 align=1.00
[E7] 3197/3456 (37407s) gpt2 L10H2 sign=+0.42 symD=0 V=push p=1 steps=20104: speed0=1.20e-01 speedT=1.95e-03 cos=+0.03 k=43 lam_top=-0.16 align=0.04
[E7] 3198/3456 (37410s) gpt2 L10H2 sign=+0.42 symD=1 V=full p=0 steps=16912: speed0=6.40e-02 speedT=3.55e-02 cos=+1.00 k=1 lam_top=+0.27 align=1.00
[E7] 3199/3456 (37416s) gpt2 L10H2 sign=+0.42 symD=1 V=full p=1 steps=17230: speed0=9.31e-02 speedT=3.96e-02 cos=+1.00 k=1 lam_top=+0.27 align=1.00
[E7] 3200/3456 (37429s) gpt2 L10H2 sign=+0.42 symD=1 V=sym p=0 steps=3960: speed0=2.62e-01 speedT=6.24e-07 cos=+1.00 k=1 lam_top=+0.57 align=1.00
[E7] 3201/3456 (37434s) gpt2 L10H2 sign=+0.42 symD=1 V=sym p=1 steps=4026: speed0=2.10e-01 speedT=5.84e-07 cos=+1.00 k=1 lam_top=+0.57 align=1.00
[E7] 3202/3456 (37441s) gpt2 L10H3 sign=+0.66 symD=0 V=full p=0 steps=2773: speed0=5.03e-02 speedT=7.86e-08 cos=+1.00 k=1 lam_top=+0.43 align=1.00
[E7] 3203/3456 (37447s) gpt2 L10H2 sign=+0.42 symD=0 V=push p=0 steps=34357: speed0=1.56e-01 speedT=5.53e-04 cos=-0.01 k=17 lam_top=-0.16 align=0.04
[E7] 3204/3456 (37453s) gpt2 L10H3 sign=+0.66 symD=0 V=full p=1 steps=3433: speed0=6.55e-02 speedT=1.95e-07 cos=+1.00 k=1 lam_top=+0.43 align=1.00
[E7] 3205/3456 (37458s) gpt2 L10H2 sign=+0.42 symD=1 V=push p=0 steps=9421: speed0=1.55e-01 speedT=2.25e-04 cos=+0.06 k=64 lam_top=-0.16 align=0.01
[E7] 3206/3456 (37465s) gpt2 L10H3 sign=+0.66 symD=0 V=sym p=0 steps=4282: speed0=2.94e-01 speedT=2.18e-07 cos=+1.00 k=1 lam_top=+0.65 align=1.00
[E7] 3207/3456 (37469s) gpt2 L10H3 sign=+0.66 symD=0 V=sym p=1 steps=4152: speed0=2.33e-01 speedT=2.46e-07 cos=+1.00 k=1 lam_top=+0.65 align=1.00
[E7] 3208/3456 (37475s) gpt2 L10H2 sign=+0.42 symD=1 V=push p=1 steps=11659: speed0=1.21e-01 speedT=7.94e-04 cos=+0.03 k=64 lam_top=-0.16 align=0.01
[E7] 3209/3456 (37480s) gpt2 L10H3 sign=+0.66 symD=0 V=push p=0 steps=6642: speed0=1.73e-01 speedT=1.62e-04 cos=+0.91 k=51 lam_top=-0.09 align=0.00
[E7] 3210/3456 (37481s) gpt2 L10H3 sign=+0.66 symD=1 V=full p=0 steps=2794: speed0=4.97e-02 speedT=1.08e-07 cos=+1.00 k=1 lam_top=+0.43 align=1.00
[E7] 3211/3456 (37489s) gpt2 L10H3 sign=+0.66 symD=0 V=push p=1 steps=6556: speed0=1.37e-01 speedT=4.11e-06 cos=+0.65 k=7 lam_top=-0.09 align=0.00
[E7] 3212/3456 (37491s) gpt2 L10H3 sign=+0.66 symD=1 V=full p=1 steps=3372: speed0=6.59e-02 speedT=1.64e-07 cos=+1.00 k=1 lam_top=+0.43 align=1.00
[E7] 3213/3456 (37505s) gpt2 L10H3 sign=+0.66 symD=1 V=sym p=0 steps=4289: speed0=2.94e-01 speedT=2.38e-07 cos=+1.00 k=1 lam_top=+0.65 align=1.00
[E7] 3214/3456 (37505s) gpt2 L10H3 sign=+0.66 symD=1 V=sym p=1 steps=4118: speed0=2.36e-01 speedT=2.33e-07 cos=+1.00 k=1 lam_top=+0.65 align=1.00
[E7] 3215/3456 (37520s) gpt2 L10H3 sign=+0.66 symD=1 V=push p=1 steps=6388: speed0=1.41e-01 speedT=1.58e-06 cos=+0.51 k=2 lam_top=-0.09 align=0.00
[E7] 3216/3456 (37523s) gpt2 L10H3 sign=+0.66 symD=1 V=push p=0 steps=7142: speed0=1.75e-01 speedT=8.29e-06 cos=+0.76 k=16 lam_top=-0.09 align=0.00
[E7] 3217/3456 (37531s) gpt2 L10H4 sign=+0.87 symD=0 V=sym p=0 steps=2299: speed0=3.31e-01 speedT=2.89e-07 cos=+1.00 k=1 lam_top=+0.50 align=1.00
[E7] 3218/3456 (37534s) gpt2 L10H4 sign=+0.87 symD=0 V=sym p=1 steps=2410: speed0=2.52e-01 speedT=3.32e-07 cos=+1.00 k=1 lam_top=+0.50 align=1.00
[E7] 3219/3456 (37540s) gpt2 L10H4 sign=+0.87 symD=0 V=full p=0 steps=10175: speed0=4.08e-02 speedT=1.03e-02 cos=+1.00 k=1 lam_top=+0.13 align=1.00
[E7] 3220/3456 (37543s) gpt2 L10H4 sign=+0.87 symD=0 V=full p=1 steps=11077: speed0=3.74e-02 speedT=1.29e-02 cos=+1.00 k=1 lam_top=+0.13 align=1.00
[E7] 3221/3456 (37582s) gpt2 L10H4 sign=+0.87 symD=1 V=full p=0 steps=10290: speed0=3.99e-02 speedT=9.92e-03 cos=+1.00 k=1 lam_top=+0.13 align=1.00
[E7] 3222/3456 (37589s) gpt2 L10H4 sign=+0.87 symD=1 V=full p=1 steps=11040: speed0=3.62e-02 speedT=1.07e-02 cos=+1.00 k=1 lam_top=+0.13 align=1.00
[E7] 3223/3456 (37595s) gpt2 L10H4 sign=+0.87 symD=1 V=sym p=0 steps=2305: speed0=3.29e-01 speedT=2.69e-07 cos=+1.00 k=1 lam_top=+0.50 align=1.00
[E7] 3224/3456 (37602s) gpt2 L10H4 sign=+0.87 symD=0 V=push p=1 steps=17902: speed0=1.56e-01 speedT=1.85e-03 cos=+0.01 k=54 lam_top=-0.03 align=0.01
[E7] 3225/3456 (37603s) gpt2 L10H4 sign=+0.87 symD=1 V=sym p=1 steps=2410: speed0=2.53e-01 speedT=3.24e-07 cos=+1.00 k=1 lam_top=+0.50 align=1.00
[E7] 3226/3456 (37626s) gpt2 L10H5 sign=+0.99 symD=0 V=full p=0 steps=6551: speed0=8.40e-02 speedT=1.32e-07 cos=+1.00 k=1 lam_top=+0.72 align=1.00
[E7] 3227/3456 (37633s) gpt2 L10H4 sign=+0.87 symD=0 V=push p=0 steps=27786: speed0=1.95e-01 speedT=7.80e-03 cos=+0.08 k=51 lam_top=-0.03 align=0.01
[E7] 3228/3456 (37650s) gpt2 L10H5 sign=+0.99 symD=0 V=full p=1 steps=6529: speed0=1.10e-01 speedT=1.46e-07 cos=+1.00 k=1 lam_top=+0.72 align=1.00
[E7] 3229/3456 (37655s) gpt2 L10H5 sign=+0.99 symD=0 V=sym p=0 steps=4375: speed0=2.56e-01 speedT=3.37e-07 cos=+1.00 k=1 lam_top=+0.85 align=1.00
[E7] 3230/3456 (37656s) gpt2 L10H4 sign=+0.87 symD=1 V=push p=0 steps=13291: speed0=1.93e-01 speedT=7.22e-04 cos=+0.06 k=64 lam_top=-0.03 align=0.01
[E7] 3231/3456 (37667s) gpt2 L10H4 sign=+0.87 symD=1 V=push p=1 steps=13371: speed0=1.58e-01 speedT=9.43e-04 cos=+0.19 k=64 lam_top=-0.03 align=0.01
[E7] 3232/3456 (37673s) gpt2 L10H5 sign=+0.99 symD=0 V=sym p=1 steps=4534: speed0=1.90e-01 speedT=3.69e-07 cos=+1.00 k=1 lam_top=+0.85 align=1.00
[E7] 3233/3456 (37681s) gpt2 L10H5 sign=+0.99 symD=0 V=push p=1 steps=6043: speed0=8.73e-02 speedT=9.90e-08 cos=+0.02 k=2 lam_top=-0.04 align=0.00
[E7] 3234/3456 (37687s) gpt2 L10H5 sign=+0.99 symD=0 V=push p=0 steps=8150: speed0=1.24e-01 speedT=1.11e-07 cos=-0.01 k=2 lam_top=-0.04 align=0.00
[E7] 3235/3456 (37690s) gpt2 L10H5 sign=+0.99 symD=1 V=full p=0 steps=5162: speed0=8.31e-02 speedT=1.39e-07 cos=+1.00 k=1 lam_top=+0.72 align=1.00
[E7] 3236/3456 (37697s) gpt2 L10H5 sign=+0.99 symD=1 V=full p=1 steps=5504: speed0=1.00e-01 speedT=1.39e-07 cos=+1.00 k=1 lam_top=+0.72 align=1.00
[E7] 3237/3456 (37707s) gpt2 L10H5 sign=+0.99 symD=1 V=sym p=0 steps=4299: speed0=2.65e-01 speedT=3.71e-07 cos=+1.00 k=1 lam_top=+0.85 align=1.00
[E7] 3238/3456 (37712s) gpt2 L10H5 sign=+0.99 symD=1 V=sym p=1 steps=4471: speed0=2.10e-01 speedT=2.80e-07 cos=+1.00 k=1 lam_top=+0.85 align=1.00
[E7] 3239/3456 (37722s) gpt2 L10H5 sign=+0.99 symD=1 V=push p=0 steps=6478: speed0=1.25e-01 speedT=1.34e-07 cos=+0.06 k=2 lam_top=-0.04 align=0.00
[E7] 3240/3456 (37731s) gpt2 L10H5 sign=+0.99 symD=1 V=push p=1 steps=6924: speed0=1.01e-01 speedT=5.62e-08 cos=+0.38 k=2 lam_top=-0.04 align=0.00
[E7] 3241/3456 (37748s) gpt2 L10H6 sign=+0.91 symD=0 V=sym p=0 steps=5142: speed0=1.91e-01 speedT=6.85e-06 cos=+1.00 k=1 lam_top=+0.70 align=1.00
[E7] 3242/3456 (37758s) gpt2 L10H6 sign=+0.91 symD=0 V=sym p=1 steps=5492: speed0=1.52e-01 speedT=2.40e-05 cos=+1.00 k=1 lam_top=+0.70 align=1.00
[E7] 3243/3456 (37848s) gpt2 L10H6 sign=+0.91 symD=0 V=full p=0 steps=39288: speed0=6.55e-02 speedT=1.32e-02 cos=+1.00 k=1 lam_top=+0.44 align=0.99
[E7] 3244/3456 (37872s) gpt2 L10H6 sign=+0.91 symD=0 V=full p=1 steps=45351: speed0=7.99e-02 speedT=4.87e-02 cos=+1.00 k=1 lam_top=+0.44 align=0.81
[E7] 3245/3456 (37914s) gpt2 L10H6 sign=+0.91 symD=0 V=push p=1 steps=42277: speed0=8.79e-02 speedT=9.70e-04 cos=-0.01 k=6 lam_top=-0.12 align=0.01
[E7] 3246/3456 (37942s) gpt2 L10H6 sign=+0.91 symD=1 V=sym p=0 steps=5087: speed0=1.92e-01 speedT=5.96e-06 cos=+1.00 k=1 lam_top=+0.70 align=1.00
[E7] 3247/3456 (37949s) gpt2 L10H6 sign=+0.91 symD=0 V=push p=0 steps=53422: speed0=1.10e-01 speedT=7.74e-03 cos=-0.02 k=6 lam_top=-0.12 align=0.01
[E7] 3248/3456 (37972s) gpt2 L10H6 sign=+0.91 symD=1 V=sym p=1 steps=5235: speed0=1.52e-01 speedT=8.26e-06 cos=+1.00 k=1 lam_top=+0.70 align=1.00
[E7] 3249/3456 (38002s) gpt2 L10H6 sign=+0.91 symD=1 V=push p=0 steps=10757: speed0=1.10e-01 speedT=2.13e-04 cos=+0.04 k=48 lam_top=-0.12 align=0.00
[E7] 3250/3456 (38011s) gpt2 L10H6 sign=+0.91 symD=1 V=full p=0 steps=38049: speed0=6.13e-02 speedT=1.17e-02 cos=+1.00 k=1 lam_top=+0.44 align=0.99
[E7] 3251/3456 (38026s) gpt2 L10H6 sign=+0.91 symD=1 V=push p=1 steps=11941: speed0=8.67e-02 speedT=8.41e-04 cos=+0.02 k=54 lam_top=-0.12 align=0.00
[E7] 3252/3456 (38031s) gpt2 L10H7 sign=+0.40 symD=0 V=full p=0 steps=8511: speed0=5.72e-02 speedT=1.33e-06 cos=+1.00 k=1 lam_top=+0.11 align=1.00
[E7] 3253/3456 (38037s) gpt2 L10H7 sign=+0.40 symD=0 V=sym p=0 steps=2548: speed0=2.75e-01 speedT=3.30e-07 cos=+1.00 k=1 lam_top=+0.52 align=1.00
[E7] 3254/3456 (38040s) gpt2 L10H7 sign=+0.40 symD=0 V=full p=1 steps=8454: speed0=6.22e-02 speedT=2.08e-06 cos=+1.00 k=1 lam_top=+0.11 align=1.00
[E7] 3255/3456 (38041s) gpt2 L10H6 sign=+0.91 symD=1 V=full p=1 steps=39753: speed0=7.51e-02 speedT=1.39e-02 cos=+1.00 k=1 lam_top=+0.44 align=0.99
[E7] 3256/3456 (38045s) gpt2 L10H7 sign=+0.40 symD=0 V=sym p=1 steps=2622: speed0=2.28e-01 speedT=2.52e-07 cos=+1.00 k=1 lam_top=+0.52 align=1.00
[E7] 3257/3456 (38057s) gpt2 L10H7 sign=+0.40 symD=0 V=push p=0 steps=4959: speed0=1.67e-01 speedT=5.45e-04 cos=+0.51 k=64 lam_top=-0.10 align=0.03
[E7] 3258/3456 (38058s) gpt2 L10H7 sign=+0.40 symD=0 V=push p=1 steps=4822: speed0=1.48e-01 speedT=3.05e-04 cos=+0.48 k=64 lam_top=-0.10 align=0.06
[E7] 3259/3456 (38073s) gpt2 L10H7 sign=+0.40 symD=1 V=sym p=0 steps=2526: speed0=2.82e-01 speedT=2.42e-07 cos=+1.00 k=1 lam_top=+0.52 align=1.00
[E7] 3260/3456 (38075s) gpt2 L10H7 sign=+0.40 symD=1 V=sym p=1 steps=2589: speed0=2.27e-01 speedT=3.30e-07 cos=+1.00 k=1 lam_top=+0.52 align=1.00
[E7] 3261/3456 (38081s) gpt2 L10H7 sign=+0.40 symD=1 V=full p=0 steps=8851: speed0=5.93e-02 speedT=1.09e-06 cos=+1.00 k=1 lam_top=+0.11 align=1.00
[E7] 3262/3456 (38083s) gpt2 L10H7 sign=+0.40 symD=1 V=full p=1 steps=8633: speed0=6.12e-02 speedT=1.58e-06 cos=+1.00 k=1 lam_top=+0.11 align=1.00
[E7] 3263/3456 (38087s) gpt2 L10H7 sign=+0.40 symD=1 V=push p=0 steps=3188: speed0=1.68e-01 speedT=3.86e-05 cos=+0.49 k=64 lam_top=-0.10 align=0.01
[E7] 3264/3456 (38089s) gpt2 L10H7 sign=+0.40 symD=1 V=push p=1 steps=2999: speed0=1.43e-01 speedT=3.45e-05 cos=+0.48 k=64 lam_top=-0.10 align=0.02
[E7] 3265/3456 (38096s) gpt2 L10H8 sign=-0.41 symD=0 V=full p=0 steps=3901: speed0=5.18e-02 speedT=4.99e-09 cos=+1.00 k=1 lam_top=+0.10 align=1.00
[E7] 3266/3456 (38099s) gpt2 L10H8 sign=-0.41 symD=0 V=sym p=0 steps=2380: speed0=3.12e-01 speedT=2.20e-07 cos=+1.00 k=1 lam_top=+0.51 align=1.00
[E7] 3267/3456 (38100s) gpt2 L10H8 sign=-0.41 symD=0 V=full p=1 steps=4508: speed0=5.37e-02 speedT=2.56e-08 cos=+1.00 k=1 lam_top=+0.10 align=1.00
[E7] 3268/3456 (38102s) gpt2 L10H8 sign=-0.41 symD=0 V=sym p=1 steps=2452: speed0=2.52e-01 speedT=3.31e-07 cos=+1.00 k=1 lam_top=+0.51 align=1.00
[E7] 3269/3456 (38120s) gpt2 L10H8 sign=-0.41 symD=1 V=full p=0 steps=4021: speed0=4.97e-02 speedT=6.96e-09 cos=+1.00 k=1 lam_top=+0.10 align=1.00
[E7] 3270/3456 (38123s) gpt2 L10H8 sign=-0.41 symD=1 V=full p=1 steps=4908: speed0=5.46e-02 speedT=7.89e-09 cos=+1.00 k=1 lam_top=+0.10 align=1.00
[E7] 3271/3456 (38133s) gpt2 L10H8 sign=-0.41 symD=1 V=sym p=0 steps=2370: speed0=3.09e-01 speedT=2.74e-07 cos=+1.00 k=1 lam_top=+0.51 align=1.00
[E7] 3272/3456 (38136s) gpt2 L10H8 sign=-0.41 symD=1 V=sym p=1 steps=2441: speed0=2.45e-01 speedT=3.26e-07 cos=+1.00 k=1 lam_top=+0.51 align=1.00
[E7] 3273/3456 (38142s) gpt2 L10H8 sign=-0.41 symD=0 V=push p=0 steps=12153: speed0=1.83e-01 speedT=5.26e-04 cos=-0.01 k=15 lam_top=-0.07 align=0.00
[E7] 3274/3456 (38189s) gpt2 L10H8 sign=-0.41 symD=1 V=push p=1 steps=11414: speed0=1.47e-01 speedT=2.31e-04 cos=+0.06 k=64 lam_top=-0.07 align=0.01
[E7] 3275/3456 (38190s) gpt2 L10H8 sign=-0.41 symD=1 V=push p=0 steps=12361: speed0=1.81e-01 speedT=3.43e-04 cos=+0.04 k=64 lam_top=-0.07 align=0.01
[E7] 3276/3456 (38207s) gpt2 L10H9 sign=+1.00 symD=0 V=sym p=0 steps=3520: speed0=2.19e-01 speedT=2.23e-07 cos=+1.00 k=1 lam_top=+0.76 align=1.00
[E7] 3277/3456 (38215s) gpt2 L10H8 sign=-0.41 symD=0 V=push p=1 steps=30837: speed0=1.53e-01 speedT=1.41e-03 cos=-0.01 k=27 lam_top=-0.07 align=0.02
[E7] 3278/3456 (38217s) gpt2 L10H9 sign=+1.00 symD=0 V=full p=0 steps=21430: speed0=6.71e-02 speedT=4.74e-02 cos=+1.00 k=1 lam_top=+0.53 align=1.00
[E7] 3279/3456 (38222s) gpt2 L10H9 sign=+1.00 symD=0 V=sym p=1 steps=3603: speed0=1.54e-01 speedT=3.44e-07 cos=+1.00 k=1 lam_top=+0.76 align=1.00
[E7] 3280/3456 (38262s) gpt2 L10H9 sign=+1.00 symD=0 V=full p=1 steps=21588: speed0=7.11e-02 speedT=5.34e-02 cos=+1.00 k=1 lam_top=+0.53 align=1.00
[E7] 3281/3456 (38284s) gpt2 L10H9 sign=+1.00 symD=0 V=push p=0 steps=18941: speed0=9.91e-02 speedT=4.52e-04 cos=+0.24 k=4 lam_top=-0.02 align=0.01
[E7] 3282/3456 (38305s) gpt2 L10H9 sign=+1.00 symD=1 V=sym p=0 steps=3562: speed0=2.20e-01 speedT=2.97e-07 cos=+1.00 k=1 lam_top=+0.76 align=1.00
[E7] 3283/3456 (38318s) gpt2 L10H9 sign=+1.00 symD=1 V=full p=0 steps=21303: speed0=5.25e-02 speedT=2.94e-02 cos=+1.00 k=1 lam_top=+0.53 align=1.00
[E7] 3284/3456 (38326s) gpt2 L10H9 sign=+1.00 symD=1 V=sym p=1 steps=3644: speed0=1.65e-01 speedT=3.88e-07 cos=+1.00 k=1 lam_top=+0.76 align=1.00
[E7] 3285/3456 (38328s) gpt2 L10H9 sign=+1.00 symD=0 V=push p=1 steps=29241: speed0=7.55e-02 speedT=4.39e-04 cos=-0.01 k=8 lam_top=-0.02 align=0.07
[E7] 3286/3456 (38346s) gpt2 L10H10 sign=+0.35 symD=0 V=full p=0 steps=5050: speed0=1.45e-02 speedT=1.95e-04 cos=+1.00 k=1 lam_top=+0.07 align=1.00
[E7] 3287/3456 (38357s) gpt2 L10H9 sign=+1.00 symD=1 V=full p=1 steps=21272: speed0=6.09e-02 speedT=2.89e-02 cos=+1.00 k=1 lam_top=+0.53 align=1.00
[E7] 3288/3456 (38370s) gpt2 L10H10 sign=+0.35 symD=0 V=sym p=0 steps=2368: speed0=2.98e-01 speedT=3.28e-07 cos=+1.00 k=1 lam_top=+0.49 align=1.00
[E7] 3289/3456 (38374s) gpt2 L10H10 sign=+0.35 symD=0 V=full p=1 steps=7287: speed0=2.16e-02 speedT=1.96e-04 cos=+1.00 k=1 lam_top=+0.07 align=1.00
[E7] 3290/3456 (38384s) gpt2 L10H10 sign=+0.35 symD=0 V=sym p=1 steps=2479: speed0=2.33e-01 speedT=2.86e-07 cos=+1.00 k=1 lam_top=+0.49 align=1.00
[E7] 3291/3456 (38388s) gpt2 L10H9 sign=+1.00 symD=1 V=push p=0 steps=14545: speed0=1.05e-01 speedT=9.46e-05 cos=-0.00 k=28 lam_top=-0.02 align=0.01
[E7] 3292/3456 (38390s) gpt2 L10H10 sign=+0.35 symD=0 V=push p=0 steps=3853: speed0=1.83e-01 speedT=1.12e-07 cos=+0.94 k=2 lam_top=-0.04 align=0.00
[E7] 3293/3456 (38400s) gpt2 L10H10 sign=+0.35 symD=0 V=push p=1 steps=4135: speed0=1.55e-01 speedT=2.33e-07 cos=+0.94 k=2 lam_top=-0.04 align=0.00
[E7] 3294/3456 (38409s) gpt2 L10H10 sign=+0.35 symD=1 V=full p=0 steps=4997: speed0=1.47e-02 speedT=1.94e-04 cos=+1.00 k=1 lam_top=+0.07 align=1.00
[E7] 3295/3456 (38412s) gpt2 L10H10 sign=+0.35 symD=1 V=sym p=0 steps=2383: speed0=2.91e-01 speedT=2.49e-07 cos=+1.00 k=1 lam_top=+0.49 align=1.00
[E7] 3296/3456 (38420s) gpt2 L10H10 sign=+0.35 symD=1 V=full p=1 steps=7155: speed0=2.88e-02 speedT=2.11e-04 cos=+1.00 k=1 lam_top=+0.07 align=1.00
[E7] 3297/3456 (38424s) gpt2 L10H10 sign=+0.35 symD=1 V=sym p=1 steps=2450: speed0=2.26e-01 speedT=2.32e-07 cos=+1.00 k=1 lam_top=+0.49 align=1.00
[E7] 3298/3456 (38435s) gpt2 L10H9 sign=+1.00 symD=1 V=push p=1 steps=24047: speed0=8.19e-02 speedT=1.53e-02 cos=+0.11 k=26 lam_top=-0.02 align=0.01
[E7] 3299/3456 (38441s) gpt2 L10H10 sign=+0.35 symD=1 V=push p=0 steps=5738: speed0=1.83e-01 speedT=1.10e-07 cos=+0.49 k=3 lam_top=-0.04 align=0.00
[E7] 3300/3456 (38454s) gpt2 L10H10 sign=+0.35 symD=1 V=push p=1 steps=6929: speed0=1.55e-01 speedT=1.91e-07 cos=+0.65 k=2 lam_top=-0.04 align=0.00
[E7] 3301/3456 (38458s) gpt2 L10H11 sign=+0.99 symD=0 V=sym p=0 steps=2918: speed0=3.06e-01 speedT=3.54e-07 cos=+1.00 k=1 lam_top=+0.61 align=1.00
[E7] 3302/3456 (38467s) gpt2 L10H11 sign=+0.99 symD=0 V=sym p=1 steps=3044: speed0=2.38e-01 speedT=3.03e-07 cos=+1.00 k=1 lam_top=+0.61 align=1.00
[E7] 3303/3456 (38473s) gpt2 L10H11 sign=+0.99 symD=0 V=full p=0 steps=13142: speed0=7.55e-02 speedT=5.33e-04 cos=+0.24 k=2 lam_top=+0.42 align=1.00
[E7] 3304/3456 (38484s) gpt2 L10H11 sign=+0.99 symD=0 V=full p=1 steps=14508: speed0=7.81e-02 speedT=1.27e-03 cos=+0.31 k=2 lam_top=+0.42 align=1.00
[E7] 3305/3456 (38492s) gpt2 L10H11 sign=+0.99 symD=0 V=push p=1 steps=6809: speed0=1.28e-01 speedT=1.29e-07 cos=+0.51 k=2 lam_top=-0.04 align=0.00
[E7] 3306/3456 (38507s) gpt2 L10H11 sign=+0.99 symD=0 V=push p=0 steps=14070: speed0=1.59e-01 speedT=1.28e-07 cos=+0.21 k=4 lam_top=-0.04 align=0.00
[E7] 3307/3456 (38509s) gpt2 L10H11 sign=+0.99 symD=1 V=sym p=0 steps=2930: speed0=3.09e-01 speedT=1.98e-07 cos=+1.00 k=1 lam_top=+0.61 align=1.00
[E7] 3308/3456 (38523s) gpt2 L10H11 sign=+0.99 symD=1 V=sym p=1 steps=3099: speed0=2.45e-01 speedT=3.59e-07 cos=+1.00 k=1 lam_top=+0.61 align=1.00
[E7] 3309/3456 (38532s) gpt2 L10H11 sign=+0.99 symD=1 V=full p=0 steps=13673: speed0=7.70e-02 speedT=7.47e-04 cos=+0.34 k=2 lam_top=+0.42 align=1.00
[E7] 3310/3456 (38548s) gpt2 L11H0 sign=+0.59 symD=0 V=full p=0 steps=4469: speed0=1.01e-01 speedT=1.23e-04 cos=+1.00 k=1 lam_top=+0.09 align=1.00
[E7] 3311/3456 (38549s) gpt2 L10H11 sign=+0.99 symD=1 V=full p=1 steps=15033: speed0=8.32e-02 speedT=1.32e-03 cos=+0.00 k=2 lam_top=+0.42 align=1.00
[E7] 3312/3456 (38554s) gpt2 L10H11 sign=+0.99 symD=1 V=push p=1 steps=6784: speed0=1.31e-01 speedT=1.58e-07 cos=+0.82 k=2 lam_top=-0.04 align=0.00
[E7] 3313/3456 (38561s) gpt2 L11H0 sign=+0.59 symD=0 V=sym p=0 steps=2331: speed0=2.39e-01 speedT=3.38e-07 cos=+1.00 k=1 lam_top=+0.49 align=1.00
[E7] 3314/3456 (38565s) gpt2 L11H0 sign=+0.59 symD=0 V=full p=1 steps=4476: speed0=8.65e-02 speedT=1.46e-04 cos=+1.00 k=1 lam_top=+0.09 align=1.00
[E7] 3315/3456 (38566s) gpt2 L11H0 sign=+0.59 symD=0 V=sym p=1 steps=2370: speed0=2.12e-01 speedT=3.15e-07 cos=+1.00 k=1 lam_top=+0.49 align=1.00
[E7] 3316/3456 (38583s) gpt2 L10H11 sign=+0.99 symD=1 V=push p=0 steps=16541: speed0=1.61e-01 speedT=9.97e-08 cos=+0.36 k=5 lam_top=-0.04 align=0.00
[E7] 3317/3456 (38587s) gpt2 L11H0 sign=+0.59 symD=1 V=full p=0 steps=4690: speed0=1.07e-01 speedT=1.35e-04 cos=+1.00 k=1 lam_top=+0.09 align=1.00
[E7] 3318/3456 (38600s) gpt2 L11H0 sign=+0.59 symD=1 V=sym p=0 steps=2298: speed0=2.42e-01 speedT=3.01e-07 cos=+1.00 k=1 lam_top=+0.49 align=1.00
[E7] 3319/3456 (38603s) gpt2 L11H0 sign=+0.59 symD=1 V=full p=1 steps=4622: speed0=9.71e-02 speedT=1.69e-04 cos=+1.00 k=1 lam_top=+0.09 align=1.00
[E7] 3320/3456 (38613s) gpt2 L11H0 sign=+0.59 symD=1 V=sym p=1 steps=2305: speed0=2.16e-01 speedT=3.45e-07 cos=+1.00 k=1 lam_top=+0.49 align=1.00
[E7] 3321/3456 (38627s) gpt2 L11H0 sign=+0.59 symD=0 V=push p=0 steps=18191: speed0=1.18e-01 speedT=7.05e-04 cos=+0.61 k=2 lam_top=-0.01 align=0.00
[E7] 3322/3456 (38637s) gpt2 L11H0 sign=+0.59 symD=1 V=push p=0 steps=8187: speed0=1.18e-01 speedT=5.29e-04 cos=+0.45 k=64 lam_top=-0.01 align=0.01
[E7] 3323/3456 (38656s) gpt2 L11H0 sign=+0.59 symD=1 V=push p=1 steps=10548: speed0=1.06e-01 speedT=3.01e-04 cos=+0.42 k=64 lam_top=-0.01 align=0.01
[E7] 3324/3456 (38671s) gpt2 L11H1 sign=+0.93 symD=0 V=sym p=0 steps=3317: speed0=2.32e-01 speedT=2.27e-07 cos=+1.00 k=1 lam_top=+0.57 align=1.00
[E7] 3325/3456 (38687s) gpt2 L11H1 sign=+0.93 symD=0 V=full p=0 steps=17733: speed0=3.97e-02 speedT=2.87e-02 cos=+1.00 k=1 lam_top=+0.35 align=1.00
[E7] 3326/3456 (38688s) gpt2 L11H1 sign=+0.93 symD=0 V=sym p=1 steps=3386: speed0=2.10e-01 speedT=2.32e-07 cos=+1.00 k=1 lam_top=+0.57 align=1.00
[E7] 3327/3456 (38695s) gpt2 L11H1 sign=+0.93 symD=0 V=full p=1 steps=17500: speed0=3.94e-02 speedT=3.60e-02 cos=+1.00 k=1 lam_top=+0.35 align=1.00
[E7] 3328/3456 (38704s) gpt2 L11H0 sign=+0.59 symD=0 V=push p=1 steps=37974: speed0=1.08e-01 speedT=3.48e-03 cos=-0.01 k=4 lam_top=-0.01 align=0.00
[E7] 3329/3456 (38706s) gpt2 L11H1 sign=+0.93 symD=0 V=push p=0 steps=5528: speed0=1.24e-01 speedT=1.79e-04 cos=+0.91 k=64 lam_top=-0.07 align=0.02
[E7] 3330/3456 (38708s) gpt2 L11H1 sign=+0.93 symD=0 V=push p=1 steps=5572: speed0=1.16e-01 speedT=5.67e-05 cos=+0.92 k=64 lam_top=-0.07 align=0.01
[E7] 3331/3456 (38724s) gpt2 L11H1 sign=+0.93 symD=1 V=sym p=0 steps=3237: speed0=2.48e-01 speedT=1.95e-07 cos=+1.00 k=1 lam_top=+0.57 align=1.00
[E7] 3332/3456 (38726s) gpt2 L11H1 sign=+0.93 symD=1 V=sym p=1 steps=3306: speed0=2.24e-01 speedT=3.27e-07 cos=+1.00 k=1 lam_top=+0.57 align=1.00
[E7] 3333/3456 (38751s) gpt2 L11H1 sign=+0.93 symD=1 V=push p=0 steps=5756: speed0=1.32e-01 speedT=1.59e-07 cos=+0.82 k=2 lam_top=-0.07 align=0.00
[E7] 3334/3456 (38755s) gpt2 L11H1 sign=+0.93 symD=1 V=push p=1 steps=6142: speed0=1.23e-01 speedT=1.59e-07 cos=+0.76 k=2 lam_top=-0.07 align=0.00
[E7] 3335/3456 (38771s) gpt2 L11H1 sign=+0.93 symD=1 V=full p=0 steps=17790: speed0=4.72e-02 speedT=2.78e-02 cos=+1.00 k=1 lam_top=+0.35 align=1.00
[E7] 3336/3456 (38777s) gpt2 L11H2 sign=+0.93 symD=0 V=full p=0 steps=7262: speed0=4.55e-02 speedT=3.71e-03 cos=+1.00 k=1 lam_top=+0.41 align=1.00
[E7] 3337/3456 (38778s) gpt2 L11H2 sign=+0.93 symD=0 V=full p=1 steps=6723: speed0=6.63e-02 speedT=7.36e-03 cos=+1.00 k=1 lam_top=+0.41 align=1.00
[E7] 3338/3456 (38779s) gpt2 L11H1 sign=+0.93 symD=1 V=full p=1 steps=17428: speed0=5.15e-02 speedT=3.70e-02 cos=+1.00 k=1 lam_top=+0.35 align=1.00
[E7] 3339/3456 (38797s) gpt2 L11H2 sign=+0.93 symD=0 V=sym p=0 steps=5019: speed0=1.60e-01 speedT=4.50e-06 cos=+1.00 k=1 lam_top=+0.65 align=1.00
[E7] 3340/3456 (38802s) gpt2 L11H2 sign=+0.93 symD=0 V=sym p=1 steps=4891: speed0=1.39e-01 speedT=9.08e-07 cos=+1.00 k=1 lam_top=+0.65 align=1.00
[E7] 3341/3456 (38821s) gpt2 L11H2 sign=+0.93 symD=0 V=push p=1 steps=10016: speed0=8.75e-02 speedT=6.81e-04 cos=+0.60 k=64 lam_top=-0.12 align=0.06
[E7] 3342/3456 (38830s) gpt2 L11H2 sign=+0.93 symD=0 V=push p=0 steps=12917: speed0=9.89e-02 speedT=2.33e-03 cos=+0.66 k=64 lam_top=-0.12 align=0.03
[E7] 3343/3456 (38830s) gpt2 L11H2 sign=+0.93 symD=1 V=full p=1 steps=6652: speed0=6.85e-02 speedT=7.84e-03 cos=+1.00 k=1 lam_top=+0.41 align=1.00
[E7] 3344/3456 (38831s) gpt2 L11H2 sign=+0.93 symD=1 V=full p=0 steps=7873: speed0=4.94e-02 speedT=2.64e-03 cos=+1.00 k=1 lam_top=+0.41 align=1.00
[E7] 3345/3456 (38849s) gpt2 L11H2 sign=+0.93 symD=1 V=sym p=0 steps=5012: speed0=1.63e-01 speedT=4.11e-06 cos=+1.00 k=1 lam_top=+0.65 align=1.00
[E7] 3346/3456 (38853s) gpt2 L11H2 sign=+0.93 symD=1 V=push p=0 steps=5359: speed0=1.02e-01 speedT=2.70e-04 cos=+0.56 k=64 lam_top=-0.12 align=0.02
[E7] 3347/3456 (38856s) gpt2 L11H2 sign=+0.93 symD=1 V=sym p=1 steps=4949: speed0=1.43e-01 speedT=8.48e-07 cos=+1.00 k=1 lam_top=+0.65 align=1.00
[E7] 3348/3456 (38860s) gpt2 L11H2 sign=+0.93 symD=1 V=push p=1 steps=6405: speed0=9.10e-02 speedT=3.70e-04 cos=+0.49 k=64 lam_top=-0.12 align=0.01
[E7] 3349/3456 (38866s) gpt2 L11H3 sign=+1.00 symD=0 V=full p=0 steps=4867: speed0=8.40e-02 speedT=1.40e-07 cos=+1.00 k=1 lam_top=+0.70 align=1.00
[E7] 3350/3456 (38872s) gpt2 L11H3 sign=+1.00 symD=0 V=full p=1 steps=5570: speed0=1.02e-01 speedT=1.40e-07 cos=+1.00 k=1 lam_top=+0.70 align=1.00
[E7] 3351/3456 (38877s) gpt2 L11H3 sign=+1.00 symD=0 V=sym p=0 steps=4163: speed0=2.11e-01 speedT=4.15e-07 cos=+1.00 k=1 lam_top=+0.77 align=1.00
[E7] 3352/3456 (38880s) gpt2 L11H3 sign=+1.00 symD=0 V=sym p=1 steps=4509: speed0=1.72e-01 speedT=2.57e-07 cos=+1.00 k=1 lam_top=+0.77 align=1.00
[E7] 3353/3456 (38892s) gpt2 L11H3 sign=+1.00 symD=1 V=full p=0 steps=4621: speed0=7.58e-02 speedT=1.46e-07 cos=+1.00 k=1 lam_top=+0.70 align=1.00
[E7] 3354/3456 (38900s) gpt2 L11H3 sign=+1.00 symD=1 V=full p=1 steps=5389: speed0=1.05e-01 speedT=1.43e-07 cos=+1.00 k=1 lam_top=+0.70 align=1.00
[E7] 3355/3456 (38912s) gpt2 L11H3 sign=+1.00 symD=0 V=push p=0 steps=13215: speed0=7.56e-02 speedT=4.56e-04 cos=+0.45 k=10 lam_top=-0.02 align=0.00
[E7] 3356/3456 (38914s) gpt2 L11H3 sign=+1.00 symD=1 V=sym p=0 steps=4164: speed0=2.11e-01 speedT=2.54e-07 cos=+1.00 k=1 lam_top=+0.77 align=1.00
[E7] 3357/3456 (38927s) gpt2 L11H3 sign=+1.00 symD=1 V=sym p=1 steps=4900: speed0=1.79e-01 speedT=2.88e-07 cos=+1.00 k=1 lam_top=+0.77 align=1.00
[E7] 3358/3456 (38949s) gpt2 L11H4 sign=+0.62 symD=0 V=full p=0 steps=6301: speed0=3.00e-02 speedT=1.96e-04 cos=+1.00 k=1 lam_top=+0.09 align=1.00
[E7] 3359/3456 (38956s) gpt2 L11H3 sign=+1.00 symD=0 V=push p=1 steps=23651: speed0=7.01e-02 speedT=4.63e-05 cos=+0.92 k=7 lam_top=-0.02 align=0.03
[E7] 3360/3456 (38969s) gpt2 L11H4 sign=+0.62 symD=0 V=sym p=0 steps=2371: speed0=3.25e-01 speedT=3.17e-07 cos=+1.00 k=1 lam_top=+0.51 align=1.00
[E7] 3361/3456 (38973s) gpt2 L11H4 sign=+0.62 symD=0 V=full p=1 steps=6549: speed0=3.28e-02 speedT=1.30e-04 cos=+1.00 k=1 lam_top=+0.09 align=1.00
[E7] 3362/3456 (38980s) gpt2 L11H3 sign=+1.00 symD=1 V=push p=1 steps=14652: speed0=7.19e-02 speedT=1.22e-03 cos=+0.11 k=60 lam_top=-0.02 align=0.01
[E7] 3363/3456 (38981s) gpt2 L11H4 sign=+0.62 symD=0 V=sym p=1 steps=2375: speed0=2.79e-01 speedT=2.53e-07 cos=+1.00 k=1 lam_top=+0.51 align=1.00
[E7] 3364/3456 (39008s) gpt2 L11H4 sign=+0.62 symD=1 V=full p=0 steps=5952: speed0=3.00e-02 speedT=1.77e-04 cos=+1.00 k=1 lam_top=+0.09 align=1.00
[E7] 3365/3456 (39032s) gpt2 L11H4 sign=+0.62 symD=1 V=full p=1 steps=5552: speed0=3.28e-02 speedT=2.27e-09 cos=+0.65 k=2 lam_top=+0.09 align=0.12
[E7] 3366/3456 (39045s) gpt2 L11H3 sign=+1.00 symD=1 V=push p=0 steps=27918: speed0=7.54e-02 speedT=1.55e-03 cos=-0.01 k=14 lam_top=-0.02 align=0.00
[E7] 3367/3456 (39046s) gpt2 L11H4 sign=+0.62 symD=1 V=sym p=0 steps=2371: speed0=3.23e-01 speedT=2.49e-07 cos=+1.00 k=1 lam_top=+0.51 align=1.00
[E7] 3368/3456 (39059s) gpt2 L11H4 sign=+0.62 symD=1 V=sym p=1 steps=2383: speed0=2.80e-01 speedT=3.09e-07 cos=+1.00 k=1 lam_top=+0.51 align=1.00
[E7] 3369/3456 (39134s) gpt2 L11H4 sign=+0.62 symD=1 V=push p=0 steps=19965: speed0=1.97e-01 speedT=6.25e-04 cos=+0.00 k=18 lam_top=-0.03 align=0.00
[E7] 3370/3456 (39177s) gpt2 L11H4 sign=+0.62 symD=0 V=push p=0 steps=54695: speed0=1.99e-01 speedT=1.09e-01 cos=+0.22 k=49 lam_top=-0.03 align=0.03
[E7] 3371/3456 (39220s) gpt2 L11H5 sign=+0.85 symD=0 V=full p=0 steps=25008: speed0=3.60e-02 speedT=6.05e-02 cos=+1.00 k=1 lam_top=+0.26 align=1.00
[E7] 3372/3456 (39237s) gpt2 L11H5 sign=+0.85 symD=0 V=sym p=0 steps=3270: speed0=2.53e-01 speedT=2.55e-07 cos=+1.00 k=1 lam_top=+0.55 align=1.00
[E7] 3373/3456 (39253s) gpt2 L11H5 sign=+0.85 symD=0 V=sym p=1 steps=3286: speed0=2.37e-01 speedT=3.38e-07 cos=+1.00 k=1 lam_top=+0.55 align=1.00
[E7] 3374/3456 (39269s) gpt2 L11H5 sign=+0.85 symD=0 V=full p=1 steps=25469: speed0=5.44e-02 speedT=5.82e-02 cos=+1.00 k=1 lam_top=+0.26 align=1.00
[E7] 3375/3456 (39284s) gpt2 L11H5 sign=+0.85 symD=0 V=push p=0 steps=8404: speed0=1.45e-01 speedT=2.12e-07 cos=+0.76 k=2 lam_top=-0.09 align=0.00
[E7] 3376/3456 (39292s) gpt2 L11H5 sign=+0.85 symD=0 V=push p=1 steps=5735: speed0=1.34e-01 speedT=1.48e-07 cos=+0.94 k=2 lam_top=-0.09 align=0.00
[E7] 3377/3456 (39347s) gpt2 L11H4 sign=+0.62 symD=1 V=push p=1 steps=65394: speed0=1.78e-01 speedT=7.65e-03 cos=+0.11 k=53 lam_top=-0.03 align=0.01
[E7] 3378/3456 (39365s) gpt2 L11H5 sign=+0.85 symD=1 V=sym p=0 steps=3265: speed0=2.50e-01 speedT=3.55e-07 cos=+1.00 k=1 lam_top=+0.55 align=1.00
[E7] 3379/3456 (39383s) gpt2 L11H5 sign=+0.85 symD=1 V=sym p=1 steps=3257: speed0=2.39e-01 speedT=4.63e-07 cos=+1.00 k=1 lam_top=+0.55 align=1.00
[E7] 3380/3456 (39390s) gpt2 L11H5 sign=+0.85 symD=1 V=full p=0 steps=24767: speed0=3.14e-02 speedT=5.84e-02 cos=+1.00 k=1 lam_top=+0.26 align=1.00
[E7] 3381/3456 (39399s) gpt2 L11H5 sign=+0.85 symD=1 V=full p=1 steps=25234: speed0=5.46e-02 speedT=6.27e-02 cos=+1.00 k=1 lam_top=+0.26 align=1.00
[E7] 3382/3456 (39407s) gpt2 L11H5 sign=+0.85 symD=1 V=push p=0 steps=5743: speed0=1.43e-01 speedT=3.65e-07 cos=+0.08 k=2 lam_top=-0.09 align=0.00
[E7] 3383/3456 (39414s) gpt2 L11H5 sign=+0.85 symD=1 V=push p=1 steps=5781: speed0=1.35e-01 speedT=4.02e-07 cos=+0.18 k=2 lam_top=-0.09 align=0.00
[E7] 3384/3456 (39429s) gpt2 L11H6 sign=+0.66 symD=0 V=sym p=0 steps=3422: speed0=2.69e-01 speedT=2.54e-07 cos=+1.00 k=1 lam_top=+0.57 align=1.00
[E7] 3385/3456 (39446s) gpt2 L11H6 sign=+0.66 symD=0 V=sym p=1 steps=3453: speed0=2.42e-01 speedT=2.22e-07 cos=+1.00 k=1 lam_top=+0.57 align=1.00
[E7] 3386/3456 (39479s) gpt2 L11H6 sign=+0.66 symD=0 V=full p=0 steps=24025: speed0=4.22e-02 speedT=1.81e-02 cos=+1.00 k=1 lam_top=+0.27 align=1.00
[E7] 3387/3456 (39489s) gpt2 L11H6 sign=+0.66 symD=0 V=full p=1 steps=24006: speed0=5.30e-02 speedT=3.19e-02 cos=+1.00 k=1 lam_top=+0.27 align=1.00
[E7] 3388/3456 (39500s) gpt2 L11H6 sign=+0.66 symD=0 V=push p=0 steps=15107: speed0=1.70e-01 speedT=3.28e-03 cos=+0.38 k=64 lam_top=-0.13 align=0.02
[E7] 3389/3456 (39549s) gpt2 L11H6 sign=+0.66 symD=0 V=push p=1 steps=18790: speed0=1.54e-01 speedT=1.07e-02 cos=+0.39 k=64 lam_top=-0.13 align=0.03
[E7] 3390/3456 (39567s) gpt2 L11H6 sign=+0.66 symD=1 V=sym p=0 steps=3446: speed0=2.74e-01 speedT=4.10e-07 cos=+1.00 k=1 lam_top=+0.57 align=1.00
[E7] 3391/3456 (39585s) gpt2 L11H6 sign=+0.66 symD=1 V=sym p=1 steps=3470: speed0=2.44e-01 speedT=2.75e-07 cos=+1.00 k=1 lam_top=+0.57 align=1.00
[E7] 3392/3456 (39594s) gpt2 L11H6 sign=+0.66 symD=1 V=full p=0 steps=23981: speed0=4.37e-02 speedT=1.84e-02 cos=+1.00 k=1 lam_top=+0.27 align=1.00
[E7] 3393/3456 (39606s) gpt2 L11H6 sign=+0.66 symD=1 V=full p=1 steps=24344: speed0=4.98e-02 speedT=6.08e-02 cos=+1.00 k=1 lam_top=+0.27 align=1.00
[E7] 3394/3456 (39619s) gpt2 L11H6 sign=+0.66 symD=1 V=push p=0 steps=6944: speed0=1.74e-01 speedT=2.09e-04 cos=+0.55 k=64 lam_top=-0.13 align=0.02
[E7] 3395/3456 (39621s) gpt2 L11H7 sign=+0.84 symD=0 V=full p=0 steps=4051: speed0=3.90e-02 speedT=9.26e-08 cos=+1.00 k=1 lam_top=+0.43 align=1.00
[E7] 3396/3456 (39629s) gpt2 L11H6 sign=+0.66 symD=1 V=push p=1 steps=7575: speed0=1.56e-01 speedT=3.07e-04 cos=+0.46 k=64 lam_top=-0.13 align=0.02
[E7] 3397/3456 (39631s) gpt2 L11H7 sign=+0.84 symD=0 V=full p=1 steps=3567: speed0=4.81e-02 speedT=1.63e-07 cos=+1.00 k=1 lam_top=+0.43 align=1.00
[E7] 3398/3456 (39640s) gpt2 L11H7 sign=+0.84 symD=0 V=sym p=0 steps=4079: speed0=2.39e-01 speedT=2.17e-07 cos=+1.00 k=1 lam_top=+0.66 align=1.00
[E7] 3399/3456 (39652s) gpt2 L11H7 sign=+0.84 symD=0 V=sym p=1 steps=4733: speed0=2.22e-01 speedT=2.39e-07 cos=+1.00 k=1 lam_top=+0.66 align=1.00
[E7] 3400/3456 (39660s) gpt2 L11H7 sign=+0.84 symD=0 V=push p=0 steps=7706: speed0=1.30e-01 speedT=2.82e-07 cos=+0.08 k=2 lam_top=-0.09 align=0.00
[E7] 3401/3456 (39666s) gpt2 L11H7 sign=+0.84 symD=0 V=push p=1 steps=6982: speed0=1.20e-01 speedT=2.85e-07 cos=+0.76 k=2 lam_top=-0.09 align=0.00
[E7] 3402/3456 (39667s) gpt2 L11H7 sign=+0.84 symD=1 V=full p=0 steps=3659: speed0=4.54e-02 speedT=1.20e-07 cos=+1.00 k=1 lam_top=+0.43 align=1.00
[E7] 3403/3456 (39673s) gpt2 L11H7 sign=+0.84 symD=1 V=full p=1 steps=3702: speed0=5.48e-02 speedT=1.56e-07 cos=+1.00 k=1 lam_top=+0.43 align=1.00
[E7] 3404/3456 (39684s) gpt2 L11H7 sign=+0.84 symD=1 V=sym p=0 steps=3777: speed0=2.59e-01 speedT=2.17e-07 cos=+1.00 k=1 lam_top=+0.66 align=1.00
[E7] 3405/3456 (39686s) gpt2 L11H7 sign=+0.84 symD=1 V=sym p=1 steps=3869: speed0=2.33e-01 speedT=2.39e-07 cos=+1.00 k=1 lam_top=+0.66 align=1.00
[E7] 3406/3456 (39709s) gpt2 L11H7 sign=+0.84 symD=1 V=push p=0 steps=8074: speed0=1.37e-01 speedT=3.07e-07 cos=+0.82 k=2 lam_top=-0.09 align=0.00
[E7] 3407/3456 (39712s) gpt2 L11H8 sign=+0.29 symD=0 V=full p=0 steps=6937: speed0=2.06e-02 speedT=1.23e-07 cos=+0.38 k=2 lam_top=+0.01 align=0.36
[E7] 3408/3456 (39717s) gpt2 L11H7 sign=+0.84 symD=1 V=push p=1 steps=7188: speed0=1.23e-01 speedT=2.88e-07 cos=+0.38 k=2 lam_top=-0.09 align=0.00
[E7] 3409/3456 (39726s) gpt2 L11H8 sign=+0.29 symD=0 V=full p=1 steps=5206: speed0=2.25e-02 speedT=5.68e-08 cos=+0.51 k=2 lam_top=+0.01 align=0.36
[E7] 3410/3456 (39728s) gpt2 L11H8 sign=+0.29 symD=0 V=sym p=0 steps=3669: speed0=2.04e-01 speedT=2.42e-07 cos=+0.94 k=2 lam_top=+0.37 align=0.00
[E7] 3411/3456 (39735s) gpt2 L11H8 sign=+0.29 symD=0 V=sym p=1 steps=4086: speed0=1.67e-01 speedT=2.58e-07 cos=+0.94 k=2 lam_top=+0.37 align=0.00
[E7] 3412/3456 (39743s) gpt2 L11H8 sign=+0.29 symD=0 V=push p=0 steps=4421: speed0=1.48e-01 speedT=1.98e-07 cos=+0.42 k=2 lam_top=-0.00 align=0.00
[E7] 3413/3456 (39744s) gpt2 L11H8 sign=+0.29 symD=0 V=push p=1 steps=4089: speed0=1.21e-01 speedT=1.98e-07 cos=+0.03 k=2 lam_top=-0.00 align=0.00
[E7] 3414/3456 (39765s) gpt2 L11H8 sign=+0.29 symD=1 V=full p=0 steps=6760: speed0=1.72e-02 speedT=5.61e-08 cos=-0.01 k=2 lam_top=+0.01 align=0.36
[E7] 3415/3456 (39766s) gpt2 L11H8 sign=+0.29 symD=1 V=sym p=0 steps=3643: speed0=2.11e-01 speedT=2.25e-07 cos=+0.94 k=2 lam_top=+0.37 align=0.00
[E7] 3416/3456 (39772s) gpt2 L11H8 sign=+0.29 symD=1 V=full p=1 steps=6772: speed0=2.22e-02 speedT=1.22e-07 cos=+0.00 k=2 lam_top=+0.01 align=0.36
[E7] 3417/3456 (39780s) gpt2 L11H4 sign=+0.62 symD=0 V=push p=1 steps=216430: speed0=1.78e-01 speedT=3.28e-01 cos=+0.06 k=5 lam_top=-0.03 align=0.00
[E7] 3418/3456 (39783s) gpt2 L11H8 sign=+0.29 symD=1 V=push p=0 steps=4010: speed0=1.55e-01 speedT=1.98e-07 cos=+0.94 k=2 lam_top=-0.00 align=0.00
[E7] 3419/3456 (39784s) gpt2 L11H8 sign=+0.29 symD=1 V=sym p=1 steps=3744: speed0=1.90e-01 speedT=2.46e-07 cos=+0.94 k=2 lam_top=+0.37 align=0.00
[E7] 3420/3456 (39790s) gpt2 L11H8 sign=+0.29 symD=1 V=push p=1 steps=4227: speed0=1.42e-01 speedT=1.98e-07 cos=+0.88 k=2 lam_top=-0.00 align=0.00
[E7] 3421/3456 (39801s) gpt2 L11H9 sign=+0.87 symD=0 V=sym p=0 steps=3475: speed0=2.11e-01 speedT=2.11e-07 cos=+1.00 k=1 lam_top=+0.56 align=1.00
[E7] 3422/3456 (39807s) gpt2 L11H9 sign=+0.87 symD=0 V=sym p=1 steps=3508: speed0=1.97e-01 speedT=3.12e-07 cos=+1.00 k=1 lam_top=+0.56 align=1.00
[E7] 3423/3456 (39811s) gpt2 L11H9 sign=+0.87 symD=0 V=full p=0 steps=8691: speed0=3.64e-02 speedT=2.68e-05 cos=+1.00 k=1 lam_top=+0.30 align=1.00
[E7] 3424/3456 (39826s) gpt2 L11H9 sign=+0.87 symD=0 V=push p=0 steps=6905: speed0=1.24e-01 speedT=2.58e-07 cos=+0.94 k=2 lam_top=-0.11 align=0.00
[E7] 3425/3456 (39844s) gpt2 L11H9 sign=+0.87 symD=0 V=full p=1 steps=16912: speed0=3.76e-02 speedT=3.83e-04 cos=+1.00 k=1 lam_top=+0.30 align=1.00
[E7] 3426/3456 (39846s) gpt2 L11H9 sign=+0.87 symD=1 V=full p=0 steps=8041: speed0=2.61e-02 speedT=1.98e-05 cos=+1.00 k=1 lam_top=+0.30 align=1.00
[E7] 3427/3456 (39851s) gpt2 L11H9 sign=+0.87 symD=0 V=push p=1 steps=11572: speed0=1.15e-01 speedT=2.59e-07 cos=+0.94 k=2 lam_top=-0.11 align=0.00
[E7] 3428/3456 (39862s) gpt2 L11H9 sign=+0.87 symD=1 V=sym p=0 steps=3416: speed0=2.04e-01 speedT=2.13e-07 cos=+1.00 k=1 lam_top=+0.56 align=1.00
[E7] 3429/3456 (39862s) gpt2 L11H9 sign=+0.87 symD=1 V=full p=1 steps=8916: speed0=3.46e-02 speedT=2.15e-05 cos=+1.00 k=1 lam_top=+0.30 align=1.00
[E7] 3430/3456 (39862s) gpt2 L11H9 sign=+0.87 symD=1 V=sym p=1 steps=3461: speed0=1.95e-01 speedT=2.86e-07 cos=+1.00 k=1 lam_top=+0.56 align=1.00
[E7] 3431/3456 (39873s) gpt2 L11H9 sign=+0.87 symD=1 V=push p=0 steps=5568: speed0=1.21e-01 speedT=2.25e-07 cos=+0.82 k=2 lam_top=-0.11 align=0.00
[E7] 3432/3456 (39882s) gpt2 L11H10 sign=+1.00 symD=0 V=full p=1 steps=5823: speed0=4.73e-02 speedT=3.61e-05 cos=+1.00 k=1 lam_top=+0.44 align=1.00
[E7] 3433/3456 (39886s) gpt2 L11H9 sign=+0.87 symD=1 V=push p=1 steps=5353: speed0=1.15e-01 speedT=2.10e-07 cos=+0.88 k=2 lam_top=-0.11 align=0.00
[E7] 3434/3456 (39890s) gpt2 L11H10 sign=+1.00 symD=0 V=full p=0 steps=8076: speed0=3.36e-02 speedT=7.36e-05 cos=+1.00 k=1 lam_top=+0.44 align=1.00
[E7] 3435/3456 (39897s) gpt2 L11H10 sign=+1.00 symD=0 V=sym p=0 steps=4964: speed0=1.52e-01 speedT=1.78e-07 cos=+1.00 k=1 lam_top=+0.61 align=1.00
[E7] 3436/3456 (39902s) gpt2 L11H10 sign=+1.00 symD=0 V=push p=0 steps=4106: speed0=8.15e-02 speedT=2.03e-07 cos=+0.94 k=2 lam_top=-0.04 align=0.00
[E7] 3437/3456 (39904s) gpt2 L11H10 sign=+1.00 symD=0 V=push p=1 steps=3833: speed0=7.70e-02 speedT=2.03e-07 cos=+0.94 k=2 lam_top=-0.04 align=0.00
[E7] 3438/3456 (39906s) gpt2 L11H10 sign=+1.00 symD=0 V=sym p=1 steps=4955: speed0=1.49e-01 speedT=3.79e-07 cos=+1.00 k=1 lam_top=+0.61 align=1.00
[E7] 3439/3456 (39929s) gpt2 L11H10 sign=+1.00 symD=1 V=full p=1 steps=5753: speed0=4.92e-02 speedT=3.44e-05 cos=+1.00 k=1 lam_top=+0.44 align=1.00
[E7] 3440/3456 (39934s) gpt2 L11H10 sign=+1.00 symD=1 V=sym p=1 steps=4916: speed0=1.53e-01 speedT=2.65e-07 cos=+1.00 k=1 lam_top=+0.61 align=1.00
[E7] 3441/3456 (39935s) gpt2 L11H10 sign=+1.00 symD=1 V=sym p=0 steps=5205: speed0=1.55e-01 speedT=3.95e-07 cos=+1.00 k=1 lam_top=+0.61 align=1.00
[E7] 3442/3456 (39951s) gpt2 L11H10 sign=+1.00 symD=1 V=full p=0 steps=12165: speed0=3.46e-02 speedT=2.22e-03 cos=+1.00 k=1 lam_top=+0.44 align=0.98
[E7] 3443/3456 (39953s) gpt2 L11H11 sign=+0.99 symD=0 V=full p=0 steps=5037: speed0=1.61e-02 speedT=1.73e-06 cos=+1.00 k=1 lam_top=+0.14 align=1.00
[E7] 3444/3456 (39957s) gpt2 L11H10 sign=+1.00 symD=1 V=push p=1 steps=5346: speed0=7.86e-02 speedT=2.01e-07 cos=+0.56 k=2 lam_top=-0.04 align=0.00
[E7] 3445/3456 (39962s) gpt2 L11H10 sign=+1.00 symD=1 V=push p=0 steps=7409: speed0=8.31e-02 speedT=3.60e-07 cos=+0.60 k=2 lam_top=-0.04 align=0.00
[E7] 3446/3456 (39966s) gpt2 L11H11 sign=+0.99 symD=0 V=sym p=0 steps=2766: speed0=1.63e-01 speedT=3.26e-07 cos=+1.00 k=1 lam_top=+0.48 align=1.00
[E7] 3447/3456 (39967s) gpt2 L11H11 sign=+0.99 symD=0 V=full p=1 steps=5016: speed0=2.44e-02 speedT=1.31e-05 cos=+1.00 k=1 lam_top=+0.14 align=1.00
[E7] 3448/3456 (39970s) gpt2 L11H11 sign=+0.99 symD=0 V=sym p=1 steps=2736: speed0=1.63e-01 speedT=2.21e-07 cos=+1.00 k=1 lam_top=+0.48 align=1.00
[E7] 3449/3456 (39981s) gpt2 L11H11 sign=+0.99 symD=0 V=push p=1 steps=4124: speed0=1.02e-01 speedT=1.67e-07 cos=-0.02 k=2 lam_top=-0.01 align=0.00
[E7] 3450/3456 (39984s) gpt2 L11H11 sign=+0.99 symD=0 V=push p=0 steps=5644: speed0=1.01e-01 speedT=1.67e-07 cos=+0.24 k=2 lam_top=-0.01 align=0.00
[E7] 3451/3456 (39990s) gpt2 L11H11 sign=+0.99 symD=1 V=full p=0 steps=5395: speed0=1.80e-02 speedT=9.92e-06 cos=+1.00 k=1 lam_top=+0.14 align=1.00
[E7] 3452/3456 (39990s) gpt2 L11H11 sign=+0.99 symD=1 V=full p=1 steps=4792: speed0=2.17e-02 speedT=6.75e-06 cos=+1.00 k=1 lam_top=+0.14 align=1.00
[E7] 3453/3456 (39996s) gpt2 L11H11 sign=+0.99 symD=1 V=sym p=0 steps=2712: speed0=1.78e-01 speedT=3.29e-07 cos=+1.00 k=1 lam_top=+0.48 align=1.00
[E7] 3454/3456 (39999s) gpt2 L11H11 sign=+0.99 symD=1 V=sym p=1 steps=2697: speed0=1.64e-01 speedT=3.00e-07 cos=+1.00 k=1 lam_top=+0.48 align=1.00
[E7] 3455/3456 (40004s) gpt2 L11H11 sign=+0.99 symD=1 V=push p=1 steps=4570: speed0=1.04e-01 speedT=1.67e-07 cos=+0.08 k=2 lam_top=-0.01 align=0.00
[E7] 3456/3456 (40004s) gpt2 L11H11 sign=+0.99 symD=1 V=push p=0 steps=5098: speed0=1.10e-01 speedT=1.67e-07 cos=+0.42 k=2 lam_top=-0.01 align=0.00

saved results/review/E7_trained_heads.json
